{"type":"FeatureCollection","features":[{"type":"Feature","properties":{"colonia_id":1,"nombre":"17 DE MARZO","cp":68018,"demarcacion_principal":"Trinidad de Viguera","partida":false,"secciones":["0616"]},"geometry":{"type":"Polygon","coordinates":[[[-96.746301,17.113093],[-96.743639,17.114305],[-96.742149,17.114449],[-96.744112,17.110665],[-96.744204,17.110314],[-96.744297,17.110496],[-96.744662,17.110462],[-96.745199,17.111021],[-96.745105,17.11145],[-96.745593,17.112118],[-96.745918,17.112422],[-96.746301,17.113093]]]}},{"type":"Feature","properties":{"colonia_id":2,"nombre":"21 DE MARZO","cp":68018,"demarcacion_principal":"Trinidad de Viguera","partida":false,"secciones":["0616"]},"geometry":{"type":"Polygon","coordinates":[[[-96.750371,17.108859],[-96.750618,17.109415],[-96.750696,17.110937],[-96.746301,17.113093],[-96.745918,17.112422],[-96.745593,17.112118],[-96.745105,17.11145],[-96.745199,17.111021],[-96.744662,17.110462],[-96.745027,17.110427],[-96.74571,17.110535],[-96.745985,17.110641],[-96.745986,17.110849],[-96.746055,17.110916],[-96.746652,17.110651],[-96.746977,17.110427],[-96.747586,17.11029],[-96.747971,17.110329],[-96.748231,17.109794],[-96.748581,17.10957],[-96.749366,17.10918],[-96.750371,17.108859]]]}},{"type":"Feature","properties":{"colonia_id":3,"nombre":"9 DE MAYO","cp":68018,"demarcacion_principal":"Pueblo Nuevo","partida":false,"secciones":["0471"]},"geometry":{"type":"Polygon","coordinates":[[[-96.753293,17.119045],[-96.756907,17.117598],[-96.756773,17.117866],[-96.756745,17.118087],[-96.756974,17.120348],[-96.756157,17.120487],[-96.755099,17.120868],[-96.755026,17.120507],[-96.753194,17.12036],[-96.753293,17.119045]]]}},{"type":"Feature","properties":{"colonia_id":4,"nombre":"ADOLFO LOPEZ MATEOS","cp":68030,"demarcacion_principal":"Cabecera Municipal","partida":false,"secciones":["0523"]},"geometry":{"type":"Polygon","coordinates":[[[-96.74131,17.084645],[-96.741144,17.084278],[-96.741418,17.083257],[-96.741296,17.082971],[-96.743341,17.082166],[-96.744071,17.0839],[-96.74131,17.084645]]]}},{"type":"Feature","properties":{"colonia_id":5,"nombre":"ALAMOS","cp":68036,"demarcacion_principal":"Montoya","partida":false,"secciones":["2481"]},"geometry":{"type":"Polygon","coordinates":[[[-96.763833,17.067214],[-96.763717,17.067416],[-96.76315,17.067766],[-96.761718,17.067789],[-96.761363,17.067838],[-96.761539,17.066692],[-96.758984,17.066269],[-96.759239,17.064084],[-96.761202,17.064256],[-96.762331,17.064163],[-96.762488,17.0615],[-96.768347,17.061506],[-96.768696,17.067363],[-96.768345,17.067408],[-96.768165,17.067377],[-96.767682,17.067545],[-96.766174,17.067162],[-96.766139,17.067091],[-96.765812,17.066913],[-96.765623,17.06626],[-96.765524,17.066117],[-96.765336,17.065993],[-96.765122,17.065952],[-96.764737,17.066064],[-96.764548,17.066263],[-96.764338,17.066394],[-96.763798,17.066608],[-96.763833,17.067214]]]}},{"type":"Feature","properties":{"colonia_id":6,"nombre":"ALEMAN 2A SECCION","cp":68010,"demarcacion_principal":"Santa Rosa Panzacola","partida":true,"secciones":["0501","0523"]},"geometry":{"type":"Polygon","coordinates":[[[-96.738515,17.083928],[-96.738878,17.083855],[-96.738858,17.083764],[-96.739099,17.083784],[-96.740005,17.083499],[-96.741296,17.082971],[-96.741418,17.083257],[-96.741051,17.084546],[-96.740939,17.084709],[-96.740302,17.085148],[-96.740103,17.085349],[-96.740054,17.085488],[-96.740134,17.085783],[-96.740671,17.086081],[-96.741149,17.08725],[-96.741118,17.0874],[-96.740518,17.087168],[-96.73989,17.086845],[-96.739944,17.08719],[-96.73979,17.087694],[-96.739727,17.087377],[-96.739574,17.087105],[-96.739183,17.086738],[-96.73876,17.086439],[-96.738692,17.086085],[-96.738474,17.086237],[-96.738392,17.086357],[-96.738368,17.086495],[-96.738445,17.086605],[-96.737937,17.086313],[-96.737662,17.086323],[-96.737633,17.08605],[-96.737814,17.08582],[-96.737923,17.085525],[-96.73788,17.085178],[-96.737913,17.084982],[-96.738241,17.084487],[-96.738515,17.083928]]]}},{"type":"Feature","properties":{"colonia_id":7,"nombre":"AMERICA NORTE","cp":68050,"demarcacion_principal":"Cabecera Municipal","partida":false,"secciones":["0552"]},"geometry":{"type":"Polygon","coordinates":[[[-96.708855,17.072741],[-96.707223,17.072674],[-96.707562,17.069896],[-96.71022,17.070125],[-96.710152,17.072433],[-96.708908,17.072287],[-96.708855,17.072741]]]}},{"type":"Feature","properties":{"colonia_id":8,"nombre":"AMERICA SUR","cp":68050,"demarcacion_principal":"Cabecera Municipal","partida":false,"secciones":["0553"]},"geometry":{"type":"Polygon","coordinates":[[[-96.713628,17.070417],[-96.707562,17.069896],[-96.707611,17.069764],[-96.707577,17.069468],[-96.707436,17.068865],[-96.70734,17.068146],[-96.70739,17.068121],[-96.707317,17.067477],[-96.707381,17.066612],[-96.708675,17.066637],[-96.708678,17.066436],[-96.710346,17.066164],[-96.710331,17.06492],[-96.711224,17.064972],[-96.71124,17.064862],[-96.712267,17.064987],[-96.712256,17.065057],[-96.714297,17.065308],[-96.713628,17.070417]]]}},{"type":"Feature","properties":{"colonia_id":9,"nombre":"AMPLIACION  PUEBLO NUEVO PARTE ALTA","cp":68018,"demarcacion_principal":"Trinidad de Viguera","partida":false,"secciones":["0616"]},"geometry":{"type":"Polygon","coordinates":[[[-96.750296,17.118929],[-96.75024,17.118904],[-96.750264,17.118789],[-96.749986,17.118781],[-96.749573,17.118649],[-96.749787,17.117731],[-96.750473,17.117839],[-96.750296,17.118929]]]}},{"type":"Feature","properties":{"colonia_id":10,"nombre":"AMPLIACION 7 REGIONES","cp":68023,"demarcacion_principal":"Cabecera Municipal","partida":false,"secciones":["0493"]},"geometry":{"type":"Polygon","coordinates":[[[-96.69396,17.094262],[-96.692434,17.093464],[-96.692756,17.092635],[-96.693467,17.092928],[-96.694206,17.093092],[-96.694113,17.093719],[-96.69396,17.094262]]]}},{"type":"Feature","properties":{"colonia_id":11,"nombre":"AMPLIACION DOLORES","cp":68020,"demarcacion_principal":"Dolores","partida":false,"secciones":["0495","0514"]},"geometry":{"type":"Polygon","coordinates":[[[-96.699627,17.091618],[-96.697564,17.085497],[-96.698756,17.085211],[-96.698987,17.086016],[-96.699431,17.08722],[-96.699532,17.087298],[-96.699699,17.08756],[-96.69991,17.088736],[-96.700083,17.089119],[-96.700132,17.089561],[-96.700752,17.090175],[-96.70094,17.090974],[-96.701224,17.091496],[-96.70065,17.091463],[-96.70038,17.091573],[-96.699627,17.091618]]]}},{"type":"Feature","properties":{"colonia_id":12,"nombre":"AMPLIACION JARDIN","cp":68023,"demarcacion_principal":"Cabecera Municipal","partida":false,"secciones":["0493"]},"geometry":{"type":"Polygon","coordinates":[[[-96.696244,17.096933],[-96.696083,17.096683],[-96.696036,17.096797],[-96.694379,17.096394],[-96.694386,17.096134],[-96.693892,17.09546],[-96.693672,17.095407],[-96.694114,17.093653],[-96.694716,17.093738],[-96.697633,17.094429],[-96.696885,17.096335],[-96.696244,17.096933]]]}},{"type":"Feature","properties":{"colonia_id":13,"nombre":"AMPLIACION MOCTEZUMA","cp":68140,"demarcacion_principal":"San Martín Mexicapam de Cárdenas","partida":false,"secciones":["0578","0579"]},"geometry":{"type":"Polygon","coordinates":[[[-96.762785,17.056447],[-96.76265,17.058737],[-96.762613,17.059369],[-96.761941,17.059205],[-96.761818,17.059096],[-96.761611,17.059017],[-96.761561,17.058876],[-96.761604,17.058485],[-96.761561,17.05799],[-96.76161,17.057786],[-96.761755,17.057584],[-96.761764,17.057217],[-96.761941,17.056594],[-96.761715,17.056276],[-96.761793,17.056146],[-96.7622,17.05644],[-96.762785,17.056447]]]}},{"type":"Feature","properties":{"colonia_id":14,"nombre":"AMPLIACION SAN JUAN","cp":68157,"demarcacion_principal":"San Juan Chapultepec","partida":false,"secciones":["0593"]},"geometry":{"type":"Polygon","coordinates":[[[-96.74585,17.056093],[-96.744568,17.057238],[-96.74375,17.056402],[-96.745049,17.055118],[-96.74573,17.055809],[-96.74585,17.056093]]]}},{"type":"Feature","properties":{"colonia_id":15,"nombre":"ARBOLEDA","cp":68157,"demarcacion_principal":"Cabecera Municipal","partida":false,"secciones":["0590","0582"]},"geometry":{"type":"Polygon","coordinates":[[[-96.73426,17.05545],[-96.730023,17.055042],[-96.729808,17.054611],[-96.7292,17.052593],[-96.729457,17.052169],[-96.729651,17.051932],[-96.730174,17.05294],[-96.732065,17.053963],[-96.73512,17.0545],[-96.736466,17.055453],[-96.73426,17.05545]]]}},{"type":"Feature","properties":{"colonia_id":16,"nombre":"ARBOLEDA BRENAMIEL","cp":68018,"demarcacion_principal":"Pueblo Nuevo","partida":false,"secciones":["0472"]},"geometry":{"type":"Polygon","coordinates":[[[-96.754161,17.102874],[-96.752538,17.103467],[-96.7515,17.101017],[-96.752087,17.100828],[-96.75228,17.100685],[-96.752445,17.100641],[-96.752834,17.10075],[-96.753396,17.100661],[-96.754161,17.102874]]]}},{"type":"Feature","properties":{"colonia_id":17,"nombre":"ARBOLEDAS","cp":68010,"demarcacion_principal":"Cabecera Municipal","partida":false,"secciones":["0540"]},"geometry":{"type":"Polygon","coordinates":[[[-96.742206,17.069258],[-96.741859,17.068594],[-96.742412,17.068556],[-96.74327,17.068396],[-96.743396,17.069051],[-96.742206,17.069258]]]}},{"type":"Feature","properties":{"colonia_id":18,"nombre":"ARBOLEDAS DEL VALLE","cp":68140,"demarcacion_principal":"San Martín Mexicapam de Cárdenas","partida":false,"secciones":["0580"]},"geometry":{"type":"Polygon","coordinates":[[[-96.749508,17.059188],[-96.749151,17.059206],[-96.749056,17.05817],[-96.749436,17.058161],[-96.749508,17.059188]]]}},{"type":"Feature","properties":{"colonia_id":19,"nombre":"ARROYO","cp":68090,"demarcacion_principal":"San Martín Mexicapam de Cárdenas","partida":false,"secciones":["0576"]},"geometry":{"type":"Polygon","coordinates":[[[-96.747187,17.061407],[-96.746603,17.06236],[-96.745176,17.060168],[-96.74509,17.060115],[-96.745331,17.060085],[-96.745678,17.059894],[-96.745856,17.060213],[-96.746326,17.0599],[-96.747187,17.061407]]]}},{"type":"Feature","properties":{"colonia_id":20,"nombre":"ARTICULO 123","cp":68090,"demarcacion_principal":"Cabecera Municipal","partida":false,"secciones":["0582"]},"geometry":{"type":"Polygon","coordinates":[[[-96.731453,17.057809],[-96.730607,17.056539],[-96.730256,17.055794],[-96.730023,17.055042],[-96.732123,17.055265],[-96.731706,17.056385],[-96.73172,17.056633],[-96.731453,17.057809]]]}},{"type":"Feature","properties":{"colonia_id":21,"nombre":"ARTICULO 123","cp":68115,"demarcacion_principal":"Cabecera Municipal","partida":false,"secciones":["0588"]},"geometry":{"type":"Polygon","coordinates":[[[-96.712889,17.058474],[-96.712604,17.058505],[-96.711408,17.058634],[-96.711409,17.058481],[-96.712075,17.057796],[-96.712875,17.05779],[-96.712848,17.058108],[-96.712889,17.058474]]]}},{"type":"Feature","properties":{"colonia_id":22,"nombre":"AURORA","cp":68045,"demarcacion_principal":"Cabecera Municipal","partida":false,"secciones":["0521"]},"geometry":{"type":"Polygon","coordinates":[[[-96.731072,17.085032],[-96.730498,17.084478],[-96.730204,17.084313],[-96.729556,17.083668],[-96.727433,17.082821],[-96.727324,17.082605],[-96.727077,17.081872],[-96.727005,17.081416],[-96.727042,17.080832],[-96.728809,17.081622],[-96.729403,17.08089],[-96.72916,17.080682],[-96.728519,17.080292],[-96.728892,17.080086],[-96.728906,17.079572],[-96.730074,17.07979],[-96.73137,17.080413],[-96.732747,17.080529],[-96.732961,17.080813],[-96.73338,17.080963],[-96.734119,17.081121],[-96.73462,17.08114],[-96.734753,17.081208],[-96.734628,17.081398],[-96.734134,17.081888],[-96.733182,17.08265],[-96.733106,17.083046],[-96.73294,17.083358],[-96.732872,17.083601],[-96.732212,17.083801],[-96.732147,17.084009],[-96.731968,17.084177],[-96.731595,17.084399],[-96.731401,17.084401],[-96.731072,17.085032]]]}},{"type":"Feature","properties":{"colonia_id":23,"nombre":"AZUCENAS","cp":68070,"demarcacion_principal":"Cabecera Municipal","partida":false,"secciones":["0557","0546"]},"geometry":{"type":"Polygon","coordinates":[[[-96.73012,17.068463],[-96.729937,17.068396],[-96.729722,17.068398],[-96.72749,17.06777],[-96.727718,17.066439],[-96.727987,17.066331],[-96.728264,17.06607],[-96.729003,17.066231],[-96.729562,17.066151],[-96.729876,17.066607],[-96.730916,17.067522],[-96.73012,17.068463]]]}},{"type":"Feature","properties":{"colonia_id":24,"nombre":"AZUCENAS","cp":68036,"demarcacion_principal":"San Martín Mexicapam de Cárdenas","partida":true,"secciones":["0560","2480"]},"geometry":{"type":"Polygon","coordinates":[[[-96.7588,17.062017],[-96.762488,17.0615],[-96.762331,17.064163],[-96.761202,17.064256],[-96.759239,17.064084],[-96.758984,17.066269],[-96.758789,17.066187],[-96.758303,17.066122],[-96.758236,17.06655],[-96.758386,17.066598],[-96.758192,17.06918],[-96.758271,17.069334],[-96.757681,17.069621],[-96.75757,17.069632],[-96.757581,17.069665],[-96.757293,17.069854],[-96.757013,17.069857],[-96.756768,17.069678],[-96.756822,17.069573],[-96.756924,17.069586],[-96.756944,17.068071],[-96.756162,17.068189],[-96.755503,17.068209],[-96.755425,17.067797],[-96.755695,17.067698],[-96.755415,17.067005],[-96.754917,17.067187],[-96.754961,17.066834],[-96.754078,17.066704],[-96.753981,17.066723],[-96.753929,17.06662],[-96.753724,17.06648],[-96.753535,17.065787],[-96.7533,17.065213],[-96.753946,17.064875],[-96.754006,17.06436],[-96.754137,17.064035],[-96.754245,17.06409],[-96.754847,17.064073],[-96.756753,17.063131],[-96.758447,17.061927],[-96.758569,17.061904],[-96.7588,17.062017]]]}},{"type":"Feature","properties":{"colonia_id":25,"nombre":"BENITO JUAREZ","cp":68030,"demarcacion_principal":"Cabecera Municipal","partida":false,"secciones":["0522","0526"]},"geometry":{"type":"Polygon","coordinates":[[[-96.733528,17.079086],[-96.733518,17.079375],[-96.733419,17.079449],[-96.732864,17.079487],[-96.732723,17.079768],[-96.733019,17.080141],[-96.733076,17.080305],[-96.733046,17.080625],[-96.733095,17.080858],[-96.732961,17.080813],[-96.732454,17.080215],[-96.732237,17.080045],[-96.731016,17.079372],[-96.730944,17.079246],[-96.73093,17.079074],[-96.73108,17.078741],[-96.731335,17.078463],[-96.731441,17.078397],[-96.731807,17.078331],[-96.732301,17.078114],[-96.732759,17.077811],[-96.732788,17.077745],[-96.732722,17.077507],[-96.732044,17.076493],[-96.731953,17.076012],[-96.732005,17.075365],[-96.732225,17.074673],[-96.732424,17.074289],[-96.732521,17.074292],[-96.732942,17.074069],[-96.733096,17.073844],[-96.733206,17.073763],[-96.733238,17.07363],[-96.733484,17.073561],[-96.733762,17.073549],[-96.733877,17.073484],[-96.734084,17.073527],[-96.733864,17.073788],[-96.73382,17.074122],[-96.734261,17.074759],[-96.734825,17.075278],[-96.736411,17.07629],[-96.73543,17.077441],[-96.733528,17.079086]]]}},{"type":"Feature","properties":{"colonia_id":26,"nombre":"BENITO JUAREZ","cp":68110,"demarcacion_principal":"Cabecera Municipal","partida":false,"secciones":["0586"]},"geometry":{"type":"Polygon","coordinates":[[[-96.710169,17.062177],[-96.710015,17.060947],[-96.709816,17.059599],[-96.711368,17.061355],[-96.711626,17.061734],[-96.710169,17.062177]]]}},{"type":"Feature","properties":{"colonia_id":27,"nombre":"BOSQUES DE SAN LUIS","cp":68059,"demarcacion_principal":"Donají","partida":false,"secciones":["0477"]},"geometry":{"type":"Polygon","coordinates":[[[-96.698973,17.103024],[-96.69801,17.102567],[-96.698088,17.102375],[-96.699138,17.102812],[-96.698973,17.103024]]]}},{"type":"Feature","properties":{"colonia_id":28,"nombre":"BUENA VISTA","cp":68010,"demarcacion_principal":"Santa Rosa Panzacola","partida":false,"secciones":["0474"]},"geometry":{"type":"Polygon","coordinates":[[[-96.746652,17.110651],[-96.746055,17.110916],[-96.745986,17.110849],[-96.745985,17.110641],[-96.745847,17.110437],[-96.745903,17.110237],[-96.746129,17.109881],[-96.746145,17.109652],[-96.746697,17.109674],[-96.746787,17.109947],[-96.74713,17.109841],[-96.74732,17.11035],[-96.746977,17.110427],[-96.746652,17.110651]]]}},{"type":"Feature","properties":{"colonia_id":29,"nombre":"BUENA VISTA","cp":68018,"demarcacion_principal":"Trinidad de Viguera","partida":false,"secciones":["0616"]},"geometry":{"type":"Polygon","coordinates":[[[-96.750371,17.108859],[-96.751364,17.108736],[-96.751746,17.108768],[-96.752448,17.108989],[-96.75291,17.109197],[-96.75328,17.109509],[-96.753415,17.110377],[-96.753417,17.110948],[-96.753477,17.111259],[-96.752775,17.111526],[-96.752825,17.11194],[-96.752709,17.112157],[-96.753043,17.113029],[-96.752096,17.113337],[-96.752434,17.114226],[-96.752451,17.114374],[-96.753054,17.116121],[-96.752948,17.116381],[-96.751924,17.116349],[-96.751507,17.117416],[-96.751038,17.117385],[-96.750236,17.120121],[-96.748965,17.119819],[-96.748183,17.119306],[-96.748255,17.120841],[-96.747706,17.122339],[-96.747443,17.123454],[-96.747258,17.123669],[-96.747606,17.123783],[-96.748026,17.123829],[-96.747972,17.124785],[-96.747141,17.124721],[-96.746759,17.124798],[-96.746356,17.124752],[-96.746097,17.124331],[-96.746129,17.124157],[-96.746016,17.123932],[-96.745598,17.123781],[-96.74456,17.123702],[-96.744118,17.123608],[-96.743642,17.123118],[-96.743463,17.122512],[-96.743496,17.122008],[-96.743452,17.121794],[-96.743349,17.121647],[-96.742827,17.121395],[-96.742534,17.121118],[-96.742395,17.120868],[-96.742224,17.120132],[-96.742009,17.11958],[-96.741918,17.119399],[-96.741594,17.119033],[-96.742149,17.114449],[-96.743639,17.114305],[-96.746301,17.113093],[-96.750696,17.110937],[-96.750618,17.109415],[-96.750371,17.108859]],[[-96.75024,17.118904],[-96.750296,17.118929],[-96.750473,17.117839],[-96.749787,17.117731],[-96.749573,17.118649],[-96.749986,17.118781],[-96.750264,17.118789],[-96.75024,17.118904]]]}},{"type":"Feature","properties":{"colonia_id":30,"nombre":"BUGAMBILIAS","cp":68010,"demarcacion_principal":"Santa Rosa Panzacola","partida":false,"secciones":["2478","0486"]},"geometry":{"type":"Polygon","coordinates":[[[-96.743291,17.100806],[-96.743084,17.100737],[-96.742857,17.100463],[-96.743211,17.099813],[-96.743274,17.09911],[-96.743197,17.098764],[-96.742852,17.098819],[-96.742376,17.098777],[-96.74232,17.098833],[-96.742073,17.098293],[-96.741888,17.098065],[-96.740928,17.097568],[-96.740386,17.097913],[-96.740387,17.097759],[-96.740487,17.097574],[-96.740474,17.097224],[-96.740793,17.09696],[-96.741336,17.096741],[-96.742465,17.096147],[-96.742499,17.0961],[-96.742425,17.095961],[-96.742956,17.095842],[-96.743536,17.095859],[-96.743854,17.095629],[-96.744494,17.095352],[-96.745081,17.095025],[-96.745233,17.095065],[-96.74551,17.09532],[-96.74546,17.095016],[-96.74642,17.094966],[-96.74854,17.094162],[-96.749964,17.097429],[-96.748243,17.098009],[-96.74773,17.098303],[-96.747359,17.09861],[-96.74716,17.098848],[-96.746597,17.099189],[-96.74636,17.099055],[-96.745996,17.099038],[-96.746031,17.099399],[-96.745713,17.099672],[-96.74576,17.09975],[-96.745375,17.099937],[-96.745485,17.100254],[-96.745275,17.100066],[-96.744814,17.099937],[-96.743419,17.100777],[-96.743291,17.100806]]]}},{"type":"Feature","properties":{"colonia_id":31,"nombre":"BUGAMBILIAS","cp":68010,"demarcacion_principal":"Santa Rosa Panzacola","partida":false,"secciones":["0483","0485"]},"geometry":{"type":"Polygon","coordinates":[[[-96.752445,17.100641],[-96.75228,17.100685],[-96.752087,17.100828],[-96.7515,17.101017],[-96.75005,17.097628],[-96.750807,17.097506],[-96.752017,17.09744],[-96.7521,17.097495],[-96.752205,17.098318],[-96.75278,17.100729],[-96.752445,17.100641]]]}},{"type":"Feature","properties":{"colonia_id":32,"nombre":"CALIFORNIA","cp":68157,"demarcacion_principal":"San Juan Chapultepec","partida":false,"secciones":["0592"]},"geometry":{"type":"Polygon","coordinates":[[[-96.743088,17.055844],[-96.741668,17.057258],[-96.739578,17.055418],[-96.739198,17.055008],[-96.739787,17.054724],[-96.739961,17.054575],[-96.740088,17.054681],[-96.740029,17.054833],[-96.740262,17.054858],[-96.74109,17.055144],[-96.741171,17.05491],[-96.742398,17.055276],[-96.743088,17.055844]]]}},{"type":"Feature","properties":{"colonia_id":33,"nombre":"CAMINO NACIONAL","cp":68080,"demarcacion_principal":"Cabecera Municipal","partida":false,"secciones":["0570"]},"geometry":{"type":"Polygon","coordinates":[[[-96.712986,17.062898],[-96.711468,17.062772],[-96.711552,17.06188],[-96.711626,17.061734],[-96.713892,17.061008],[-96.713983,17.06125],[-96.712986,17.062898]]]}},{"type":"Feature","properties":{"colonia_id":34,"nombre":"CANDIANI","cp":68130,"demarcacion_principal":"Candiani","partida":true,"secciones":["0615","0610","0613","0614","0611"]},"geometry":{"type":"Polygon","coordinates":[[[-96.718149,17.041565],[-96.718121,17.039355],[-96.720908,17.04323],[-96.720528,17.045678],[-96.720047,17.047884],[-96.720391,17.047936],[-96.720181,17.049143],[-96.716879,17.048549],[-96.716899,17.048258],[-96.713852,17.047705],[-96.714363,17.044168],[-96.714333,17.043832],[-96.713992,17.043196],[-96.714136,17.043233],[-96.714423,17.04024],[-96.715272,17.04085],[-96.718149,17.041565]]]}},{"type":"Feature","properties":{"colonia_id":35,"nombre":"CASA BLANCA","cp":68140,"demarcacion_principal":"San Martín Mexicapam de Cárdenas","partida":false,"secciones":["0564"]},"geometry":{"type":"Polygon","coordinates":[[[-96.745614,17.064986],[-96.745256,17.064915],[-96.743646,17.064314],[-96.742984,17.063034],[-96.744699,17.062407],[-96.745273,17.062242],[-96.745939,17.06193],[-96.746145,17.062086],[-96.746518,17.062502],[-96.747618,17.064211],[-96.74683,17.064641],[-96.746111,17.06489],[-96.745614,17.064986]]]}},{"type":"Feature","properties":{"colonia_id":36,"nombre":"CASA DEL SOL","cp":68020,"demarcacion_principal":"San Luis Beltrán","partida":false,"secciones":["0478"]},"geometry":{"type":"Polygon","coordinates":[[[-96.688476,17.096313],[-96.688426,17.096273],[-96.688447,17.096077],[-96.688677,17.094708],[-96.688901,17.094216],[-96.689024,17.093652],[-96.690415,17.093846],[-96.690992,17.094694],[-96.689234,17.09577],[-96.688476,17.096313]]]}},{"type":"Feature","properties":{"colonia_id":37,"nombre":"CENTENARIO","cp":68050,"demarcacion_principal":"Cabecera Municipal","partida":false,"secciones":["0500"]},"geometry":{"type":"Polygon","coordinates":[[[-96.736045,17.088884],[-96.735571,17.089005],[-96.735426,17.088388],[-96.734976,17.088383],[-96.734998,17.088746],[-96.734485,17.088704],[-96.733587,17.088715],[-96.733511,17.088786],[-96.733091,17.088133],[-96.733322,17.087934],[-96.733819,17.087795],[-96.73429,17.087798],[-96.734656,17.087643],[-96.734918,17.08763],[-96.735266,17.087441],[-96.735341,17.087632],[-96.735739,17.087803],[-96.735781,17.087866],[-96.736045,17.088884]]]}},{"type":"Feature","properties":{"colonia_id":38,"nombre":"CENTRAL DE ABASTO","cp":68090,"demarcacion_principal":"Cabecera Municipal","partida":false,"secciones":["0581"]},"geometry":{"type":"Polygon","coordinates":[[[-96.738147,17.061608],[-96.737083,17.061604],[-96.73537,17.061188],[-96.734624,17.061106],[-96.73389,17.061154],[-96.73213,17.058682],[-96.731453,17.057809],[-96.73172,17.056633],[-96.731706,17.056385],[-96.732123,17.055265],[-96.734138,17.055446],[-96.736466,17.055453],[-96.737206,17.056225],[-96.737566,17.05698],[-96.737704,17.059788],[-96.738147,17.061608]]]}},{"type":"Feature","properties":{"colonia_id":39,"nombre":"CENTRO","cp":68000,"demarcacion_principal":"Cabecera Municipal","partida":false,"secciones":["0573","0572","0555","0583","0589","0556","0548","0568","0571","0584","0574","0590","0549","0582","0585"]},"geometry":{"type":"Polygon","coordinates":[[[-96.728738,17.051241],[-96.728996,17.051916],[-96.729808,17.054611],[-96.730023,17.055042],[-96.729788,17.056008],[-96.729429,17.057981],[-96.728824,17.060836],[-96.730763,17.061176],[-96.732958,17.061225],[-96.73389,17.061154],[-96.735231,17.063028],[-96.7357,17.063873],[-96.733948,17.064464],[-96.732929,17.063643],[-96.732491,17.063445],[-96.731378,17.063281],[-96.732291,17.064357],[-96.730502,17.06411],[-96.728261,17.063621],[-96.727485,17.067672],[-96.727527,17.068225],[-96.725381,17.067908],[-96.725035,17.069797],[-96.72409,17.06973],[-96.724102,17.069668],[-96.72382,17.069629],[-96.723207,17.069561],[-96.723144,17.069601],[-96.722168,17.069478],[-96.721767,17.072067],[-96.718294,17.071263],[-96.718356,17.07085],[-96.718283,17.070736],[-96.717805,17.070377],[-96.717744,17.0702],[-96.718296,17.07059],[-96.718571,17.07064],[-96.718813,17.06937],[-96.718123,17.069303],[-96.718349,17.067316],[-96.717697,17.067443],[-96.717801,17.066691],[-96.717754,17.066484],[-96.717288,17.065782],[-96.717276,17.065638],[-96.717427,17.065132],[-96.717473,17.0648],[-96.717251,17.063548],[-96.717145,17.063365],[-96.716895,17.06311],[-96.716266,17.062733],[-96.7143,17.061078],[-96.713798,17.060784],[-96.714351,17.060779],[-96.715834,17.060079],[-96.716141,17.060141],[-96.716344,17.059227],[-96.714541,17.05883],[-96.71503,17.056096],[-96.718771,17.05682],[-96.719079,17.05519],[-96.722814,17.055872],[-96.724759,17.056178],[-96.725828,17.050976],[-96.727164,17.050605],[-96.727556,17.05055],[-96.727868,17.050613],[-96.728492,17.05098],[-96.728738,17.051241]]]}},{"type":"Feature","properties":{"colonia_id":40,"nombre":"CINCO SEÑORES","cp":68120,"demarcacion_principal":"Cinco Señores","partida":false,"secciones":["0609","0601","0602"]},"geometry":{"type":"Polygon","coordinates":[[[-96.712911,17.054348],[-96.712184,17.054813],[-96.711621,17.055311],[-96.710647,17.056397],[-96.709733,17.057522],[-96.709242,17.056905],[-96.707561,17.054354],[-96.706583,17.053033],[-96.70546,17.051291],[-96.705203,17.051054],[-96.704541,17.050686],[-96.705325,17.049336],[-96.707741,17.049785],[-96.707833,17.04922],[-96.711596,17.046148],[-96.712946,17.044983],[-96.714228,17.04524],[-96.713128,17.052347],[-96.712889,17.0541],[-96.712911,17.054348]],[[-96.71138,17.052141],[-96.711488,17.051392],[-96.710781,17.051317],[-96.710906,17.050553],[-96.707709,17.049981],[-96.707236,17.049943],[-96.707021,17.051533],[-96.71138,17.052141]]]}},{"type":"Feature","properties":{"colonia_id":41,"nombre":"COLINAS DE LA SOLEDAD","cp":68050,"demarcacion_principal":"Cabecera Municipal","partida":false,"secciones":["0489"]},"geometry":{"type":"Polygon","coordinates":[[[-96.71932,17.091069],[-96.719551,17.091115],[-96.719422,17.091562],[-96.719505,17.091943],[-96.720019,17.092457],[-96.716464,17.092012],[-96.716588,17.091385],[-96.716531,17.091247],[-96.71705,17.089478],[-96.718995,17.089718],[-96.719093,17.089857],[-96.719081,17.090352],[-96.719255,17.090357],[-96.71932,17.091069]]]}},{"type":"Feature","properties":{"colonia_id":42,"nombre":"COLINAS DE MONTEALBAN","cp":68140,"demarcacion_principal":"San Martín Mexicapam de Cárdenas","partida":true,"secciones":["0580","0577","0579","0594"]},"geometry":{"type":"Polygon","coordinates":[[[-96.753597,17.052578],[-96.753608,17.052762],[-96.753489,17.052964],[-96.753447,17.053326],[-96.753369,17.05355],[-96.75332,17.054127],[-96.753507,17.054296],[-96.75372,17.054766],[-96.753828,17.055155],[-96.753983,17.055305],[-96.75457,17.055568],[-96.754677,17.056468],[-96.754657,17.057233],[-96.75454,17.058446],[-96.752519,17.058912],[-96.751506,17.058899],[-96.750313,17.059156],[-96.749508,17.059188],[-96.749436,17.058161],[-96.749056,17.05817],[-96.749151,17.059206],[-96.74847,17.059246],[-96.748247,17.059233],[-96.747859,17.058688],[-96.747514,17.058679],[-96.747459,17.058635],[-96.747763,17.058312],[-96.747576,17.058011],[-96.747663,17.057861],[-96.747112,17.056989],[-96.746782,17.056605],[-96.746966,17.056639],[-96.747422,17.056591],[-96.747859,17.056387],[-96.748292,17.05598],[-96.748727,17.055406],[-96.749082,17.054693],[-96.749408,17.054562],[-96.749488,17.054487],[-96.750045,17.053633],[-96.75024,17.053226],[-96.750394,17.053206],[-96.750717,17.053664],[-96.750986,17.053755],[-96.751305,17.053631],[-96.751611,17.053318],[-96.751971,17.053083],[-96.752121,17.052917],[-96.752154,17.052742],[-96.751973,17.051997],[-96.752175,17.051932],[-96.752333,17.052047],[-96.752735,17.052581],[-96.752987,17.052625],[-96.753496,17.052533],[-96.753597,17.052578]]]}},{"type":"Feature","properties":{"colonia_id":43,"nombre":"CONGREGACION MONTOYA","cp":68036,"demarcacion_principal":"Montoya","partida":false,"secciones":["0524","0542"]},"geometry":{"type":"Polygon","coordinates":[[[-96.764494,17.075936],[-96.76392,17.076184],[-96.763637,17.076211],[-96.76308,17.075922],[-96.762668,17.07581],[-96.762115,17.075806],[-96.761715,17.076223],[-96.761094,17.076333],[-96.75865,17.077498],[-96.756794,17.07425],[-96.756288,17.073258],[-96.75553,17.073173],[-96.753483,17.072102],[-96.755136,17.071415],[-96.754396,17.070424],[-96.755973,17.070437],[-96.75619,17.070344],[-96.757282,17.072179],[-96.757951,17.073178],[-96.757977,17.073319],[-96.759188,17.073188],[-96.763421,17.073626],[-96.764308,17.0736],[-96.764161,17.073701],[-96.764513,17.075546],[-96.764494,17.075936]]]}},{"type":"Feature","properties":{"colonia_id":44,"nombre":"CONSTITUYENTES","cp":68018,"demarcacion_principal":"Pueblo Nuevo","partida":false,"secciones":["0471"]},"geometry":{"type":"Polygon","coordinates":[[[-96.753194,17.12036],[-96.750236,17.120121],[-96.751038,17.117385],[-96.751507,17.117416],[-96.751453,17.117641],[-96.752511,17.117671],[-96.751887,17.119573],[-96.753293,17.119045],[-96.753194,17.12036]]]}},{"type":"Feature","properties":{"colonia_id":45,"nombre":"CONSUELO RUIZ","cp":68020,"demarcacion_principal":"San Felipe del Agua","partida":false,"secciones":["0480"]},"geometry":{"type":"Polygon","coordinates":[[[-96.713789,17.097744],[-96.712291,17.097398],[-96.712413,17.096856],[-96.713227,17.097028],[-96.714044,17.097306],[-96.713789,17.097744]]]}},{"type":"Feature","properties":{"colonia_id":46,"nombre":"CUAUHTEMOC","cp":68010,"demarcacion_principal":"Santa Rosa Panzacola","partida":false,"secciones":["0506","0503"]},"geometry":{"type":"Polygon","coordinates":[[[-96.744979,17.089413],[-96.742925,17.088576],[-96.742626,17.088081],[-96.742016,17.087759],[-96.74196,17.087803],[-96.741865,17.087708],[-96.741612,17.087641],[-96.741357,17.0879],[-96.741115,17.087693],[-96.741001,17.087661],[-96.741149,17.08725],[-96.740671,17.086081],[-96.740134,17.085783],[-96.740054,17.085488],[-96.740103,17.085349],[-96.740302,17.085148],[-96.740939,17.084709],[-96.741051,17.084546],[-96.741144,17.084278],[-96.74131,17.084645],[-96.744071,17.0839],[-96.744998,17.085971],[-96.746211,17.088861],[-96.744979,17.089413]]]}},{"type":"Feature","properties":{"colonia_id":47,"nombre":"DAMNIFICADOS","cp":68020,"demarcacion_principal":"Cabecera Municipal","partida":false,"secciones":["0510"]},"geometry":{"type":"Polygon","coordinates":[[[-96.714267,17.087793],[-96.713986,17.087632],[-96.71394,17.087662],[-96.713689,17.087549],[-96.713931,17.08715],[-96.712933,17.086647],[-96.712306,17.086478],[-96.712019,17.086523],[-96.711798,17.08663],[-96.711814,17.086178],[-96.711904,17.086099],[-96.712124,17.08605],[-96.712771,17.084955],[-96.71351,17.0852],[-96.71367,17.085313],[-96.714199,17.085433],[-96.715291,17.085805],[-96.715131,17.085995],[-96.714267,17.087793]]]}},{"type":"Feature","properties":{"colonia_id":48,"nombre":"DEL MAESTRO","cp":68010,"demarcacion_principal":"Santa Rosa Panzacola","partida":false,"secciones":["0473","0483","0474","0475"]},"geometry":{"type":"Polygon","coordinates":[[[-96.7515,17.101017],[-96.751597,17.101273],[-96.749823,17.101997],[-96.750347,17.103207],[-96.750914,17.10306],[-96.751063,17.102819],[-96.751263,17.102692],[-96.751518,17.102397],[-96.75184,17.101819],[-96.753478,17.105698],[-96.754239,17.107338],[-96.75309,17.108193],[-96.752871,17.108252],[-96.752707,17.108205],[-96.752429,17.10795],[-96.751589,17.107657],[-96.750323,17.107725],[-96.749749,17.107695],[-96.748889,17.107498],[-96.748341,17.107309],[-96.747773,17.107077],[-96.747187,17.106716],[-96.747205,17.106608],[-96.746637,17.105962],[-96.746054,17.106134],[-96.745579,17.106103],[-96.745537,17.106066],[-96.744792,17.106816],[-96.744769,17.106503],[-96.74469,17.10622],[-96.743434,17.106037],[-96.743125,17.105922],[-96.743229,17.106104],[-96.742705,17.106385],[-96.742066,17.10625],[-96.741964,17.106177],[-96.741834,17.105139],[-96.744885,17.103491],[-96.744562,17.102776],[-96.744881,17.101897],[-96.745775,17.101868],[-96.746714,17.101659],[-96.747059,17.101395],[-96.748141,17.100771],[-96.749021,17.100444],[-96.749194,17.100443],[-96.749358,17.1005],[-96.749516,17.100627],[-96.749728,17.100671],[-96.74994,17.100793],[-96.750215,17.100735],[-96.750381,17.100867],[-96.750975,17.101081],[-96.751455,17.101064],[-96.7515,17.101017]]]}},{"type":"Feature","properties":{"colonia_id":49,"nombre":"DEL PERIODISTA","cp":68060,"demarcacion_principal":"Cabecera Municipal","partida":false,"secciones":["0544","0558"]},"geometry":{"type":"Polygon","coordinates":[[[-96.740401,17.071508],[-96.739505,17.069016],[-96.741689,17.068268],[-96.742907,17.070598],[-96.742405,17.070813],[-96.740401,17.071508]]]}},{"type":"Feature","properties":{"colonia_id":50,"nombre":"DEL PEÑASCO","cp":68070,"demarcacion_principal":"Cabecera Municipal","partida":false,"secciones":["0568"]},"geometry":{"type":"Polygon","coordinates":[[[-96.727718,17.066439],[-96.728261,17.063621],[-96.730502,17.06411],[-96.730368,17.064195],[-96.730072,17.064233],[-96.729917,17.064322],[-96.729827,17.065437],[-96.729901,17.066031],[-96.72966,17.06614],[-96.729003,17.066231],[-96.728264,17.06607],[-96.727987,17.066331],[-96.727718,17.066439]]]}},{"type":"Feature","properties":{"colonia_id":51,"nombre":"DEL PROGRESO","cp":68157,"demarcacion_principal":"San Juan Chapultepec","partida":false,"secciones":["0605","0597","0596"]},"geometry":{"type":"Polygon","coordinates":[[[-96.735181,17.05163],[-96.734573,17.051312],[-96.73449,17.051204],[-96.733421,17.050571],[-96.733618,17.050388],[-96.73371,17.050401],[-96.733907,17.050215],[-96.733996,17.049918],[-96.73411,17.049799],[-96.735033,17.049005],[-96.735554,17.048789],[-96.735866,17.049158],[-96.737851,17.0492],[-96.737846,17.049652],[-96.737745,17.050137],[-96.737495,17.050692],[-96.73737,17.051151],[-96.735067,17.051336],[-96.73527,17.051627],[-96.735181,17.05163]]]}},{"type":"Feature","properties":{"colonia_id":52,"nombre":"DEL ROSARIO","cp":68157,"demarcacion_principal":"San Juan Chapultepec","partida":false,"secciones":["0596","0595"]},"geometry":{"type":"Polygon","coordinates":[[[-96.740162,17.052135],[-96.738813,17.051532],[-96.738292,17.051346],[-96.73777,17.051202],[-96.73737,17.051151],[-96.737495,17.050692],[-96.737745,17.050137],[-96.737846,17.049652],[-96.737851,17.0492],[-96.738511,17.049116],[-96.738832,17.048973],[-96.740179,17.049308],[-96.740779,17.049565],[-96.741639,17.049656],[-96.741469,17.049814],[-96.741281,17.049834],[-96.741389,17.050209],[-96.741112,17.050554],[-96.740962,17.050873],[-96.740162,17.052135]]]}},{"type":"Feature","properties":{"colonia_id":53,"nombre":"DIAZ ORDAZ","cp":68040,"demarcacion_principal":"Cabecera Municipal","partida":false,"secciones":["0535"]},"geometry":{"type":"Polygon","coordinates":[[[-96.720959,17.075003],[-96.720687,17.074964],[-96.720213,17.074619],[-96.720083,17.073811],[-96.720139,17.072807],[-96.720109,17.072305],[-96.720005,17.071904],[-96.719846,17.071808],[-96.719642,17.071776],[-96.719654,17.071605],[-96.721767,17.072067],[-96.721572,17.073313],[-96.721257,17.07486],[-96.720959,17.075003]]]}},{"type":"Feature","properties":{"colonia_id":54,"nombre":"DOLORES","cp":68020,"demarcacion_principal":"Dolores","partida":true,"secciones":["0514","0495","0496"]},"geometry":{"type":"Polygon","coordinates":[[[-96.701224,17.091496],[-96.70094,17.090974],[-96.700752,17.090175],[-96.700132,17.089561],[-96.700083,17.089119],[-96.69991,17.088736],[-96.699699,17.08756],[-96.699532,17.087298],[-96.699431,17.08722],[-96.698987,17.086016],[-96.698756,17.085211],[-96.701861,17.084598],[-96.702092,17.085781],[-96.705029,17.085123],[-96.705051,17.086583],[-96.705331,17.087405],[-96.705298,17.087481],[-96.702603,17.089423],[-96.702867,17.089909],[-96.702916,17.090245],[-96.702699,17.090787],[-96.702519,17.091488],[-96.701224,17.091496]]]}},{"type":"Feature","properties":{"colonia_id":55,"nombre":"DONAJI","cp":68020,"demarcacion_principal":"Donají","partida":false,"secciones":["0477"]},"geometry":{"type":"Polygon","coordinates":[[[-96.695897,17.107752],[-96.696158,17.107035],[-96.696753,17.10621],[-96.697345,17.105579],[-96.697714,17.104827],[-96.698113,17.104151],[-96.699138,17.102812],[-96.699439,17.102373],[-96.699385,17.102352],[-96.69966,17.102038],[-96.699824,17.101706],[-96.703247,17.101978],[-96.703275,17.101765],[-96.704813,17.101915],[-96.705354,17.101825],[-96.7055,17.101871],[-96.705607,17.101976],[-96.705622,17.102333],[-96.705662,17.102372],[-96.70602,17.102429],[-96.706543,17.10234],[-96.706356,17.102611],[-96.70628,17.102654],[-96.706283,17.102794],[-96.706364,17.102994],[-96.706348,17.103138],[-96.706083,17.103179],[-96.70592,17.103264],[-96.705264,17.104369],[-96.705286,17.104586],[-96.705186,17.105023],[-96.704855,17.105637],[-96.704815,17.105825],[-96.70462,17.106016],[-96.704662,17.106714],[-96.704428,17.106907],[-96.704348,17.107122],[-96.704132,17.107277],[-96.703865,17.107811],[-96.703754,17.107943],[-96.70372,17.108127],[-96.703763,17.108388],[-96.703506,17.108484],[-96.703487,17.108637],[-96.703223,17.108971],[-96.703083,17.10905],[-96.702935,17.109422],[-96.702874,17.110069],[-96.700896,17.10914],[-96.700674,17.109071],[-96.700479,17.109082],[-96.700311,17.109134],[-96.700044,17.109318],[-96.699874,17.10957],[-96.69976,17.109783],[-96.699505,17.110557],[-96.699194,17.110609],[-96.698989,17.11049],[-96.698764,17.110241],[-96.698489,17.110057],[-96.697963,17.109789],[-96.696497,17.109407],[-96.696463,17.108982],[-96.696497,17.108975],[-96.69592,17.108567],[-96.696043,17.108322],[-96.695897,17.107752]]]}},{"type":"Feature","properties":{"colonia_id":56,"nombre":"EDUCACION","cp":68010,"demarcacion_principal":"Santa Rosa Panzacola","partida":false,"secciones":["0484"]},"geometry":{"type":"Polygon","coordinates":[[[-96.753361,17.094024],[-96.753222,17.09276],[-96.753163,17.092577],[-96.75225,17.092101],[-96.751813,17.092074],[-96.751278,17.092284],[-96.751016,17.091902],[-96.750298,17.091196],[-96.75354,17.089522],[-96.755566,17.092946],[-96.753716,17.093912],[-96.753361,17.094024]]]}},{"type":"Feature","properties":{"colonia_id":57,"nombre":"EJIDAL","cp":68010,"demarcacion_principal":"San Martín Mexicapam de Cárdenas","partida":true,"secciones":["0541","0524"]},"geometry":{"type":"Polygon","coordinates":[[[-96.753483,17.072102],[-96.752855,17.071722],[-96.748452,17.069371],[-96.74969,17.06692],[-96.750167,17.066687],[-96.751412,17.066256],[-96.752434,17.066813],[-96.752667,17.067018],[-96.753316,17.068954],[-96.755136,17.071415],[-96.753483,17.072102]]]}},{"type":"Feature","properties":{"colonia_id":58,"nombre":"EJIDAL","cp":68010,"demarcacion_principal":"Santa Rosa Panzacola","partida":false,"secciones":["0484"]},"geometry":{"type":"Polygon","coordinates":[[[-96.753149,17.096788],[-96.75314,17.096483],[-96.753304,17.095441],[-96.753273,17.094294],[-96.753361,17.094024],[-96.753716,17.093912],[-96.755566,17.092946],[-96.756177,17.094021],[-96.753149,17.096788]]]}},{"type":"Feature","properties":{"colonia_id":59,"nombre":"EL ARENAL","cp":68120,"demarcacion_principal":"Cinco Señores","partida":false,"secciones":["0609"]},"geometry":{"type":"Polygon","coordinates":[[[-96.711596,17.046148],[-96.71166,17.045702],[-96.709788,17.045315],[-96.709946,17.044338],[-96.70869,17.044081],[-96.708797,17.043407],[-96.70685,17.043093],[-96.706572,17.042004],[-96.712003,17.043031],[-96.713992,17.043196],[-96.714333,17.043832],[-96.714363,17.044168],[-96.714228,17.04524],[-96.712946,17.044983],[-96.711596,17.046148]]]}},{"type":"Feature","properties":{"colonia_id":60,"nombre":"EL ARENAL","cp":68010,"demarcacion_principal":"Cabecera Municipal","partida":false,"secciones":["0540"]},"geometry":{"type":"Polygon","coordinates":[[[-96.744555,17.073721],[-96.743309,17.071366],[-96.745207,17.070892],[-96.745527,17.071198],[-96.745547,17.071283],[-96.745926,17.071211],[-96.74602,17.072087],[-96.745824,17.07216],[-96.745751,17.073229],[-96.745634,17.073409],[-96.745032,17.073545],[-96.744555,17.073721]]]}},{"type":"Feature","properties":{"colonia_id":61,"nombre":"EL BAJO","cp":68018,"demarcacion_principal":"Trinidad de Viguera","partida":false,"secciones":["0616"]},"geometry":{"type":"Polygon","coordinates":[[[-96.749375,17.135409],[-96.749441,17.135432],[-96.749341,17.136419],[-96.749151,17.136451],[-96.748875,17.136768],[-96.748769,17.137462],[-96.748881,17.137915],[-96.74872,17.138077],[-96.748036,17.138212],[-96.748087,17.138068],[-96.747817,17.137879],[-96.747711,17.137649],[-96.747806,17.137429],[-96.747847,17.135832],[-96.748484,17.135554],[-96.749375,17.135409]]]}},{"type":"Feature","properties":{"colonia_id":62,"nombre":"EL CHOPO","cp":68040,"demarcacion_principal":"Cabecera Municipal","partida":false,"secciones":["0534"]},"geometry":{"type":"Polygon","coordinates":[[[-96.720412,17.079351],[-96.719292,17.0791],[-96.719445,17.077809],[-96.720548,17.077941],[-96.7205,17.078574],[-96.720693,17.078586],[-96.720412,17.079351]]]}},{"type":"Feature","properties":{"colonia_id":63,"nombre":"EL COQUITO","cp":68157,"demarcacion_principal":"San Juan Chapultepec","partida":false,"secciones":["0593"]},"geometry":{"type":"Polygon","coordinates":[[[-96.746091,17.05626],[-96.74585,17.056093],[-96.74573,17.055809],[-96.745049,17.055118],[-96.745104,17.055091],[-96.74518,17.055168],[-96.745682,17.05517],[-96.745222,17.053454],[-96.743932,17.053944],[-96.743009,17.053253],[-96.742528,17.052456],[-96.742309,17.052253],[-96.74185,17.052148],[-96.742248,17.051208],[-96.742352,17.051108],[-96.742087,17.050811],[-96.742385,17.050572],[-96.742602,17.050315],[-96.742741,17.049992],[-96.742688,17.049855],[-96.7425,17.049635],[-96.742317,17.049526],[-96.742282,17.049399],[-96.742343,17.049206],[-96.743064,17.047836],[-96.743128,17.047882],[-96.744338,17.04788],[-96.745317,17.047712],[-96.745951,17.047711],[-96.748787,17.048542],[-96.748904,17.049071],[-96.74909,17.049446],[-96.749191,17.049433],[-96.749205,17.049519],[-96.749628,17.049896],[-96.749538,17.049959],[-96.749188,17.050018],[-96.749101,17.050107],[-96.749099,17.050312],[-96.749187,17.050399],[-96.749179,17.050776],[-96.749119,17.050943],[-96.749276,17.051079],[-96.749478,17.051361],[-96.749422,17.051551],[-96.749221,17.051679],[-96.749187,17.052003],[-96.749047,17.052397],[-96.748786,17.052816],[-96.748107,17.053473],[-96.747636,17.053837],[-96.747597,17.053958],[-96.747336,17.054207],[-96.747007,17.05436],[-96.746737,17.05418],[-96.746091,17.05626]],[[-96.747989,17.050746],[-96.74719,17.050098],[-96.746449,17.050769],[-96.747305,17.051757],[-96.747558,17.051766],[-96.747642,17.051758],[-96.747665,17.051397],[-96.747989,17.050746]]]}},{"type":"Feature","properties":{"colonia_id":64,"nombre":"EL CORTIJO","cp":68044,"demarcacion_principal":"Cabecera Municipal","partida":false,"secciones":["0489"]},"geometry":{"type":"Polygon","coordinates":[[[-96.718563,17.084815],[-96.719573,17.085182],[-96.719446,17.085535],[-96.718422,17.085232],[-96.718563,17.084815]]]}},{"type":"Feature","properties":{"colonia_id":65,"nombre":"EL ENCINAL","cp":68040,"demarcacion_principal":"Cabecera Municipal","partida":false,"secciones":["0507"]},"geometry":{"type":"Polygon","coordinates":[[[-96.72627,17.080148],[-96.725796,17.080082],[-96.725815,17.079798],[-96.725904,17.079729],[-96.72599,17.079246],[-96.726013,17.078647],[-96.726435,17.07879],[-96.726545,17.07896],[-96.726939,17.080119],[-96.72627,17.080148]]]}},{"type":"Feature","properties":{"colonia_id":66,"nombre":"EL GUAYABAL","cp":68026,"demarcacion_principal":"San Felipe del Agua","partida":false,"secciones":["0480"]},"geometry":{"type":"Polygon","coordinates":[[[-96.716077,17.107252],[-96.715256,17.10717],[-96.71529,17.106622],[-96.716127,17.106704],[-96.716077,17.107252]]]}},{"type":"Feature","properties":{"colonia_id":67,"nombre":"EL MEZQUITE","cp":68010,"demarcacion_principal":"San Martín Mexicapam de Cárdenas","partida":false,"secciones":["0559"]},"geometry":{"type":"Polygon","coordinates":[[[-96.745509,17.066809],[-96.745146,17.06685],[-96.745125,17.066704],[-96.745489,17.066656],[-96.745509,17.066809]]]}},{"type":"Feature","properties":{"colonia_id":68,"nombre":"EL MIRADOR","cp":68070,"demarcacion_principal":"San Martín Mexicapam de Cárdenas","partida":true,"secciones":["0567","0568","0557"]},"geometry":{"type":"Polygon","coordinates":[[[-96.729917,17.064322],[-96.730072,17.064233],[-96.730368,17.064195],[-96.730502,17.06411],[-96.732291,17.064357],[-96.733244,17.06548],[-96.732529,17.065818],[-96.731955,17.066171],[-96.731271,17.065906],[-96.730286,17.065904],[-96.73042,17.06628],[-96.731131,17.067318],[-96.730916,17.067522],[-96.729876,17.066607],[-96.729562,17.066151],[-96.729901,17.066031],[-96.729827,17.065437],[-96.729917,17.064322]]]}},{"type":"Feature","properties":{"colonia_id":69,"nombre":"EL PANDO","cp":68018,"demarcacion_principal":"Trinidad de Viguera","partida":false,"secciones":["0616"]},"geometry":{"type":"Polygon","coordinates":[[[-96.74725,17.12833],[-96.747252,17.12888],[-96.746886,17.128487],[-96.746659,17.128356],[-96.745895,17.129371],[-96.745925,17.129415],[-96.745705,17.129436],[-96.743892,17.129261],[-96.74377,17.129214],[-96.743449,17.128864],[-96.742954,17.128445],[-96.742683,17.128348],[-96.742691,17.1279],[-96.743948,17.126244],[-96.744914,17.126843],[-96.745428,17.127049],[-96.745519,17.127118],[-96.745642,17.127381],[-96.746731,17.127957],[-96.74725,17.12833]]]}},{"type":"Feature","properties":{"colonia_id":70,"nombre":"EL PAPAYO","cp":68040,"demarcacion_principal":"Cabecera Municipal","partida":false,"secciones":["0529"]},"geometry":{"type":"Polygon","coordinates":[[[-96.719763,17.081675],[-96.719001,17.081569],[-96.719292,17.0791],[-96.720697,17.079425],[-96.720424,17.080355],[-96.719992,17.081057],[-96.719763,17.081675]]]}},{"type":"Feature","properties":{"colonia_id":71,"nombre":"EL PARAISO","cp":68010,"demarcacion_principal":"Santa Rosa Panzacola","partida":false,"secciones":["0483"]},"geometry":{"type":"Polygon","coordinates":[[[-96.75184,17.101819],[-96.751518,17.102397],[-96.751263,17.102692],[-96.751063,17.102819],[-96.750914,17.10306],[-96.750347,17.103207],[-96.749823,17.101997],[-96.751597,17.101273],[-96.75184,17.101819]]]}},{"type":"Feature","properties":{"colonia_id":72,"nombre":"EL RETIRO","cp":68044,"demarcacion_principal":"Cabecera Municipal","partida":false,"secciones":["0489"]},"geometry":{"type":"Polygon","coordinates":[[[-96.72031,17.087373],[-96.717933,17.086675],[-96.718422,17.085232],[-96.719446,17.085535],[-96.719573,17.085182],[-96.718563,17.084815],[-96.719116,17.083274],[-96.719182,17.082704],[-96.719426,17.082728],[-96.719892,17.08288],[-96.720213,17.083346],[-96.719642,17.083419],[-96.719517,17.083528],[-96.719474,17.083685],[-96.719546,17.083848],[-96.719775,17.084105],[-96.719864,17.084629],[-96.719762,17.085213],[-96.719525,17.086038],[-96.719718,17.086244],[-96.719972,17.086653],[-96.72031,17.087373]]]}},{"type":"Feature","properties":{"colonia_id":73,"nombre":"EL RODEO GUADALUPE","cp":68026,"demarcacion_principal":"Guadalupe Victoria","partida":false,"secciones":["0481"]},"geometry":{"type":"Polygon","coordinates":[[[-96.720083,17.09766],[-96.720287,17.0983],[-96.720272,17.099271],[-96.720751,17.099465],[-96.720026,17.099496],[-96.719672,17.099363],[-96.71943,17.099212],[-96.719307,17.099022],[-96.719273,17.098618],[-96.719487,17.098304],[-96.719815,17.098032],[-96.720083,17.09766]]]}},{"type":"Feature","properties":{"colonia_id":74,"nombre":"EL ROSARIO","cp":68157,"demarcacion_principal":"San Juan Chapultepec","partida":true,"secciones":["0597","0590"]},"geometry":{"type":"Polygon","coordinates":[[[-96.73254,17.050037],[-96.73449,17.051204],[-96.734573,17.051312],[-96.735181,17.05163],[-96.734665,17.051932],[-96.734863,17.05234],[-96.734503,17.052536],[-96.73484,17.052889],[-96.73493,17.05343],[-96.734747,17.053515],[-96.73491,17.053768],[-96.73512,17.0545],[-96.732065,17.053963],[-96.730174,17.05294],[-96.729651,17.051932],[-96.7292,17.052593],[-96.728738,17.051241],[-96.728492,17.05098],[-96.727868,17.050613],[-96.728192,17.050346],[-96.728733,17.050106],[-96.728826,17.050009],[-96.730821,17.049462],[-96.730991,17.049477],[-96.731261,17.049626],[-96.732031,17.049815],[-96.73254,17.050037]]]}},{"type":"Feature","properties":{"colonia_id":75,"nombre":"ELISEO JIMENEZ RUIZ","cp":68120,"demarcacion_principal":"Cabecera Municipal","partida":true,"secciones":["0607","0606","0614","0613","0611"]},"geometry":{"type":"Polygon","coordinates":[[[-96.72258,17.051727],[-96.722995,17.049629],[-96.720181,17.049143],[-96.720391,17.047936],[-96.720047,17.047884],[-96.720528,17.045678],[-96.720908,17.04323],[-96.72353,17.046938],[-96.726131,17.050434],[-96.726381,17.050834],[-96.72258,17.051727]]]}},{"type":"Feature","properties":{"colonia_id":76,"nombre":"ELSA","cp":68010,"demarcacion_principal":"Guadalupe Victoria","partida":true,"secciones":["0505","0504"]},"geometry":{"type":"Polygon","coordinates":[[[-96.752138,17.087128],[-96.748506,17.088638],[-96.748039,17.088899],[-96.747791,17.088612],[-96.747208,17.087654],[-96.745838,17.08447],[-96.746261,17.084309],[-96.746697,17.084215],[-96.747079,17.084229],[-96.747541,17.084092],[-96.746952,17.083112],[-96.746432,17.08211],[-96.745174,17.082725],[-96.745149,17.082809],[-96.744941,17.082897],[-96.744871,17.082873],[-96.74359,17.080056],[-96.747255,17.078375],[-96.751321,17.085734],[-96.752138,17.087128]]]}},{"type":"Feature","properties":{"colonia_id":77,"nombre":"EMILIANO ZAPATA","cp":68010,"demarcacion_principal":"Cabecera Municipal","partida":true,"secciones":["0540","0559"]},"geometry":{"type":"Polygon","coordinates":[[[-96.745547,17.071283],[-96.745527,17.071198],[-96.745207,17.070892],[-96.743309,17.071366],[-96.742206,17.069258],[-96.743396,17.069051],[-96.74327,17.068396],[-96.742412,17.068556],[-96.741859,17.068594],[-96.740314,17.065712],[-96.740648,17.065203],[-96.740974,17.065036],[-96.741905,17.064724],[-96.743027,17.064206],[-96.743272,17.066316],[-96.743239,17.066694],[-96.744166,17.066631],[-96.744193,17.066811],[-96.744576,17.066807],[-96.744188,17.064502],[-96.745256,17.064915],[-96.745614,17.064986],[-96.745936,17.064932],[-96.745884,17.064979],[-96.746289,17.068215],[-96.745647,17.06787],[-96.745926,17.071211],[-96.745547,17.071283]],[[-96.745509,17.066809],[-96.745489,17.066656],[-96.745125,17.066704],[-96.745146,17.06685],[-96.745509,17.066809]]]}},{"type":"Feature","properties":{"colonia_id":78,"nombre":"ESTADO DE OAXACA","cp":68010,"demarcacion_principal":"Montoya","partida":true,"secciones":["0524","0540","0541"]},"geometry":{"type":"Polygon","coordinates":[[[-96.756794,17.07425],[-96.756347,17.074725],[-96.755619,17.074932],[-96.754651,17.075015],[-96.752952,17.075744],[-96.748154,17.07796],[-96.748,17.077338],[-96.747534,17.074722],[-96.747275,17.073905],[-96.746921,17.072986],[-96.746798,17.072821],[-96.74602,17.072087],[-96.745647,17.06787],[-96.755157,17.072984],[-96.755637,17.073209],[-96.756288,17.073258],[-96.756794,17.07425]]]}},{"type":"Feature","properties":{"colonia_id":79,"nombre":"ESTRELLA","cp":68040,"demarcacion_principal":"Cabecera Municipal","partida":false,"secciones":["0527","0536"]},"geometry":{"type":"Polygon","coordinates":[[[-96.732747,17.080529],[-96.73137,17.080413],[-96.730074,17.07979],[-96.728906,17.079572],[-96.728892,17.080086],[-96.728628,17.079824],[-96.728535,17.079639],[-96.728229,17.079574],[-96.728035,17.079604],[-96.727907,17.079275],[-96.727925,17.078966],[-96.72787,17.078829],[-96.727385,17.078391],[-96.726899,17.078292],[-96.726068,17.078228],[-96.726488,17.073531],[-96.726633,17.073194],[-96.727668,17.07349],[-96.727875,17.073414],[-96.72805,17.073186],[-96.728058,17.072515],[-96.728132,17.072269],[-96.728334,17.072045],[-96.72916,17.071479],[-96.729425,17.071382],[-96.730366,17.071273],[-96.730596,17.071146],[-96.730698,17.070914],[-96.730682,17.070742],[-96.730592,17.070494],[-96.729962,17.069337],[-96.729929,17.069158],[-96.729962,17.068762],[-96.73012,17.068463],[-96.731031,17.06738],[-96.731347,17.067238],[-96.731675,17.067335],[-96.732244,17.068153],[-96.732528,17.068411],[-96.733775,17.069237],[-96.734092,17.069621],[-96.734218,17.070073],[-96.734228,17.070294],[-96.733891,17.07169],[-96.734441,17.072663],[-96.734456,17.073039],[-96.734247,17.073372],[-96.734084,17.073527],[-96.733877,17.073484],[-96.733762,17.073549],[-96.733484,17.073561],[-96.733238,17.07363],[-96.733206,17.073763],[-96.733096,17.073844],[-96.732942,17.074069],[-96.732521,17.074292],[-96.732424,17.074289],[-96.732225,17.074673],[-96.732005,17.075365],[-96.731953,17.076012],[-96.732044,17.076493],[-96.732722,17.077507],[-96.732788,17.077745],[-96.732759,17.077811],[-96.732301,17.078114],[-96.731807,17.078331],[-96.731441,17.078397],[-96.731335,17.078463],[-96.73108,17.078741],[-96.73093,17.079074],[-96.730944,17.079246],[-96.731016,17.079372],[-96.732237,17.080045],[-96.732747,17.080529]],[[-96.729792,17.077701],[-96.731126,17.077625],[-96.731299,17.077114],[-96.729668,17.076268],[-96.729427,17.075995],[-96.729147,17.075473],[-96.728941,17.075325],[-96.728822,17.075071],[-96.728377,17.075168],[-96.727912,17.075081],[-96.727743,17.075618],[-96.728643,17.076652],[-96.729206,17.077575],[-96.729792,17.077701]]]}},{"type":"Feature","properties":{"colonia_id":80,"nombre":"EUCALIPTOS","cp":68050,"demarcacion_principal":"Pueblo Nuevo","partida":false,"secciones":["2475","2476"]},"geometry":{"type":"Polygon","coordinates":[[[-96.767041,17.125948],[-96.764188,17.122518],[-96.761859,17.119506],[-96.762031,17.11933],[-96.762339,17.118527],[-96.762463,17.118339],[-96.762971,17.118193],[-96.763133,17.118041],[-96.763003,17.117219],[-96.762296,17.115311],[-96.76269,17.115277],[-96.767003,17.119875],[-96.767067,17.120066],[-96.771123,17.124384],[-96.768396,17.125129],[-96.768077,17.125167],[-96.768334,17.125598],[-96.767041,17.125948]]]}},{"type":"Feature","properties":{"colonia_id":81,"nombre":"EX HACIENDA DE AGUILERA","cp":68020,"demarcacion_principal":"Cabecera Municipal","partida":false,"secciones":["0489"]},"geometry":{"type":"Polygon","coordinates":[[[-96.717188,17.089007],[-96.714424,17.08744],[-96.715131,17.085995],[-96.715291,17.085805],[-96.716153,17.085209],[-96.716544,17.084407],[-96.716741,17.083276],[-96.716957,17.082475],[-96.717377,17.082488],[-96.719182,17.082704],[-96.719116,17.083274],[-96.717933,17.086675],[-96.717188,17.089007]]]}},{"type":"Feature","properties":{"colonia_id":82,"nombre":"EX MARQUEZADO","cp":68010,"demarcacion_principal":"Cabecera Municipal","partida":true,"secciones":["0545","0566","0539","0536","0567","0574","0537","0538"]},"geometry":{"type":"Polygon","coordinates":[[[-96.738597,17.075476],[-96.73812,17.075702],[-96.737447,17.074282],[-96.736967,17.073468],[-96.735762,17.073356],[-96.735786,17.073095],[-96.735868,17.073047],[-96.736045,17.073088],[-96.736184,17.072719],[-96.736296,17.072641],[-96.736591,17.073069],[-96.736742,17.073158],[-96.736911,17.073131],[-96.737665,17.072795],[-96.736683,17.07098],[-96.736116,17.07139],[-96.736023,17.071428],[-96.735633,17.071419],[-96.735614,17.070413],[-96.735515,17.069954],[-96.735381,17.069541],[-96.734859,17.068686],[-96.733603,17.067644],[-96.7329,17.066733],[-96.732713,17.066586],[-96.732643,17.066652],[-96.732414,17.066444],[-96.731955,17.066171],[-96.732529,17.065818],[-96.733244,17.06548],[-96.731378,17.063281],[-96.732491,17.063445],[-96.732929,17.063643],[-96.733948,17.064464],[-96.7357,17.063873],[-96.736599,17.065929],[-96.736767,17.0671],[-96.738449,17.070912],[-96.739861,17.072611],[-96.74058,17.073885],[-96.741157,17.075094],[-96.740803,17.075284],[-96.740771,17.075394],[-96.740688,17.075443],[-96.739001,17.076266],[-96.738597,17.075476]]]}},{"type":"Feature","properties":{"colonia_id":83,"nombre":"EX-HACIENDA CANDIANI","cp":68130,"demarcacion_principal":"Candiani","partida":false,"secciones":["0615"]},"geometry":{"type":"Polygon","coordinates":[[[-96.718149,17.041565],[-96.715272,17.04085],[-96.713296,17.039462],[-96.713286,17.038147],[-96.711086,17.0375],[-96.713348,17.034287],[-96.713621,17.033874],[-96.71383,17.033395],[-96.718121,17.039355],[-96.718149,17.041565]]]}},{"type":"Feature","properties":{"colonia_id":84,"nombre":"EXHACIENDA SANTA ROSA","cp":68039,"demarcacion_principal":"Santa Rosa Panzacola","partida":false,"secciones":["0486","0503","0502"]},"geometry":{"type":"Polygon","coordinates":[[[-96.744537,17.095319],[-96.744337,17.094909],[-96.744835,17.094697],[-96.744787,17.09442],[-96.745291,17.092711],[-96.744498,17.090369],[-96.744209,17.089795],[-96.746211,17.088861],[-96.74854,17.094162],[-96.74642,17.094966],[-96.74546,17.095016],[-96.74551,17.09532],[-96.745233,17.095065],[-96.745081,17.095025],[-96.744537,17.095319]],[[-96.746328,17.092328],[-96.746193,17.091993],[-96.745892,17.092107],[-96.745996,17.092427],[-96.746328,17.092328]]]}},{"type":"Feature","properties":{"colonia_id":85,"nombre":"FALDAS DEL FORTIN","cp":68068,"demarcacion_principal":"Cabecera Municipal","partida":true,"secciones":["0557","0536","0567"]},"geometry":{"type":"Polygon","coordinates":[[[-96.734912,17.070666],[-96.734747,17.07076],[-96.734145,17.070657],[-96.734228,17.070294],[-96.734203,17.069937],[-96.734092,17.069621],[-96.733952,17.069436],[-96.733775,17.069237],[-96.733462,17.068999],[-96.732528,17.068411],[-96.732244,17.068153],[-96.731675,17.067335],[-96.731347,17.067238],[-96.731131,17.067318],[-96.73042,17.06628],[-96.730286,17.065904],[-96.73094,17.065887],[-96.731434,17.065951],[-96.731999,17.06619],[-96.732414,17.066444],[-96.732643,17.066652],[-96.732713,17.066586],[-96.7329,17.066733],[-96.733603,17.067644],[-96.734859,17.068686],[-96.735381,17.069541],[-96.735614,17.070413],[-96.735605,17.070661],[-96.734912,17.070666]]]}},{"type":"Feature","properties":{"colonia_id":86,"nombre":"FLAVIO PEREZ GAZGA","cp":68066,"demarcacion_principal":"Cabecera Municipal","partida":false,"secciones":["0538","0536"]},"geometry":{"type":"Polygon","coordinates":[[[-96.735605,17.070661],[-96.735633,17.071419],[-96.736023,17.071428],[-96.736116,17.07139],[-96.736683,17.07098],[-96.737665,17.072795],[-96.736911,17.073131],[-96.736742,17.073158],[-96.736591,17.073069],[-96.736296,17.072641],[-96.736184,17.072719],[-96.736045,17.073088],[-96.735868,17.073047],[-96.735786,17.073095],[-96.735164,17.073086],[-96.735117,17.073162],[-96.734913,17.073143],[-96.735091,17.072876],[-96.735023,17.072259],[-96.734651,17.071855],[-96.734554,17.071683],[-96.734505,17.071399],[-96.73457,17.071062],[-96.734747,17.07076],[-96.734912,17.070666],[-96.735605,17.070661]]]}},{"type":"Feature","properties":{"colonia_id":87,"nombre":"FLORES MAGON","cp":68020,"demarcacion_principal":"Cabecera Municipal","partida":false,"secciones":["0489"]},"geometry":{"type":"Polygon","coordinates":[[[-96.712125,17.091567],[-96.711068,17.091542],[-96.710294,17.091438],[-96.710502,17.090289],[-96.709674,17.089893],[-96.709975,17.089399],[-96.710559,17.088717],[-96.711662,17.089181],[-96.712073,17.089263],[-96.712279,17.089224],[-96.712046,17.089734],[-96.711877,17.089884],[-96.711838,17.09002],[-96.711863,17.090666],[-96.712165,17.091238],[-96.712188,17.091379],[-96.712125,17.091567]]]}},{"type":"Feature","properties":{"colonia_id":88,"nombre":"FRACCION PONIENTE","cp":68090,"demarcacion_principal":"San Martín Mexicapam de Cárdenas","partida":false,"secciones":["0576"]},"geometry":{"type":"Polygon","coordinates":[[[-96.746326,17.0599],[-96.745856,17.060213],[-96.745678,17.059894],[-96.745931,17.059742],[-96.746767,17.05901],[-96.747514,17.058679],[-96.747859,17.058688],[-96.748247,17.059233],[-96.748682,17.059233],[-96.748747,17.059476],[-96.748336,17.059641],[-96.747187,17.061407],[-96.746326,17.0599]]]}},{"type":"Feature","properties":{"colonia_id":89,"nombre":"FRANCISCO I MADERO","cp":68010,"demarcacion_principal":"Cabecera Municipal","partida":false,"secciones":["0565","0558"]},"geometry":{"type":"Polygon","coordinates":[[[-96.737664,17.067825],[-96.737627,17.067477],[-96.737739,17.06652],[-96.737856,17.066319],[-96.73814,17.06601],[-96.737312,17.066246],[-96.736989,17.066192],[-96.736599,17.065929],[-96.735808,17.064111],[-96.735854,17.063888],[-96.73593,17.063864],[-96.736941,17.064486],[-96.739014,17.065304],[-96.740314,17.065712],[-96.741689,17.068268],[-96.738519,17.069338],[-96.738468,17.069016],[-96.73765,17.06911],[-96.737109,17.067947],[-96.737664,17.067825]]]}},{"type":"Feature","properties":{"colonia_id":90,"nombre":"GUADALUPE VICTORIA","cp":68026,"demarcacion_principal":"Guadalupe Victoria","partida":true,"secciones":["0481","0488"]},"geometry":{"type":"Polygon","coordinates":[[[-96.735773,17.114957],[-96.735484,17.115229],[-96.733601,17.113298],[-96.73346,17.113201],[-96.731227,17.113067],[-96.730481,17.11312],[-96.729845,17.113434],[-96.729577,17.113394],[-96.728931,17.112898],[-96.728617,17.112738],[-96.72655,17.111748],[-96.726349,17.111754],[-96.726214,17.11179],[-96.726117,17.111881],[-96.726087,17.112028],[-96.726167,17.112471],[-96.726734,17.113943],[-96.726779,17.11421],[-96.726706,17.114652],[-96.72673,17.11503],[-96.726892,17.115898],[-96.72661,17.116235],[-96.726243,17.116508],[-96.725898,17.116495],[-96.725747,17.116281],[-96.725523,17.115053],[-96.7254,17.114877],[-96.724192,17.1142],[-96.724079,17.114014],[-96.723606,17.113511],[-96.723425,17.113389],[-96.722947,17.113356],[-96.722678,17.113408],[-96.722456,17.113544],[-96.722201,17.114048],[-96.722065,17.114185],[-96.721862,17.114275],[-96.721538,17.11417],[-96.720497,17.113061],[-96.719568,17.112274],[-96.719906,17.111814],[-96.720133,17.111633],[-96.72037,17.11134],[-96.720873,17.11033],[-96.720885,17.10997],[-96.721131,17.109565],[-96.721248,17.109574],[-96.721267,17.109398],[-96.721218,17.109254],[-96.720939,17.108995],[-96.721025,17.108716],[-96.720994,17.108547],[-96.720903,17.108506],[-96.720336,17.108604],[-96.719838,17.108526],[-96.71926,17.108294],[-96.71898,17.107973],[-96.719081,17.107265],[-96.719097,17.106583],[-96.718969,17.106189],[-96.719095,17.104719],[-96.719088,17.104559],[-96.718992,17.104302],[-96.718794,17.104132],[-96.718487,17.10408],[-96.718046,17.104083],[-96.717561,17.104342],[-96.717193,17.104474],[-96.716823,17.104101],[-96.716082,17.103826],[-96.715334,17.103437],[-96.714661,17.103356],[-96.715158,17.103114],[-96.71519,17.102999],[-96.715157,17.102943],[-96.714926,17.102889],[-96.714827,17.102806],[-96.714752,17.102559],[-96.71482,17.102429],[-96.71546,17.102364],[-96.715666,17.102282],[-96.71585,17.102107],[-96.71591,17.101948],[-96.715896,17.10174],[-96.715806,17.101627],[-96.715235,17.101285],[-96.715354,17.10111],[-96.715374,17.100779],[-96.71555,17.100744],[-96.716073,17.100465],[-96.716131,17.100239],[-96.715994,17.099852],[-96.716257,17.099376],[-96.716301,17.099169],[-96.716245,17.099025],[-96.715932,17.098733],[-96.716019,17.098544],[-96.717254,17.099367],[-96.717385,17.100274],[-96.717992,17.100243],[-96.718271,17.099305],[-96.718332,17.098693],[-96.718277,17.098412],[-96.718153,17.098214],[-96.717821,17.097887],[-96.717666,17.09666],[-96.717712,17.096268],[-96.717215,17.09631],[-96.716699,17.096083],[-96.716671,17.0958],[-96.716725,17.095432],[-96.716978,17.095132],[-96.717328,17.09502],[-96.718313,17.094371],[-96.718942,17.094289],[-96.719337,17.094051],[-96.719412,17.093498],[-96.719314,17.092366],[-96.720019,17.092457],[-96.72014,17.092649],[-96.720249,17.093214],[-96.720505,17.093225],[-96.720822,17.092299],[-96.720855,17.092075],[-96.723934,17.092066],[-96.725016,17.091769],[-96.725231,17.091652],[-96.725411,17.091675],[-96.725833,17.092436],[-96.725969,17.092437],[-96.72609,17.0925],[-96.726216,17.092712],[-96.72633,17.092802],[-96.726588,17.092959],[-96.727169,17.093025],[-96.727381,17.093152],[-96.726839,17.093442],[-96.726291,17.09418],[-96.727396,17.094916],[-96.728086,17.095456],[-96.72828,17.096035],[-96.728429,17.096171],[-96.72886,17.096798],[-96.729735,17.09737],[-96.729913,17.097346],[-96.730529,17.097561],[-96.728985,17.0984],[-96.728892,17.098515],[-96.728911,17.098664],[-96.729595,17.099447],[-96.73026,17.099832],[-96.730876,17.100063],[-96.730999,17.100524],[-96.731108,17.100637],[-96.73126,17.100756],[-96.731717,17.100929],[-96.730173,17.101214],[-96.729666,17.101412],[-96.729422,17.101577],[-96.729522,17.101831],[-96.729711,17.101982],[-96.72996,17.102539],[-96.730446,17.10304],[-96.730519,17.103337],[-96.730513,17.103718],[-96.730614,17.103966],[-96.730961,17.104017],[-96.731475,17.103944],[-96.731587,17.104094],[-96.731875,17.104774],[-96.730719,17.105079],[-96.731376,17.105395],[-96.731737,17.105737],[-96.732198,17.106764],[-96.732487,17.107253],[-96.73292,17.107839],[-96.733873,17.108768],[-96.734098,17.10909],[-96.734651,17.109439],[-96.73537,17.11001],[-96.736247,17.110285],[-96.736097,17.110576],[-96.736117,17.110805],[-96.736194,17.110958],[-96.736121,17.11137],[-96.735937,17.11165],[-96.735866,17.111878],[-96.73573,17.111985],[-96.735671,17.112147],[-96.735409,17.112296],[-96.735283,17.11249],[-96.735392,17.113104],[-96.73547,17.113233],[-96.735486,17.113561],[-96.735782,17.114179],[-96.73587,17.114534],[-96.735773,17.114957]],[[-96.719672,17.099363],[-96.720026,17.099496],[-96.720751,17.099465],[-96.720272,17.099271],[-96.720287,17.0983],[-96.720083,17.09766],[-96.719815,17.098032],[-96.719487,17.098304],[-96.719273,17.098618],[-96.719307,17.099022],[-96.71943,17.099212],[-96.719672,17.099363]]]}},{"type":"Feature","properties":{"colonia_id":91,"nombre":"GUADALUPE VICTORIA 2DA SECCION OESTE","cp":68030,"demarcacion_principal":"Cabecera Municipal","partida":false,"secciones":["0500"]},"geometry":{"type":"Polygon","coordinates":[[[-96.732487,17.107253],[-96.732198,17.106764],[-96.731737,17.105737],[-96.734123,17.10508],[-96.734034,17.104519],[-96.733688,17.104585],[-96.733493,17.103403],[-96.732193,17.10383],[-96.730961,17.104017],[-96.730614,17.103966],[-96.730513,17.103718],[-96.730519,17.103337],[-96.730446,17.10304],[-96.72996,17.102539],[-96.729711,17.101982],[-96.729522,17.101831],[-96.729422,17.101577],[-96.729666,17.101412],[-96.730173,17.101214],[-96.731717,17.100929],[-96.732184,17.101147],[-96.732225,17.101207],[-96.732294,17.101839],[-96.732648,17.101965],[-96.733396,17.102015],[-96.733214,17.101577],[-96.733189,17.10138],[-96.733093,17.101233],[-96.732999,17.100767],[-96.732674,17.100093],[-96.732512,17.099454],[-96.732431,17.099022],[-96.732445,17.098541],[-96.732511,17.098176],[-96.73241,17.097976],[-96.732323,17.097613],[-96.733853,17.097047],[-96.734992,17.096968],[-96.735114,17.096913],[-96.73529,17.096643],[-96.735468,17.096472],[-96.735693,17.096391],[-96.73584,17.096222],[-96.736344,17.096792],[-96.736549,17.096906],[-96.736877,17.097228],[-96.736918,17.097366],[-96.736878,17.097484],[-96.7369,17.097945],[-96.737309,17.098589],[-96.737318,17.09887],[-96.737207,17.099205],[-96.73755,17.100293],[-96.737489,17.100442],[-96.736638,17.10143],[-96.73651,17.10165],[-96.73569,17.102417],[-96.735119,17.103127],[-96.735235,17.103939],[-96.735616,17.10483],[-96.735542,17.105449],[-96.735238,17.106137],[-96.735124,17.106718],[-96.735128,17.10695],[-96.735375,17.107648],[-96.735388,17.108347],[-96.735504,17.108656],[-96.735606,17.109187],[-96.735738,17.109397],[-96.736076,17.10972],[-96.736284,17.110035],[-96.736247,17.110285],[-96.73537,17.11001],[-96.734651,17.109439],[-96.734098,17.10909],[-96.733873,17.108768],[-96.73292,17.107839],[-96.732487,17.107253]]]}},{"type":"Feature","properties":{"colonia_id":92,"nombre":"GUDALUPE VICTORIA","cp":68030,"demarcacion_principal":"Cabecera Municipal","partida":false,"secciones":["0500"]},"geometry":{"type":"Polygon","coordinates":[[[-96.734099,17.092887],[-96.734154,17.093517],[-96.734679,17.094183],[-96.735232,17.094656],[-96.73535,17.095116],[-96.73537,17.095502],[-96.735561,17.095911],[-96.73584,17.096222],[-96.735693,17.096391],[-96.735468,17.096472],[-96.73529,17.096643],[-96.735114,17.096913],[-96.734992,17.096968],[-96.733853,17.097047],[-96.732323,17.097613],[-96.73241,17.097976],[-96.732511,17.098176],[-96.732445,17.098541],[-96.732431,17.099022],[-96.732512,17.099454],[-96.732674,17.100093],[-96.732999,17.100767],[-96.733093,17.101233],[-96.733189,17.10138],[-96.733214,17.101577],[-96.733396,17.102015],[-96.732648,17.101965],[-96.732294,17.101839],[-96.732305,17.101692],[-96.732184,17.101147],[-96.73126,17.100756],[-96.730999,17.100524],[-96.730876,17.100063],[-96.73026,17.099832],[-96.729595,17.099447],[-96.728911,17.098664],[-96.728892,17.098515],[-96.728985,17.0984],[-96.730529,17.097561],[-96.729913,17.097346],[-96.729735,17.09737],[-96.72886,17.096798],[-96.728429,17.096171],[-96.72828,17.096035],[-96.728086,17.095456],[-96.727396,17.094916],[-96.726291,17.09418],[-96.726839,17.093442],[-96.727474,17.093115],[-96.72838,17.092229],[-96.728659,17.09268],[-96.728957,17.093011],[-96.729242,17.09316],[-96.729533,17.093199],[-96.729984,17.093069],[-96.73046,17.093033],[-96.730564,17.092883],[-96.730604,17.092723],[-96.730455,17.092544],[-96.729962,17.092185],[-96.731631,17.090973],[-96.731869,17.090404],[-96.733512,17.089636],[-96.733574,17.089647],[-96.733483,17.090073],[-96.733491,17.090337],[-96.733552,17.090771],[-96.733697,17.091146],[-96.733633,17.091563],[-96.733749,17.092002],[-96.734099,17.092887]]]}},{"type":"Feature","properties":{"colonia_id":93,"nombre":"GUELAGUETZA","cp":68040,"demarcacion_principal":"Cabecera Municipal","partida":false,"secciones":["0546"]},"geometry":{"type":"Polygon","coordinates":[[[-96.727668,17.07349],[-96.727018,17.073302],[-96.727703,17.069652],[-96.727544,17.068633],[-96.72749,17.06777],[-96.729722,17.068398],[-96.729937,17.068396],[-96.73012,17.068463],[-96.729962,17.068762],[-96.729929,17.069158],[-96.729962,17.069337],[-96.730592,17.070494],[-96.73025,17.070361],[-96.730129,17.070094],[-96.729692,17.06945],[-96.729466,17.069469],[-96.729457,17.070256],[-96.729315,17.070506],[-96.728743,17.070679],[-96.728503,17.070635],[-96.728405,17.071119],[-96.728201,17.071643],[-96.728679,17.071823],[-96.728334,17.072045],[-96.728132,17.072269],[-96.728058,17.072515],[-96.72805,17.073186],[-96.727875,17.073414],[-96.727668,17.07349]]]}},{"type":"Feature","properties":{"colonia_id":94,"nombre":"HACIENDA","cp":68000,"demarcacion_principal":"Cabecera Municipal","partida":false,"secciones":["0549"]},"geometry":{"type":"Polygon","coordinates":[[[-96.718571,17.07064],[-96.718296,17.07059],[-96.717919,17.070332],[-96.718123,17.069303],[-96.718813,17.06937],[-96.718571,17.07064]]]}},{"type":"Feature","properties":{"colonia_id":95,"nombre":"HACIENDA DE ANTEQUERA","cp":68130,"demarcacion_principal":"Candiani","partida":false,"secciones":["0615"]},"geometry":{"type":"Polygon","coordinates":[[[-96.718092,17.044789],[-96.716362,17.044523],[-96.716548,17.041797],[-96.716609,17.041744],[-96.717648,17.042514],[-96.717598,17.043031],[-96.718174,17.043035],[-96.718092,17.044789]]]}},{"type":"Feature","properties":{"colonia_id":96,"nombre":"HELADIO RAMIREZ LOPEZ","cp":68130,"demarcacion_principal":"Santa Rosa Panzacola","partida":false,"secciones":["2479","2478"]},"geometry":{"type":"Polygon","coordinates":[[[-96.742481,17.10207],[-96.741433,17.101815],[-96.741327,17.101754],[-96.74107,17.101452],[-96.740892,17.101454],[-96.740708,17.101592],[-96.740402,17.101625],[-96.74029,17.101946],[-96.740004,17.102287],[-96.739789,17.102416],[-96.739671,17.102402],[-96.739115,17.102032],[-96.738794,17.101628],[-96.738743,17.101348],[-96.73867,17.101207],[-96.738522,17.101182],[-96.738189,17.100971],[-96.737849,17.100474],[-96.738269,17.099972],[-96.738628,17.099203],[-96.73916,17.09878],[-96.739267,17.098375],[-96.739426,17.098306],[-96.739706,17.097949],[-96.740474,17.097224],[-96.740487,17.097574],[-96.740387,17.097759],[-96.740386,17.097913],[-96.740928,17.097568],[-96.741888,17.098065],[-96.742073,17.098293],[-96.74232,17.098833],[-96.742376,17.098777],[-96.742852,17.098819],[-96.743197,17.098764],[-96.743274,17.09911],[-96.743211,17.099813],[-96.742857,17.100463],[-96.743084,17.100737],[-96.743199,17.100804],[-96.743419,17.100777],[-96.744814,17.099937],[-96.745275,17.100066],[-96.745485,17.100254],[-96.745531,17.100425],[-96.745517,17.100769],[-96.745272,17.101245],[-96.744858,17.101543],[-96.743442,17.102392],[-96.743312,17.102426],[-96.742919,17.102406],[-96.742481,17.10207]]]}},{"type":"Feature","properties":{"colonia_id":97,"nombre":"HOTELEROS","cp":68016,"demarcacion_principal":"Santa Rosa Panzacola","partida":false,"secciones":["0483","2478"]},"geometry":{"type":"Polygon","coordinates":[[[-96.750948,17.099782],[-96.7515,17.101017],[-96.751455,17.101064],[-96.750975,17.101081],[-96.750381,17.100867],[-96.750215,17.100735],[-96.74994,17.100793],[-96.749728,17.100671],[-96.749516,17.100627],[-96.749358,17.1005],[-96.749194,17.100443],[-96.749021,17.100444],[-96.748141,17.100771],[-96.747059,17.101395],[-96.746714,17.101659],[-96.745775,17.101868],[-96.744881,17.101897],[-96.745035,17.101651],[-96.745135,17.101344],[-96.745272,17.101245],[-96.745545,17.100666],[-96.745531,17.100425],[-96.745375,17.099937],[-96.74576,17.09975],[-96.745713,17.099672],[-96.746031,17.099399],[-96.745996,17.099038],[-96.74636,17.099055],[-96.746597,17.099189],[-96.74716,17.098848],[-96.747359,17.09861],[-96.74773,17.098303],[-96.748243,17.098009],[-96.749964,17.097429],[-96.750948,17.099782]]]}},{"type":"Feature","properties":{"colonia_id":98,"nombre":"ILUSION","cp":68036,"demarcacion_principal":"Montoya","partida":false,"secciones":["0524"]},"geometry":{"type":"Polygon","coordinates":[[[-96.764494,17.075936],[-96.764513,17.075546],[-96.764161,17.073701],[-96.764308,17.0736],[-96.766594,17.073432],[-96.767564,17.073408],[-96.767797,17.073345],[-96.767922,17.074011],[-96.766365,17.074997],[-96.764494,17.075936]]]}},{"type":"Feature","properties":{"colonia_id":99,"nombre":"INDEPENDENCIA","cp":68080,"demarcacion_principal":"Cabecera Municipal","partida":false,"secciones":["0585"]},"geometry":{"type":"Polygon","coordinates":[[[-96.716141,17.060141],[-96.714174,17.059743],[-96.714281,17.058773],[-96.716344,17.059227],[-96.716141,17.060141]]]}},{"type":"Feature","properties":{"colonia_id":100,"nombre":"INFONAVIT 1RO DE MAYO","cp":68020,"demarcacion_principal":"Cabecera Municipal","partida":false,"secciones":["0511","0498","0499","0519","0512"]},"geometry":{"type":"Polygon","coordinates":[[[-96.709975,17.089399],[-96.709709,17.08924],[-96.709308,17.08843],[-96.70814,17.085828],[-96.706484,17.081944],[-96.706331,17.080789],[-96.712141,17.081503],[-96.711882,17.083599],[-96.711525,17.084121],[-96.711398,17.084408],[-96.711293,17.085235],[-96.711413,17.085524],[-96.711814,17.086178],[-96.711798,17.08663],[-96.712019,17.086523],[-96.712306,17.086478],[-96.712623,17.086541],[-96.712933,17.086647],[-96.713931,17.08715],[-96.713689,17.087549],[-96.71394,17.087662],[-96.713986,17.087632],[-96.714267,17.087793],[-96.714128,17.088652],[-96.713804,17.089009],[-96.713541,17.089431],[-96.712834,17.088896],[-96.712666,17.089056],[-96.712465,17.089162],[-96.712073,17.089263],[-96.711662,17.089181],[-96.710559,17.088717],[-96.709975,17.089399]]]}},{"type":"Feature","properties":{"colonia_id":101,"nombre":"ISSSTE","cp":68040,"demarcacion_principal":"Cabecera Municipal","partida":false,"secciones":["0520"]},"geometry":{"type":"Polygon","coordinates":[[[-96.723284,17.084983],[-96.720419,17.083867],[-96.720464,17.083726],[-96.720975,17.083147],[-96.721198,17.08308],[-96.721356,17.082959],[-96.722094,17.081914],[-96.723482,17.082118],[-96.724394,17.082877],[-96.725061,17.082877],[-96.726423,17.083198],[-96.726429,17.08327],[-96.726493,17.083313],[-96.726708,17.083333],[-96.726647,17.083805],[-96.724907,17.083553],[-96.724833,17.084015],[-96.724271,17.083994],[-96.723764,17.084377],[-96.723284,17.084983]]]}},{"type":"Feature","properties":{"colonia_id":102,"nombre":"ITANDEHUI","cp":68149,"demarcacion_principal":"San Martín Mexicapam de Cárdenas","partida":false,"secciones":["0561"]},"geometry":{"type":"Polygon","coordinates":[[[-96.753499,17.065109],[-96.753027,17.063787],[-96.752584,17.063753],[-96.75378,17.063145],[-96.754231,17.063934],[-96.754105,17.06407],[-96.754006,17.06436],[-96.753946,17.064875],[-96.753499,17.065109]]]}},{"type":"Feature","properties":{"colonia_id":103,"nombre":"JACARANDAS","cp":68010,"demarcacion_principal":"San Martín Mexicapam de Cárdenas","partida":false,"secciones":["0559","0541"]},"geometry":{"type":"Polygon","coordinates":[[[-96.748452,17.069371],[-96.747036,17.068615],[-96.746598,17.064794],[-96.746552,17.064748],[-96.747107,17.064502],[-96.749337,17.066321],[-96.749754,17.066573],[-96.750167,17.066687],[-96.74969,17.06692],[-96.748452,17.069371]]]}},{"type":"Feature","properties":{"colonia_id":104,"nombre":"JALATLACO","cp":68080,"demarcacion_principal":"Cabecera Municipal","partida":false,"secciones":["0554","0569","0549","0570","0555","0585"]},"geometry":{"type":"Polygon","coordinates":[[[-96.718294,17.071263],[-96.715703,17.070661],[-96.714541,17.070493],[-96.713628,17.070417],[-96.714297,17.065308],[-96.712256,17.065057],[-96.712267,17.064987],[-96.71124,17.064862],[-96.711468,17.062772],[-96.712986,17.062898],[-96.713983,17.06125],[-96.713798,17.060784],[-96.7143,17.061078],[-96.716266,17.062733],[-96.716895,17.06311],[-96.717145,17.063365],[-96.717251,17.063548],[-96.717473,17.0648],[-96.717427,17.065132],[-96.717276,17.065638],[-96.717288,17.065782],[-96.717754,17.066484],[-96.717801,17.066691],[-96.717697,17.067443],[-96.718349,17.067316],[-96.718123,17.069303],[-96.717919,17.070332],[-96.717744,17.0702],[-96.717805,17.070377],[-96.718283,17.070736],[-96.718356,17.07085],[-96.718294,17.071263]]]}},{"type":"Feature","properties":{"colonia_id":105,"nombre":"JARDIN","cp":68020,"demarcacion_principal":"Cabecera Municipal","partida":false,"secciones":["0493","0492"]},"geometry":{"type":"Polygon","coordinates":[[[-96.703034,17.097107],[-96.702657,17.097009],[-96.702301,17.09683],[-96.702164,17.096828],[-96.701829,17.096003],[-96.699102,17.095132],[-96.698995,17.095344],[-96.698703,17.096356],[-96.69861,17.096524],[-96.698259,17.096896],[-96.698161,17.096927],[-96.698034,17.096803],[-96.696985,17.096136],[-96.697855,17.093872],[-96.698038,17.092555],[-96.698142,17.092282],[-96.698207,17.092294],[-96.69851,17.090862],[-96.698826,17.090908],[-96.69937,17.090851],[-96.699627,17.091618],[-96.70038,17.091573],[-96.70065,17.091463],[-96.701224,17.091496],[-96.701037,17.092591],[-96.701133,17.092565],[-96.701247,17.092724],[-96.701179,17.092912],[-96.701226,17.093085],[-96.701835,17.093359],[-96.702124,17.094116],[-96.702303,17.094361],[-96.702314,17.094506],[-96.702161,17.095062],[-96.702285,17.095197],[-96.702546,17.095281],[-96.702635,17.095361],[-96.702901,17.095929],[-96.703234,17.095977],[-96.703344,17.096075],[-96.703377,17.096231],[-96.703332,17.096502],[-96.703034,17.097107]]]}},{"type":"Feature","properties":{"colonia_id":106,"nombre":"JARDINES","cp":68140,"demarcacion_principal":"San Martín Mexicapam de Cárdenas","partida":true,"secciones":["0575","0540"]},"geometry":{"type":"Polygon","coordinates":[[[-96.740314,17.065712],[-96.739542,17.064253],[-96.738443,17.062339],[-96.738147,17.061608],[-96.739285,17.061583],[-96.739734,17.06151],[-96.740886,17.061003],[-96.742045,17.063251],[-96.742917,17.062906],[-96.743646,17.064314],[-96.743056,17.064195],[-96.741905,17.064724],[-96.740974,17.065036],[-96.740648,17.065203],[-96.740314,17.065712]]]}},{"type":"Feature","properties":{"colonia_id":107,"nombre":"JARDINES DE LA SIERRA","cp":68090,"demarcacion_principal":"San Martín Mexicapam de Cárdenas","partida":false,"secciones":["0576"]},"geometry":{"type":"Polygon","coordinates":[[[-96.744311,17.060052],[-96.743467,17.059144],[-96.745334,17.058248],[-96.745144,17.057928],[-96.744819,17.05807],[-96.744286,17.057483],[-96.745196,17.056677],[-96.746363,17.058205],[-96.746715,17.058029],[-96.747102,17.058847],[-96.746767,17.05901],[-96.745931,17.059742],[-96.745331,17.060085],[-96.744653,17.060164],[-96.744311,17.060052]]]}},{"type":"Feature","properties":{"colonia_id":108,"nombre":"JARDINES DE LAS LOMAS","cp":68036,"demarcacion_principal":"Montoya","partida":false,"secciones":["0524"]},"geometry":{"type":"Polygon","coordinates":[[[-96.762613,17.073519],[-96.759188,17.073188],[-96.758573,17.073254],[-96.7603,17.071065],[-96.760379,17.070634],[-96.76041,17.070086],[-96.760477,17.069959],[-96.760579,17.069998],[-96.760627,17.070132],[-96.761047,17.070074],[-96.761404,17.070168],[-96.763336,17.069982],[-96.762613,17.073519]]]}},{"type":"Feature","properties":{"colonia_id":109,"nombre":"JARDINES DEL VALLE","cp":68130,"demarcacion_principal":"Cinco Señores","partida":false,"secciones":["0609"]},"geometry":{"type":"Polygon","coordinates":[[[-96.711355,17.042684],[-96.709546,17.042462],[-96.709878,17.040114],[-96.711566,17.041289],[-96.711355,17.042684]]]}},{"type":"Feature","properties":{"colonia_id":110,"nombre":"JOSE VASCONCELOS","cp":68115,"demarcacion_principal":"Cabecera Municipal","partida":false,"secciones":["0587","0588"]},"geometry":{"type":"Polygon","coordinates":[[[-96.709727,17.059192],[-96.70956,17.057721],[-96.710647,17.056397],[-96.711621,17.055311],[-96.712184,17.054813],[-96.712911,17.054348],[-96.713115,17.054982],[-96.712875,17.05779],[-96.712075,17.057796],[-96.711409,17.058481],[-96.711408,17.058634],[-96.710042,17.058958],[-96.709844,17.05905],[-96.709727,17.059192]]]}},{"type":"Feature","properties":{"colonia_id":111,"nombre":"KROKUS","cp":68010,"demarcacion_principal":"Cabecera Municipal","partida":false,"secciones":["0539"]},"geometry":{"type":"Polygon","coordinates":[[[-96.741407,17.072733],[-96.741871,17.072595],[-96.74223,17.073051],[-96.742008,17.073195],[-96.741407,17.072733]]]}},{"type":"Feature","properties":{"colonia_id":112,"nombre":"LA CANOA","cp":68018,"demarcacion_principal":"Trinidad de Viguera","partida":false,"secciones":["0616"]},"geometry":{"type":"Polygon","coordinates":[[[-96.752603,17.13148],[-96.75283,17.131631],[-96.752903,17.131911],[-96.752581,17.132815],[-96.752421,17.133645],[-96.752208,17.133797],[-96.752141,17.13392],[-96.75214,17.133997],[-96.752341,17.134319],[-96.752293,17.13472],[-96.750724,17.134521],[-96.750171,17.135589],[-96.749553,17.134061],[-96.749061,17.134091],[-96.748787,17.133966],[-96.748978,17.133388],[-96.749059,17.133298],[-96.749575,17.133165],[-96.7497,17.133047],[-96.749802,17.132704],[-96.750016,17.132261],[-96.750262,17.132317],[-96.750688,17.13228],[-96.751152,17.132396],[-96.751341,17.132388],[-96.751518,17.132231],[-96.751521,17.131998],[-96.751943,17.131631],[-96.752202,17.131504],[-96.752603,17.13148]]]}},{"type":"Feature","properties":{"colonia_id":113,"nombre":"LA CASCADA","cp":68040,"demarcacion_principal":"Cabecera Municipal","partida":false,"secciones":["0508","0509"]},"geometry":{"type":"Polygon","coordinates":[[[-96.720419,17.083867],[-96.719517,17.083528],[-96.719642,17.083419],[-96.720213,17.083346],[-96.719892,17.08288],[-96.719426,17.082728],[-96.719763,17.081675],[-96.720584,17.08179],[-96.720731,17.081327],[-96.720546,17.080671],[-96.720924,17.080498],[-96.720991,17.080422],[-96.720991,17.080261],[-96.720898,17.079966],[-96.721087,17.079882],[-96.721306,17.079919],[-96.721492,17.079856],[-96.721932,17.079541],[-96.721905,17.079707],[-96.722087,17.080452],[-96.72198,17.080974],[-96.722099,17.081326],[-96.722052,17.081585],[-96.722094,17.081914],[-96.721356,17.082959],[-96.721198,17.08308],[-96.720975,17.083147],[-96.720464,17.083726],[-96.720419,17.083867]]]}},{"type":"Feature","properties":{"colonia_id":114,"nombre":"LA CASCADA","cp":68040,"demarcacion_principal":"Cabecera Municipal","partida":false,"secciones":["0528","0507","0535"]},"geometry":{"type":"Polygon","coordinates":[[[-96.727104,17.08345],[-96.726493,17.083313],[-96.726429,17.08327],[-96.726423,17.083198],[-96.725607,17.083011],[-96.72564,17.082905],[-96.725914,17.082694],[-96.725902,17.082209],[-96.724931,17.082273],[-96.72482,17.082877],[-96.724518,17.082877],[-96.724539,17.082631],[-96.724259,17.081559],[-96.724357,17.080705],[-96.724202,17.08069],[-96.723593,17.080016],[-96.723477,17.079785],[-96.723542,17.079391],[-96.723688,17.078977],[-96.723571,17.078895],[-96.723319,17.078379],[-96.723025,17.07738],[-96.723107,17.076671],[-96.723266,17.07645],[-96.724782,17.076854],[-96.726188,17.077142],[-96.726013,17.078647],[-96.72599,17.079246],[-96.725904,17.079729],[-96.725815,17.079798],[-96.725796,17.080082],[-96.72627,17.080148],[-96.726939,17.080119],[-96.727069,17.080511],[-96.727057,17.080699],[-96.724917,17.08081],[-96.724739,17.082056],[-96.7271,17.081963],[-96.727433,17.082821],[-96.727104,17.08345]]]}},{"type":"Feature","properties":{"colonia_id":115,"nombre":"LA CIENEGUITA","cp":68127,"demarcacion_principal":"Cinco Señores","partida":false,"secciones":["0609"]},"geometry":{"type":"Polygon","coordinates":[[[-96.707741,17.049785],[-96.705325,17.049336],[-96.70586,17.048358],[-96.706024,17.047699],[-96.706335,17.045987],[-96.708277,17.046465],[-96.710593,17.046955],[-96.707833,17.04922],[-96.707741,17.049785]]]}},{"type":"Feature","properties":{"colonia_id":116,"nombre":"LA COMPUERTA","cp":68090,"demarcacion_principal":"Cabecera Municipal","partida":false,"secciones":["0582"]},"geometry":{"type":"Polygon","coordinates":[[[-96.731348,17.058271],[-96.729429,17.057981],[-96.729581,17.057027],[-96.730023,17.055042],[-96.730256,17.055794],[-96.730607,17.056539],[-96.731453,17.057809],[-96.731348,17.058271]]]}},{"type":"Feature","properties":{"colonia_id":117,"nombre":"LA CORTINA","cp":68018,"demarcacion_principal":"Pueblo Nuevo","partida":false,"secciones":["0471"]},"geometry":{"type":"Polygon","coordinates":[[[-96.754012,17.127751],[-96.753142,17.12772],[-96.752832,17.127614],[-96.752725,17.127434],[-96.752541,17.126721],[-96.752594,17.126159],[-96.752425,17.125511],[-96.752446,17.125208],[-96.757284,17.125407],[-96.757937,17.125276],[-96.758024,17.125393],[-96.757769,17.125566],[-96.758007,17.126257],[-96.758494,17.127276],[-96.758126,17.127529],[-96.754012,17.127751]]]}},{"type":"Feature","properties":{"colonia_id":118,"nombre":"LA CUEVITA","cp":68157,"demarcacion_principal":"San Juan Chapultepec","partida":false,"secciones":["0595"]},"geometry":{"type":"Polygon","coordinates":[[[-96.740542,17.052229],[-96.740162,17.052135],[-96.740962,17.050873],[-96.741112,17.050554],[-96.741389,17.050209],[-96.741281,17.049834],[-96.741469,17.049814],[-96.741639,17.049656],[-96.740779,17.049565],[-96.740179,17.049308],[-96.739887,17.04925],[-96.740054,17.048633],[-96.741977,17.04639],[-96.742092,17.047054],[-96.74261,17.047509],[-96.743064,17.047836],[-96.742343,17.049206],[-96.742282,17.049399],[-96.742317,17.049526],[-96.7425,17.049635],[-96.742688,17.049855],[-96.742741,17.049992],[-96.742602,17.050315],[-96.742385,17.050572],[-96.742087,17.050811],[-96.742352,17.051108],[-96.742248,17.051208],[-96.74185,17.052148],[-96.740542,17.052229]]]}},{"type":"Feature","properties":{"colonia_id":119,"nombre":"LA FUNDICION","cp":68090,"demarcacion_principal":"San Martín Mexicapam de Cárdenas","partida":false,"secciones":["0576"]},"geometry":{"type":"Polygon","coordinates":[[[-96.747102,17.058847],[-96.746715,17.058029],[-96.746363,17.058205],[-96.745196,17.056677],[-96.74585,17.056093],[-96.746222,17.056369],[-96.746782,17.056605],[-96.747112,17.056989],[-96.747663,17.057861],[-96.747576,17.058011],[-96.747763,17.058312],[-96.74751,17.058555],[-96.747459,17.058635],[-96.747514,17.058679],[-96.747102,17.058847]]]}},{"type":"Feature","properties":{"colonia_id":120,"nombre":"LA JOYA","cp":68018,"demarcacion_principal":"San Martín Mexicapam de Cárdenas","partida":true,"secciones":["0560","2480","0542"]},"geometry":{"type":"Polygon","coordinates":[[[-96.754917,17.067187],[-96.755415,17.067005],[-96.755695,17.067698],[-96.755425,17.067797],[-96.755503,17.068209],[-96.756162,17.068189],[-96.756944,17.068071],[-96.756924,17.069586],[-96.756822,17.069573],[-96.756768,17.069678],[-96.756608,17.069693],[-96.756609,17.069642],[-96.755531,17.069541],[-96.755955,17.069991],[-96.75619,17.070344],[-96.755973,17.070437],[-96.754396,17.070424],[-96.753316,17.068954],[-96.752667,17.067018],[-96.752434,17.066813],[-96.751412,17.066256],[-96.751766,17.066043],[-96.752501,17.065779],[-96.752461,17.065676],[-96.752535,17.065601],[-96.752508,17.065537],[-96.7533,17.065213],[-96.753535,17.065787],[-96.753724,17.06648],[-96.753929,17.06662],[-96.753981,17.066723],[-96.754078,17.066704],[-96.754961,17.066834],[-96.754917,17.067187]]]}},{"type":"Feature","properties":{"colonia_id":121,"nombre":"LA JOYA PUEBLO NUEVO","cp":68018,"demarcacion_principal":"Pueblo Nuevo","partida":false,"secciones":["2471","2470"]},"geometry":{"type":"Polygon","coordinates":[[[-96.764917,17.133248],[-96.764102,17.13062],[-96.764226,17.130559],[-96.764262,17.130363],[-96.764419,17.130044],[-96.765526,17.128689],[-96.765487,17.128548],[-96.7656,17.128481],[-96.766458,17.128234],[-96.770994,17.130985],[-96.771099,17.131149],[-96.765737,17.133257],[-96.764917,17.133248]]]}},{"type":"Feature","properties":{"colonia_id":122,"nombre":"LA LOMA","cp":68040,"demarcacion_principal":"Cabecera Municipal","partida":false,"secciones":["0507"]},"geometry":{"type":"Polygon","coordinates":[[[-96.724415,17.082877],[-96.723482,17.082118],[-96.722094,17.081914],[-96.722053,17.081795],[-96.722062,17.081529],[-96.723013,17.081718],[-96.723119,17.08142],[-96.722922,17.081092],[-96.723191,17.080122],[-96.723587,17.080364],[-96.723775,17.080674],[-96.723828,17.080851],[-96.724202,17.08069],[-96.724357,17.080705],[-96.724259,17.081559],[-96.724539,17.082631],[-96.724518,17.082877],[-96.724415,17.082877]]]}},{"type":"Feature","properties":{"colonia_id":123,"nombre":"LA LOMA DE AMPLIACION","cp":68040,"demarcacion_principal":"Cabecera Municipal","partida":false,"secciones":["0507"]},"geometry":{"type":"Polygon","coordinates":[[[-96.725607,17.083011],[-96.725061,17.082877],[-96.72482,17.082877],[-96.724931,17.082273],[-96.725902,17.082209],[-96.725914,17.082694],[-96.72564,17.082905],[-96.725607,17.083011]]]}},{"type":"Feature","properties":{"colonia_id":124,"nombre":"LA LOMA DEL POSITO","cp":68018,"demarcacion_principal":"Trinidad de Viguera","partida":false,"secciones":["0616"]},"geometry":{"type":"Polygon","coordinates":[[[-96.75009,17.132106],[-96.749802,17.132704],[-96.7497,17.133047],[-96.749575,17.133165],[-96.749415,17.133233],[-96.749059,17.133298],[-96.748978,17.133388],[-96.748787,17.133966],[-96.749061,17.134091],[-96.749553,17.134061],[-96.750171,17.135589],[-96.750135,17.13565],[-96.749817,17.135487],[-96.749375,17.135409],[-96.748484,17.135554],[-96.747847,17.135832],[-96.747806,17.137429],[-96.747711,17.137649],[-96.747166,17.137962],[-96.746061,17.137789],[-96.745731,17.13764],[-96.744341,17.137196],[-96.742056,17.137416],[-96.742045,17.137342],[-96.742229,17.137104],[-96.742677,17.137056],[-96.74279,17.136924],[-96.74286,17.13663],[-96.743776,17.136422],[-96.744033,17.136406],[-96.74442,17.136468],[-96.744665,17.136427],[-96.744817,17.136362],[-96.745051,17.136113],[-96.745263,17.13578],[-96.745404,17.135677],[-96.74573,17.135592],[-96.745323,17.134687],[-96.745651,17.134025],[-96.746481,17.133494],[-96.747177,17.132504],[-96.747313,17.132234],[-96.747352,17.13203],[-96.747463,17.131973],[-96.747643,17.132281],[-96.747809,17.132332],[-96.747892,17.132201],[-96.74827,17.132086],[-96.748453,17.132081],[-96.749164,17.132721],[-96.749325,17.132762],[-96.74954,17.132609],[-96.749585,17.13222],[-96.749657,17.132123],[-96.749829,17.132086],[-96.75009,17.132106]]]}},{"type":"Feature","properties":{"colonia_id":125,"nombre":"LA LUZ","cp":68040,"demarcacion_principal":"Cabecera Municipal","partida":false,"secciones":["0534"]},"geometry":{"type":"Polygon","coordinates":[[[-96.721374,17.077084],[-96.719567,17.076798],[-96.719717,17.075442],[-96.721487,17.075597],[-96.721632,17.07586],[-96.721717,17.076151],[-96.72207,17.076663],[-96.721896,17.076657],[-96.721879,17.076774],[-96.721406,17.076714],[-96.721374,17.077084]]]}},{"type":"Feature","properties":{"colonia_id":126,"nombre":"LA MAGUEYERA","cp":68018,"demarcacion_principal":"Trinidad de Viguera","partida":false,"secciones":["0616"]},"geometry":{"type":"Polygon","coordinates":[[[-96.757672,17.13242],[-96.757968,17.133256],[-96.757616,17.133837],[-96.757384,17.13403],[-96.757408,17.134188],[-96.757333,17.134453],[-96.757476,17.134562],[-96.757454,17.135104],[-96.757008,17.135277],[-96.754787,17.135277],[-96.752833,17.135193],[-96.753129,17.134247],[-96.753544,17.133633],[-96.753723,17.133233],[-96.753835,17.132728],[-96.754427,17.131447],[-96.757672,17.13242]]]}},{"type":"Feature","properties":{"colonia_id":127,"nombre":"LA MINA","cp":68030,"demarcacion_principal":"Cabecera Municipal","partida":false,"secciones":["0500"]},"geometry":{"type":"Polygon","coordinates":[[[-96.731737,17.105737],[-96.731376,17.105395],[-96.730719,17.105079],[-96.731875,17.104774],[-96.731587,17.104094],[-96.731475,17.103944],[-96.732193,17.10383],[-96.733493,17.103403],[-96.733688,17.104585],[-96.734034,17.104519],[-96.734123,17.10508],[-96.731737,17.105737]]]}},{"type":"Feature","properties":{"colonia_id":128,"nombre":"LA NORIA","cp":68083,"demarcacion_principal":"Cabecera Municipal","partida":false,"secciones":["0604","0598","0599","0589"]},"geometry":{"type":"Polygon","coordinates":[[[-96.724759,17.056178],[-96.722814,17.055872],[-96.719079,17.05519],[-96.719565,17.052478],[-96.724491,17.051251],[-96.725828,17.050976],[-96.724759,17.056178]]]}},{"type":"Feature","properties":{"colonia_id":129,"nombre":"LA PAZ","cp":68070,"demarcacion_principal":"Cabecera Municipal","partida":false,"secciones":["0547"]},"geometry":{"type":"Polygon","coordinates":[[[-96.727543,17.068599],[-96.726418,17.068566],[-96.726454,17.068066],[-96.727527,17.068225],[-96.727543,17.068599]]]}},{"type":"Feature","properties":{"colonia_id":130,"nombre":"LA PAZ SAN FELIPE","cp":68050,"demarcacion_principal":"Cabecera Municipal","partida":true,"secciones":["0489","0481"]},"geometry":{"type":"Polygon","coordinates":[[[-96.711937,17.096755],[-96.710371,17.096486],[-96.710268,17.094877],[-96.71034,17.094297],[-96.710559,17.093516],[-96.710806,17.092921],[-96.711216,17.092345],[-96.712133,17.091621],[-96.712188,17.091379],[-96.712165,17.091238],[-96.711863,17.090666],[-96.711838,17.09002],[-96.713234,17.090429],[-96.713242,17.090009],[-96.715322,17.090714],[-96.715501,17.090896],[-96.716531,17.091247],[-96.716341,17.091319],[-96.715774,17.091876],[-96.715513,17.092297],[-96.715209,17.093356],[-96.714083,17.092866],[-96.713341,17.092629],[-96.71316,17.0933],[-96.712021,17.093145],[-96.711895,17.094298],[-96.711949,17.09483],[-96.711937,17.096755]]]}},{"type":"Feature","properties":{"colonia_id":131,"nombre":"LA PUERTA","cp":68018,"demarcacion_principal":"Pueblo Nuevo","partida":false,"secciones":["2474"]},"geometry":{"type":"Polygon","coordinates":[[[-96.759166,17.128959],[-96.756497,17.129908],[-96.756425,17.129745],[-96.755748,17.12971],[-96.758037,17.127652],[-96.758126,17.127529],[-96.758494,17.127276],[-96.759166,17.128959]]]}},{"type":"Feature","properties":{"colonia_id":132,"nombre":"LA PURISIMA","cp":68050,"demarcacion_principal":"Guadalupe Victoria","partida":false,"secciones":["0481"]},"geometry":{"type":"Polygon","coordinates":[[[-96.717378,17.094541],[-96.717278,17.09459],[-96.716938,17.094461],[-96.716773,17.094195],[-96.717225,17.093972],[-96.717449,17.094112],[-96.717378,17.094541]]]}},{"type":"Feature","properties":{"colonia_id":133,"nombre":"LA REPUBLICA","cp":68010,"demarcacion_principal":"Cabecera Municipal","partida":false,"secciones":["0587"]},"geometry":{"type":"Polygon","coordinates":[[[-96.713613,17.060342],[-96.713096,17.060215],[-96.712189,17.059668],[-96.711493,17.059497],[-96.711464,17.059413],[-96.710067,17.059077],[-96.709727,17.059192],[-96.709844,17.05905],[-96.71044,17.058849],[-96.711408,17.058634],[-96.712889,17.058474],[-96.713613,17.060342]]]}},{"type":"Feature","properties":{"colonia_id":134,"nombre":"LA SOLEDAD","cp":68130,"demarcacion_principal":"Santa Rosa Panzacola","partida":false,"secciones":["0475"]},"geometry":{"type":"Polygon","coordinates":[[[-96.74038,17.105983],[-96.740024,17.106097],[-96.739187,17.106727],[-96.739131,17.10667],[-96.739104,17.106306],[-96.739035,17.106214],[-96.738951,17.105837],[-96.739071,17.10557],[-96.738695,17.105796],[-96.73872,17.10558],[-96.738956,17.105293],[-96.739047,17.105097],[-96.739415,17.104762],[-96.740185,17.104202],[-96.740555,17.103987],[-96.740834,17.103889],[-96.741293,17.103806],[-96.742037,17.1035],[-96.742185,17.10353],[-96.742331,17.103471],[-96.742532,17.103277],[-96.743125,17.102939],[-96.743632,17.10284],[-96.744281,17.102557],[-96.744398,17.102376],[-96.744487,17.102101],[-96.744623,17.101912],[-96.744881,17.101897],[-96.744562,17.102776],[-96.744885,17.103491],[-96.741316,17.105439],[-96.74069,17.105663],[-96.740773,17.10599],[-96.74038,17.105983]]]}},{"type":"Feature","properties":{"colonia_id":135,"nombre":"LA SOLEDAD","cp":68090,"demarcacion_principal":"Cabecera Municipal","partida":false,"secciones":["0581","0573","0582"]},"geometry":{"type":"Polygon","coordinates":[[[-96.732958,17.061225],[-96.730763,17.061176],[-96.728824,17.060836],[-96.729429,17.057981],[-96.731348,17.058271],[-96.731453,17.057809],[-96.73213,17.058682],[-96.73389,17.061154],[-96.732958,17.061225]]]}},{"type":"Feature","properties":{"colonia_id":136,"nombre":"LA SOLEDAD","cp":68090,"demarcacion_principal":"San Martín Mexicapam de Cárdenas","partida":false,"secciones":["0575"]},"geometry":{"type":"Polygon","coordinates":[[[-96.74113,17.059046],[-96.74032,17.059459],[-96.74014,17.059235],[-96.740194,17.059204],[-96.740253,17.05822],[-96.740885,17.057953],[-96.741037,17.058211],[-96.74113,17.059046]]]}},{"type":"Feature","properties":{"colonia_id":137,"nombre":"LA SOLEDAD","cp":68090,"demarcacion_principal":"San Martín Mexicapam de Cárdenas","partida":false,"secciones":["0575"]},"geometry":{"type":"Polygon","coordinates":[[[-96.742976,17.058621],[-96.741143,17.060229],[-96.741096,17.058488],[-96.741037,17.058211],[-96.740612,17.057489],[-96.740097,17.05682],[-96.739854,17.056668],[-96.738901,17.056411],[-96.738812,17.056344],[-96.739847,17.055658],[-96.742003,17.057553],[-96.742976,17.058621]]]}},{"type":"Feature","properties":{"colonia_id":138,"nombre":"LA SOLEDAD","cp":68018,"demarcacion_principal":"Trinidad de Viguera","partida":false,"secciones":["0616"]},"geometry":{"type":"Polygon","coordinates":[[[-96.741648,17.112873],[-96.741055,17.112582],[-96.74069,17.111431],[-96.743022,17.109767],[-96.743428,17.110502],[-96.742842,17.110958],[-96.743116,17.111336],[-96.741648,17.112873]]]}},{"type":"Feature","properties":{"colonia_id":139,"nombre":"LA VISTA","cp":68020,"demarcacion_principal":"Cabecera Municipal","partida":false,"secciones":["0479"]},"geometry":{"type":"Polygon","coordinates":[[[-96.710261,17.098388],[-96.708987,17.098301],[-96.708737,17.097368],[-96.709747,17.097159],[-96.709876,17.097561],[-96.710261,17.098388]]]}},{"type":"Feature","properties":{"colonia_id":140,"nombre":"LACHIGULERA","cp":68026,"demarcacion_principal":"San Felipe del Agua","partida":false,"secciones":["0480"]},"geometry":{"type":"Polygon","coordinates":[[[-96.714998,17.114977],[-96.714749,17.11484],[-96.714544,17.114517],[-96.714358,17.113751],[-96.714072,17.113253],[-96.713948,17.113118],[-96.713769,17.113022],[-96.713574,17.11302],[-96.713155,17.113135],[-96.712902,17.113266],[-96.712647,17.113638],[-96.712347,17.114251],[-96.712192,17.11441],[-96.711815,17.114512],[-96.711467,17.114468],[-96.711242,17.114653],[-96.711125,17.115187],[-96.711107,17.115509],[-96.710978,17.115748],[-96.710741,17.115826],[-96.710548,17.115636],[-96.710691,17.115303],[-96.710615,17.114726],[-96.710673,17.114526],[-96.710634,17.114338],[-96.710726,17.113657],[-96.710661,17.113214],[-96.710975,17.112642],[-96.710953,17.112173],[-96.711094,17.111974],[-96.711262,17.111882],[-96.711472,17.111858],[-96.711432,17.111683],[-96.711489,17.111577],[-96.711912,17.111196],[-96.711845,17.111018],[-96.711511,17.110808],[-96.711235,17.110744],[-96.711028,17.110567],[-96.711407,17.110264],[-96.711491,17.110251],[-96.711873,17.109774],[-96.712146,17.109107],[-96.712164,17.108759],[-96.712449,17.108174],[-96.712522,17.10792],[-96.712441,17.107758],[-96.712233,17.107649],[-96.712098,17.10734],[-96.712184,17.107086],[-96.712116,17.106951],[-96.712206,17.106457],[-96.71228,17.106297],[-96.712656,17.106182],[-96.712864,17.106168],[-96.713007,17.106042],[-96.713149,17.106003],[-96.713398,17.106085],[-96.713115,17.106276],[-96.71303,17.106424],[-96.713009,17.106915],[-96.713402,17.107091],[-96.71386,17.107091],[-96.714014,17.107161],[-96.714338,17.107433],[-96.714776,17.107593],[-96.714762,17.107776],[-96.715028,17.107899],[-96.715811,17.10805],[-96.715953,17.108046],[-96.716109,17.107957],[-96.716264,17.107964],[-96.717272,17.10817],[-96.717587,17.108173],[-96.718008,17.108281],[-96.71843,17.108505],[-96.718972,17.108293],[-96.719113,17.108335],[-96.71926,17.108294],[-96.719639,17.108468],[-96.720178,17.108594],[-96.720903,17.108506],[-96.720994,17.108547],[-96.721025,17.108716],[-96.720939,17.108995],[-96.721218,17.109254],[-96.721267,17.109398],[-96.721248,17.109574],[-96.721131,17.109565],[-96.720885,17.10997],[-96.720873,17.11033],[-96.72037,17.11134],[-96.720133,17.111633],[-96.719906,17.111814],[-96.719568,17.112274],[-96.718999,17.111852],[-96.717428,17.111107],[-96.717195,17.111112],[-96.717011,17.111222],[-96.716308,17.11223],[-96.716256,17.11261],[-96.716304,17.114053],[-96.716247,17.114369],[-96.715794,17.114845],[-96.715374,17.114968],[-96.714998,17.114977]]]}},{"type":"Feature","properties":{"colonia_id":141,"nombre":"LAS CAMPANAS","cp":68090,"demarcacion_principal":"San Martín Mexicapam de Cárdenas","partida":false,"secciones":["0575"]},"geometry":{"type":"Polygon","coordinates":[[[-96.737704,17.059788],[-96.737622,17.058111],[-96.739499,17.058165],[-96.739469,17.059228],[-96.738274,17.059388],[-96.737704,17.059788]]]}},{"type":"Feature","properties":{"colonia_id":142,"nombre":"LAS CASITAS DE DON LUIS","cp":68090,"demarcacion_principal":"Cabecera Municipal","partida":false,"secciones":["0566"]},"geometry":{"type":"Polygon","coordinates":[[[-96.738144,17.064042],[-96.736858,17.064435],[-96.736521,17.064227],[-96.738063,17.063788],[-96.738144,17.064042]]]}},{"type":"Feature","properties":{"colonia_id":143,"nombre":"LAS FLORES","cp":68050,"demarcacion_principal":"Cabecera Municipal","partida":false,"secciones":["2454"]},"geometry":{"type":"Polygon","coordinates":[[[-96.706189,17.0733],[-96.706048,17.072731],[-96.705948,17.072545],[-96.706971,17.072648],[-96.707046,17.075871],[-96.706039,17.076144],[-96.705946,17.074676],[-96.706212,17.074687],[-96.70623,17.074319],[-96.706396,17.074341],[-96.706474,17.073961],[-96.706144,17.073933],[-96.706136,17.073618],[-96.706189,17.0733]]]}},{"type":"Feature","properties":{"colonia_id":144,"nombre":"LAS PALMAS","cp":68157,"demarcacion_principal":"San Juan Chapultepec","partida":false,"secciones":["0591"]},"geometry":{"type":"Polygon","coordinates":[[[-96.73512,17.0545],[-96.73491,17.053768],[-96.734747,17.053515],[-96.73493,17.05343],[-96.73484,17.052889],[-96.734503,17.052536],[-96.734863,17.05234],[-96.734665,17.051932],[-96.735181,17.05163],[-96.735417,17.051694],[-96.736096,17.052148],[-96.738253,17.054119],[-96.736611,17.054981],[-96.736466,17.055453],[-96.73512,17.0545]]]}},{"type":"Feature","properties":{"colonia_id":145,"nombre":"LAS PEÑAS","cp":68157,"demarcacion_principal":"San Juan Chapultepec","partida":false,"secciones":["0596","0605"]},"geometry":{"type":"Polygon","coordinates":[[[-96.736838,17.046218],[-96.737099,17.046476],[-96.741977,17.04639],[-96.740054,17.048633],[-96.739887,17.04925],[-96.738832,17.048973],[-96.738511,17.049116],[-96.737904,17.049198],[-96.735866,17.049158],[-96.735554,17.048789],[-96.735131,17.047886],[-96.73481,17.048038],[-96.733472,17.048017],[-96.733465,17.048357],[-96.732698,17.048691],[-96.732369,17.048766],[-96.732315,17.048498],[-96.732339,17.048098],[-96.732477,17.047669],[-96.732597,17.047033],[-96.732883,17.046979],[-96.732995,17.046886],[-96.733034,17.046441],[-96.734481,17.046367],[-96.734561,17.046451],[-96.734596,17.046287],[-96.734664,17.046253],[-96.735211,17.046501],[-96.73546,17.046787],[-96.735695,17.046958],[-96.735872,17.046824],[-96.736256,17.046162],[-96.736838,17.046218]],[[-96.733163,17.047584],[-96.733322,17.047075],[-96.733357,17.046843],[-96.733108,17.046861],[-96.732914,17.047007],[-96.732713,17.047043],[-96.732552,17.047603],[-96.732963,17.047646],[-96.733015,17.047588],[-96.733163,17.047584]]]}},{"type":"Feature","properties":{"colonia_id":146,"nombre":"LAZARO CARDENAS","cp":68140,"demarcacion_principal":"San Martín Mexicapam de Cárdenas","partida":false,"secciones":["0541","0561"]},"geometry":{"type":"Polygon","coordinates":[[[-96.750167,17.066687],[-96.749754,17.066573],[-96.749337,17.066321],[-96.747107,17.064502],[-96.74771,17.064156],[-96.74815,17.064061],[-96.749579,17.064023],[-96.749999,17.064266],[-96.750264,17.064176],[-96.751956,17.06392],[-96.752584,17.063753],[-96.753027,17.063787],[-96.753499,17.065109],[-96.752508,17.065537],[-96.752535,17.065601],[-96.752461,17.065676],[-96.752501,17.065779],[-96.751766,17.066043],[-96.751412,17.066256],[-96.750167,17.066687]]]}},{"type":"Feature","properties":{"colonia_id":147,"nombre":"LEONARDO RODRIGUEZ ALCAINE, 1RA ETAPA","cp":68157,"demarcacion_principal":"San Juan Chapultepec","partida":false,"secciones":["0593"]},"geometry":{"type":"Polygon","coordinates":[[[-96.745682,17.05517],[-96.74518,17.055168],[-96.745104,17.055091],[-96.745049,17.055118],[-96.743932,17.053944],[-96.745222,17.053454],[-96.745682,17.05517]]]}},{"type":"Feature","properties":{"colonia_id":148,"nombre":"LEONARDO RODRIGUEZ ALCAINE, 2DA ETAPA","cp":68157,"demarcacion_principal":"San Juan Chapultepec","partida":false,"secciones":["0592"]},"geometry":{"type":"Polygon","coordinates":[[[-96.742927,17.054232],[-96.743107,17.054789],[-96.742733,17.055211],[-96.74269,17.055516],[-96.742398,17.055276],[-96.742148,17.055214],[-96.742213,17.055048],[-96.742075,17.054677],[-96.742289,17.054343],[-96.742927,17.054232]]]}},{"type":"Feature","properties":{"colonia_id":149,"nombre":"LIBERTAD","cp":68090,"demarcacion_principal":"Cabecera Municipal","partida":false,"secciones":["0566","0574"]},"geometry":{"type":"Polygon","coordinates":[[[-96.739542,17.064253],[-96.740314,17.065712],[-96.739014,17.065304],[-96.736858,17.064435],[-96.738144,17.064042],[-96.738063,17.063788],[-96.736521,17.064227],[-96.73593,17.063864],[-96.735854,17.063888],[-96.735808,17.064111],[-96.735231,17.063028],[-96.73389,17.061154],[-96.734624,17.061106],[-96.73537,17.061188],[-96.737083,17.061604],[-96.738147,17.061608],[-96.738443,17.062339],[-96.739542,17.064253]]]}},{"type":"Feature","properties":{"colonia_id":150,"nombre":"LINDA VISTA","cp":68010,"demarcacion_principal":"Cabecera Municipal","partida":false,"secciones":["0522","0526","0525"]},"geometry":{"type":"Polygon","coordinates":[[[-96.737633,17.08605],[-96.737561,17.085965],[-96.737336,17.085902],[-96.736884,17.085867],[-96.736609,17.085706],[-96.736639,17.08532],[-96.736573,17.084571],[-96.736497,17.084129],[-96.736429,17.083995],[-96.736143,17.083805],[-96.735672,17.083727],[-96.735307,17.083601],[-96.734891,17.083257],[-96.734724,17.082821],[-96.734813,17.082187],[-96.734823,17.081726],[-96.734936,17.081393],[-96.734865,17.081301],[-96.73462,17.08114],[-96.733968,17.081097],[-96.733095,17.080858],[-96.733046,17.080625],[-96.733076,17.080305],[-96.733019,17.080141],[-96.732723,17.079768],[-96.732864,17.079487],[-96.733419,17.079449],[-96.733518,17.079375],[-96.733528,17.079086],[-96.73543,17.077441],[-96.736411,17.07629],[-96.737627,17.077209],[-96.73767,17.077394],[-96.738224,17.078093],[-96.738557,17.077924],[-96.739257,17.07802],[-96.739728,17.077848],[-96.739933,17.077819],[-96.740607,17.077906],[-96.741574,17.079885],[-96.740862,17.079772],[-96.741774,17.080332],[-96.741641,17.080478],[-96.741652,17.080776],[-96.740247,17.081982],[-96.739966,17.082094],[-96.739792,17.082017],[-96.739611,17.08205],[-96.740032,17.082954],[-96.740177,17.083417],[-96.739385,17.08371],[-96.739099,17.083784],[-96.738858,17.083764],[-96.738878,17.083855],[-96.738515,17.083928],[-96.738241,17.084487],[-96.737913,17.084982],[-96.73788,17.085178],[-96.737923,17.085525],[-96.737814,17.08582],[-96.737633,17.08605]]]}},{"type":"Feature","properties":{"colonia_id":151,"nombre":"LOMA BONITA","cp":68010,"demarcacion_principal":"Santa Rosa Panzacola","partida":false,"secciones":["0474"]},"geometry":{"type":"Polygon","coordinates":[[[-96.746145,17.109652],[-96.746129,17.109881],[-96.745903,17.110237],[-96.745847,17.110437],[-96.745985,17.110641],[-96.74571,17.110535],[-96.745027,17.110427],[-96.744297,17.110496],[-96.74416,17.110227],[-96.743739,17.108634],[-96.744234,17.108358],[-96.744858,17.108537],[-96.744957,17.108583],[-96.744939,17.108623],[-96.745044,17.108777],[-96.745189,17.108885],[-96.74536,17.109127],[-96.745604,17.10928],[-96.745934,17.10929],[-96.745951,17.109634],[-96.746145,17.109652]]]}},{"type":"Feature","properties":{"colonia_id":152,"nombre":"LOMA LINDA","cp":68050,"demarcacion_principal":"Cabecera Municipal","partida":false,"secciones":["0488"]},"geometry":{"type":"Polygon","coordinates":[[[-96.72356,17.089059],[-96.723652,17.089123],[-96.724008,17.089072],[-96.724265,17.088994],[-96.724439,17.088854],[-96.724659,17.088891],[-96.724698,17.089087],[-96.724863,17.089298],[-96.725469,17.089891],[-96.725658,17.08993],[-96.725548,17.088942],[-96.725596,17.088165],[-96.725649,17.088058],[-96.725713,17.088074],[-96.725791,17.088479],[-96.726005,17.088786],[-96.727131,17.089808],[-96.727829,17.090238],[-96.727909,17.090379],[-96.728129,17.091146],[-96.728122,17.091756],[-96.72838,17.092229],[-96.727474,17.093115],[-96.727381,17.093152],[-96.727169,17.093025],[-96.726588,17.092959],[-96.726216,17.092712],[-96.72609,17.0925],[-96.725969,17.092437],[-96.725833,17.092436],[-96.725411,17.091675],[-96.725231,17.091652],[-96.725016,17.091769],[-96.723934,17.092066],[-96.720855,17.092075],[-96.720822,17.092299],[-96.720505,17.093225],[-96.720249,17.093214],[-96.72014,17.092649],[-96.720019,17.092457],[-96.719505,17.091943],[-96.719422,17.091562],[-96.719621,17.090873],[-96.719799,17.08945],[-96.719774,17.089168],[-96.720154,17.088135],[-96.72031,17.087373],[-96.720345,17.087379],[-96.720414,17.086709],[-96.720504,17.086675],[-96.720903,17.086742],[-96.720831,17.087327],[-96.721083,17.087705],[-96.721127,17.087898],[-96.721148,17.088162],[-96.721075,17.088526],[-96.721906,17.088723],[-96.722545,17.088687],[-96.723112,17.088908],[-96.723358,17.089085],[-96.72356,17.089059]]]}},{"type":"Feature","properties":{"colonia_id":153,"nombre":"LOMAS DE ANTEQUERA","cp":68066,"demarcacion_principal":"Cabecera Municipal","partida":false,"secciones":["0536"]},"geometry":{"type":"Polygon","coordinates":[[[-96.734755,17.07325],[-96.73437,17.073201],[-96.734456,17.073039],[-96.734441,17.072663],[-96.733891,17.07169],[-96.734145,17.070657],[-96.734747,17.07076],[-96.73457,17.071062],[-96.734505,17.071399],[-96.734554,17.071683],[-96.734651,17.071855],[-96.735023,17.072259],[-96.735091,17.072876],[-96.734913,17.073143],[-96.734755,17.07325]]]}},{"type":"Feature","properties":{"colonia_id":154,"nombre":"LOMAS DE LA AZUCENA","cp":68040,"demarcacion_principal":"Cabecera Municipal","partida":false,"secciones":["0527"]},"geometry":{"type":"Polygon","coordinates":[[[-96.729844,17.077702],[-96.729206,17.077575],[-96.728643,17.076652],[-96.727743,17.075618],[-96.727912,17.075081],[-96.728377,17.075168],[-96.728822,17.075071],[-96.728941,17.075325],[-96.729147,17.075473],[-96.729427,17.075995],[-96.729668,17.076268],[-96.731299,17.077114],[-96.731126,17.077625],[-96.729844,17.077702]]]}},{"type":"Feature","properties":{"colonia_id":155,"nombre":"LOMAS DE LA CASCADA","cp":68040,"demarcacion_principal":"Cabecera Municipal","partida":false,"secciones":["0521"]},"geometry":{"type":"Polygon","coordinates":[[[-96.728809,17.081622],[-96.727042,17.080832],[-96.727069,17.080511],[-96.726545,17.07896],[-96.726435,17.07879],[-96.726013,17.078647],[-96.726068,17.078228],[-96.726899,17.078292],[-96.727385,17.078391],[-96.72787,17.078829],[-96.727925,17.078966],[-96.727907,17.079275],[-96.728035,17.079604],[-96.728229,17.079574],[-96.728535,17.079639],[-96.728628,17.079824],[-96.728892,17.080086],[-96.728519,17.080292],[-96.72916,17.080682],[-96.729403,17.08089],[-96.728809,17.081622]]]}},{"type":"Feature","properties":{"colonia_id":156,"nombre":"LOMAS DE LA CASCADA","cp":68040,"demarcacion_principal":"Cabecera Municipal","partida":false,"secciones":["0528","0507"]},"geometry":{"type":"Polygon","coordinates":[[[-96.723013,17.081718],[-96.722062,17.081529],[-96.722099,17.081326],[-96.72198,17.080974],[-96.722087,17.080452],[-96.721905,17.079707],[-96.721975,17.079219],[-96.722202,17.078724],[-96.722486,17.077609],[-96.722453,17.077341],[-96.722216,17.076871],[-96.721717,17.076151],[-96.721632,17.07586],[-96.721487,17.075597],[-96.720959,17.075003],[-96.721257,17.07486],[-96.721334,17.075109],[-96.721495,17.075216],[-96.72298,17.075725],[-96.722773,17.076843],[-96.722801,17.077137],[-96.72291,17.077514],[-96.723025,17.07738],[-96.723319,17.078379],[-96.723571,17.078895],[-96.723688,17.078977],[-96.723542,17.079391],[-96.723477,17.079785],[-96.723593,17.080016],[-96.724202,17.08069],[-96.723828,17.080851],[-96.723775,17.080674],[-96.723587,17.080364],[-96.723191,17.080122],[-96.722922,17.081092],[-96.723119,17.08142],[-96.723013,17.081718]]]}},{"type":"Feature","properties":{"colonia_id":157,"nombre":"LOMAS DE LOS PINOS","cp":68140,"demarcacion_principal":"San Martín Mexicapam de Cárdenas","partida":false,"secciones":["0578"]},"geometry":{"type":"Polygon","coordinates":[[[-96.756634,17.059071],[-96.755989,17.059042],[-96.756034,17.059086],[-96.75609,17.059573],[-96.755627,17.059484],[-96.755612,17.059088],[-96.755517,17.058774],[-96.756537,17.058725],[-96.756634,17.059071]]]}},{"type":"Feature","properties":{"colonia_id":158,"nombre":"LOMAS DE OAXACA","cp":68026,"demarcacion_principal":"San Felipe del Agua","partida":false,"secciones":["0480"]},"geometry":{"type":"Polygon","coordinates":[[[-96.713398,17.106085],[-96.713565,17.106167],[-96.713895,17.106125],[-96.714157,17.106032],[-96.714201,17.105949],[-96.714211,17.105789],[-96.714064,17.105633],[-96.713745,17.105436],[-96.713611,17.105262],[-96.713427,17.104868],[-96.71348,17.104733],[-96.713774,17.104457],[-96.714112,17.104295],[-96.714102,17.103901],[-96.714335,17.103534],[-96.714509,17.103359],[-96.715334,17.103437],[-96.716082,17.103826],[-96.716823,17.104101],[-96.717193,17.104474],[-96.717561,17.104342],[-96.718046,17.104083],[-96.718487,17.10408],[-96.718794,17.104132],[-96.718992,17.104302],[-96.719088,17.104559],[-96.718969,17.106189],[-96.719097,17.106583],[-96.719081,17.107265],[-96.71898,17.107973],[-96.71926,17.108294],[-96.719113,17.108335],[-96.718972,17.108293],[-96.71843,17.108505],[-96.718008,17.108281],[-96.717587,17.108173],[-96.717272,17.10817],[-96.716264,17.107964],[-96.716109,17.107957],[-96.715953,17.108046],[-96.715811,17.10805],[-96.715028,17.107899],[-96.714762,17.107776],[-96.714776,17.107593],[-96.714338,17.107433],[-96.714014,17.107161],[-96.71386,17.107091],[-96.713402,17.107091],[-96.713009,17.106915],[-96.71303,17.106424],[-96.713115,17.106276],[-96.713398,17.106085]],[[-96.716077,17.107252],[-96.716127,17.106704],[-96.71529,17.106622],[-96.715256,17.10717],[-96.716077,17.107252]]]}},{"type":"Feature","properties":{"colonia_id":159,"nombre":"LOMAS DE PATRIA NUEVA","cp":68018,"demarcacion_principal":"Pueblo Nuevo","partida":false,"secciones":["2470"]},"geometry":{"type":"Polygon","coordinates":[[[-96.760742,17.133524],[-96.760436,17.133435],[-96.760433,17.133334],[-96.76016,17.133201],[-96.758987,17.132809],[-96.759382,17.132526],[-96.759403,17.132427],[-96.759257,17.13207],[-96.759266,17.131975],[-96.759457,17.131655],[-96.759451,17.131178],[-96.759502,17.130967],[-96.759478,17.130448],[-96.759885,17.130584],[-96.760382,17.131769],[-96.762787,17.13064],[-96.763063,17.130553],[-96.763822,17.130565],[-96.764102,17.13062],[-96.764917,17.133248],[-96.762566,17.133251],[-96.761132,17.133305],[-96.760742,17.133524]]]}},{"type":"Feature","properties":{"colonia_id":160,"nombre":"LOMAS DE SAN JACINTO","cp":68015,"demarcacion_principal":"Cabecera Municipal","partida":false,"secciones":["0500"]},"geometry":{"type":"Polygon","coordinates":[[[-96.737726,17.100526],[-96.737489,17.100442],[-96.73755,17.100293],[-96.737207,17.099205],[-96.737318,17.09887],[-96.737309,17.098589],[-96.737207,17.098395],[-96.737772,17.098336],[-96.738253,17.098408],[-96.738327,17.098228],[-96.739037,17.098248],[-96.739248,17.098463],[-96.73916,17.09878],[-96.738628,17.099203],[-96.738269,17.099972],[-96.737849,17.100474],[-96.737726,17.100526]]]}},{"type":"Feature","properties":{"colonia_id":161,"nombre":"LOMAS DE SAN JACINTO","cp":68010,"demarcacion_principal":"Santa Rosa Panzacola","partida":false,"secciones":["0501","0502"]},"geometry":{"type":"Polygon","coordinates":[[[-96.741357,17.0879],[-96.740717,17.088517],[-96.740218,17.089174],[-96.740272,17.089232],[-96.740772,17.089256],[-96.741173,17.089523],[-96.740556,17.089489],[-96.740183,17.089394],[-96.740112,17.089618],[-96.739859,17.090021],[-96.739668,17.090633],[-96.739529,17.09079],[-96.740016,17.090928],[-96.740315,17.091066],[-96.740554,17.09122],[-96.740714,17.091461],[-96.740693,17.091577],[-96.739901,17.092306],[-96.73975,17.092545],[-96.739564,17.093162],[-96.739648,17.093587],[-96.739546,17.093687],[-96.739357,17.093699],[-96.739358,17.093489],[-96.738581,17.092527],[-96.738299,17.09188],[-96.7375,17.091526],[-96.736936,17.091411],[-96.736532,17.091117],[-96.73644,17.090892],[-96.736448,17.090754],[-96.736725,17.090141],[-96.736772,17.089887],[-96.737538,17.088906],[-96.73773,17.088582],[-96.737772,17.088226],[-96.737647,17.087699],[-96.73773,17.08706],[-96.737814,17.086813],[-96.737805,17.086629],[-96.737662,17.086323],[-96.737937,17.086313],[-96.738445,17.086605],[-96.738368,17.086495],[-96.738392,17.086357],[-96.738474,17.086237],[-96.738692,17.086085],[-96.73876,17.086439],[-96.739183,17.086738],[-96.739574,17.087105],[-96.739727,17.087377],[-96.73979,17.087694],[-96.739944,17.08719],[-96.73989,17.086845],[-96.740518,17.087168],[-96.741118,17.0874],[-96.741001,17.087661],[-96.741115,17.087693],[-96.741357,17.0879]]]}},{"type":"Feature","properties":{"colonia_id":162,"nombre":"LOMAS DE SAN JUAN","cp":68157,"demarcacion_principal":"San Juan Chapultepec","partida":false,"secciones":["0592","0593"]},"geometry":{"type":"Polygon","coordinates":[[[-96.742289,17.054343],[-96.742075,17.054677],[-96.742213,17.055048],[-96.742148,17.055214],[-96.741171,17.05491],[-96.74109,17.055144],[-96.740262,17.054858],[-96.740029,17.054833],[-96.740125,17.054549],[-96.740462,17.0542],[-96.74063,17.053881],[-96.740817,17.053824],[-96.740915,17.05368],[-96.741106,17.053606],[-96.741213,17.053356],[-96.742802,17.053048],[-96.742959,17.053261],[-96.743009,17.053253],[-96.743932,17.053944],[-96.745049,17.055118],[-96.74375,17.056402],[-96.744568,17.057238],[-96.742976,17.058621],[-96.742003,17.057553],[-96.741668,17.057258],[-96.743088,17.055844],[-96.74269,17.055516],[-96.742733,17.055211],[-96.743107,17.054789],[-96.742927,17.054232],[-96.742289,17.054343]]]}},{"type":"Feature","properties":{"colonia_id":163,"nombre":"LOMAS DE SANTA ROSA","cp":68039,"demarcacion_principal":"Santa Rosa Panzacola","partida":false,"secciones":["0487","0486","2479"]},"geometry":{"type":"Polygon","coordinates":[[[-96.739267,17.098375],[-96.739296,17.097888],[-96.73923,17.095901],[-96.739306,17.094357],[-96.739412,17.093779],[-96.739357,17.093699],[-96.739546,17.093687],[-96.739648,17.093587],[-96.739564,17.093162],[-96.73971,17.092646],[-96.739901,17.092306],[-96.740273,17.091929],[-96.740405,17.09183],[-96.740505,17.091962],[-96.740686,17.092046],[-96.740658,17.092071],[-96.740867,17.092066],[-96.741248,17.092283],[-96.741518,17.092309],[-96.742026,17.092488],[-96.742026,17.092658],[-96.741789,17.092754],[-96.741845,17.092898],[-96.742626,17.093556],[-96.742831,17.093413],[-96.742876,17.093436],[-96.743103,17.093319],[-96.745291,17.092711],[-96.744787,17.09442],[-96.744835,17.094697],[-96.744337,17.094909],[-96.744537,17.095319],[-96.743854,17.095629],[-96.743536,17.095859],[-96.742956,17.095842],[-96.742425,17.095961],[-96.742499,17.0961],[-96.74221,17.096304],[-96.740793,17.09696],[-96.739706,17.097949],[-96.739426,17.098306],[-96.739267,17.098375]]]}},{"type":"Feature","properties":{"colonia_id":164,"nombre":"LOMAS DE SANTA ROSA","cp":68010,"demarcacion_principal":"Santa Rosa Panzacola","partida":false,"secciones":["0502"]},"geometry":{"type":"Polygon","coordinates":[[[-96.742626,17.093556],[-96.741845,17.092898],[-96.741789,17.092754],[-96.742026,17.092658],[-96.742677,17.09257],[-96.743326,17.092203],[-96.743875,17.0918],[-96.744889,17.09147],[-96.745291,17.092711],[-96.743103,17.093319],[-96.742876,17.093436],[-96.742831,17.093413],[-96.742626,17.093556]]]}},{"type":"Feature","properties":{"colonia_id":165,"nombre":"LOMAS DEL CRESTON","cp":68050,"demarcacion_principal":"Cabecera Municipal","partida":false,"secciones":["0508","0488"]},"geometry":{"type":"Polygon","coordinates":[[[-96.72356,17.089059],[-96.723358,17.089085],[-96.723112,17.088908],[-96.722545,17.088687],[-96.721906,17.088723],[-96.721075,17.088526],[-96.721148,17.088162],[-96.721127,17.087898],[-96.721083,17.087705],[-96.720831,17.087327],[-96.720903,17.086742],[-96.720504,17.086675],[-96.720414,17.086709],[-96.720345,17.087379],[-96.72031,17.087373],[-96.719972,17.086653],[-96.719718,17.086244],[-96.719525,17.086038],[-96.719762,17.085213],[-96.719864,17.084629],[-96.719775,17.084105],[-96.719546,17.083848],[-96.719474,17.083685],[-96.719517,17.083528],[-96.723284,17.084983],[-96.723155,17.085622],[-96.723431,17.086647],[-96.724006,17.087179],[-96.7243,17.087563],[-96.72437,17.087826],[-96.724522,17.087991],[-96.724547,17.088098],[-96.724418,17.088266],[-96.724413,17.088377],[-96.724659,17.088891],[-96.724439,17.088854],[-96.724265,17.088994],[-96.724008,17.089072],[-96.723652,17.089123],[-96.72356,17.089059]]]}},{"type":"Feature","properties":{"colonia_id":166,"nombre":"LOMAS PANORAMICAS","cp":68010,"demarcacion_principal":"Santa Rosa Panzacola","partida":false,"secciones":["0473","0474"]},"geometry":{"type":"Polygon","coordinates":[[[-96.750371,17.108859],[-96.749366,17.10918],[-96.748581,17.10957],[-96.748231,17.109794],[-96.747971,17.110329],[-96.747586,17.11029],[-96.74732,17.11035],[-96.74713,17.109841],[-96.746787,17.109947],[-96.746697,17.109674],[-96.746467,17.109695],[-96.745951,17.109634],[-96.745934,17.10929],[-96.74606,17.109274],[-96.746155,17.109173],[-96.746184,17.10871],[-96.745846,17.107882],[-96.745694,17.107312],[-96.745561,17.107048],[-96.745585,17.106882],[-96.745664,17.10676],[-96.74582,17.106674],[-96.746201,17.106543],[-96.746054,17.106134],[-96.746637,17.105962],[-96.747205,17.106608],[-96.747187,17.106716],[-96.747773,17.107077],[-96.748153,17.107244],[-96.748889,17.107498],[-96.749749,17.107695],[-96.750323,17.107725],[-96.751589,17.107657],[-96.752429,17.10795],[-96.752707,17.108205],[-96.752871,17.108252],[-96.75309,17.108193],[-96.754239,17.107338],[-96.754828,17.108738],[-96.754307,17.10887],[-96.754121,17.108492],[-96.753603,17.108605],[-96.753184,17.1088],[-96.753549,17.109457],[-96.75328,17.109509],[-96.75291,17.109197],[-96.752448,17.108989],[-96.751746,17.108768],[-96.75113,17.108748],[-96.750371,17.108859]]]}},{"type":"Feature","properties":{"colonia_id":167,"nombre":"LOMAS SAN FELIPE","cp":68020,"demarcacion_principal":"San Felipe del Agua","partida":false,"secciones":["0480"]},"geometry":{"type":"Polygon","coordinates":[[[-96.713129,17.104371],[-96.71249,17.10413],[-96.712841,17.10277],[-96.713593,17.103094],[-96.713129,17.104371]]]}},{"type":"Feature","properties":{"colonia_id":168,"nombre":"LOS 7 PRINCIPES","cp":68120,"demarcacion_principal":"Cabecera Municipal","partida":false,"secciones":["0600"]},"geometry":{"type":"Polygon","coordinates":[[[-96.717945,17.056297],[-96.717401,17.056188],[-96.71744,17.055946],[-96.71799,17.056055],[-96.717945,17.056297]]]}},{"type":"Feature","properties":{"colonia_id":169,"nombre":"LOS ANGELES","cp":68018,"demarcacion_principal":"Pueblo Nuevo","partida":false,"secciones":["0471"]},"geometry":{"type":"Polygon","coordinates":[[[-96.750302,17.1262],[-96.749753,17.126122],[-96.749409,17.126245],[-96.749188,17.126022],[-96.748215,17.125351],[-96.748177,17.124776],[-96.747972,17.124785],[-96.748026,17.123829],[-96.747606,17.123783],[-96.747258,17.123669],[-96.747443,17.123454],[-96.747706,17.122339],[-96.748255,17.120841],[-96.748183,17.119306],[-96.748965,17.119819],[-96.750236,17.120121],[-96.754036,17.120432],[-96.753558,17.121917],[-96.752605,17.125217],[-96.752446,17.125208],[-96.752425,17.125511],[-96.752594,17.126159],[-96.752541,17.126721],[-96.752725,17.127434],[-96.752832,17.127614],[-96.750588,17.126314],[-96.750302,17.1262]]]}},{"type":"Feature","properties":{"colonia_id":170,"nombre":"LOS CEDROS","cp":68010,"demarcacion_principal":"Santa Rosa Panzacola","partida":false,"secciones":["0504"]},"geometry":{"type":"Polygon","coordinates":[[[-96.751199,17.090365],[-96.751082,17.09043],[-96.751232,17.090714],[-96.751138,17.090762],[-96.750529,17.089366],[-96.751559,17.088915],[-96.752232,17.090197],[-96.751372,17.090642],[-96.751199,17.090365]]]}},{"type":"Feature","properties":{"colonia_id":171,"nombre":"LOS ENCINOS","cp":68018,"demarcacion_principal":"Trinidad de Viguera","partida":false,"secciones":["0616"]},"geometry":{"type":"Polygon","coordinates":[[[-96.744204,17.110314],[-96.744112,17.110665],[-96.742149,17.114449],[-96.741594,17.119033],[-96.741348,17.119058],[-96.741168,17.119137],[-96.740792,17.119589],[-96.740664,17.119811],[-96.740384,17.120818],[-96.740159,17.121953],[-96.739962,17.122141],[-96.739527,17.122199],[-96.739294,17.122174],[-96.738839,17.121929],[-96.738345,17.121739],[-96.738104,17.1216],[-96.737862,17.121383],[-96.737437,17.120921],[-96.736955,17.120172],[-96.7369,17.119818],[-96.736655,17.119253],[-96.736396,17.118349],[-96.736206,17.117422],[-96.735484,17.115229],[-96.735773,17.114957],[-96.73587,17.114534],[-96.735782,17.114179],[-96.735486,17.113561],[-96.73547,17.113233],[-96.735392,17.113104],[-96.735283,17.11249],[-96.735409,17.112296],[-96.735671,17.112147],[-96.73573,17.111985],[-96.735866,17.111878],[-96.735937,17.11165],[-96.736121,17.11137],[-96.736194,17.110958],[-96.736117,17.110805],[-96.736097,17.110576],[-96.736247,17.110285],[-96.736284,17.110035],[-96.736076,17.10972],[-96.735738,17.109397],[-96.735606,17.109187],[-96.735504,17.108656],[-96.735388,17.108347],[-96.735365,17.107928],[-96.736136,17.107935],[-96.736312,17.107993],[-96.736495,17.108113],[-96.736507,17.108308],[-96.736592,17.10842],[-96.736774,17.108363],[-96.737074,17.108373],[-96.737182,17.108406],[-96.737228,17.108476],[-96.737367,17.108314],[-96.737591,17.108337],[-96.737899,17.108278],[-96.738342,17.108353],[-96.738458,17.108209],[-96.738503,17.107948],[-96.738584,17.107862],[-96.738659,17.10742],[-96.738811,17.107248],[-96.738944,17.107222],[-96.739149,17.106973],[-96.739242,17.10678],[-96.739187,17.106727],[-96.740024,17.106097],[-96.74038,17.105983],[-96.740561,17.106196],[-96.740818,17.106201],[-96.741134,17.106304],[-96.741268,17.106431],[-96.741431,17.106672],[-96.741678,17.106843],[-96.741718,17.106966],[-96.741635,17.107218],[-96.741903,17.107278],[-96.741991,17.107581],[-96.742209,17.107455],[-96.742607,17.107366],[-96.742366,17.107676],[-96.742453,17.107833],[-96.742572,17.10786],[-96.742992,17.107737],[-96.743274,17.107503],[-96.743574,17.108237],[-96.743618,17.108258],[-96.744204,17.110314]],[[-96.739883,17.114146],[-96.739841,17.110997],[-96.737064,17.111287],[-96.736973,17.114064],[-96.739883,17.114146]],[[-96.741648,17.112873],[-96.743116,17.111336],[-96.742842,17.110958],[-96.743428,17.110502],[-96.743022,17.109767],[-96.74069,17.111431],[-96.741055,17.112582],[-96.741648,17.112873]]]}},{"type":"Feature","properties":{"colonia_id":172,"nombre":"LOS MANGALES","cp":68040,"demarcacion_principal":"Cabecera Municipal","partida":false,"secciones":["0529"]},"geometry":{"type":"Polygon","coordinates":[[[-96.720697,17.079425],[-96.720412,17.079351],[-96.720467,17.079286],[-96.720915,17.077945],[-96.721828,17.077666],[-96.722486,17.077609],[-96.722243,17.078442],[-96.721931,17.078333],[-96.72205,17.07798],[-96.721169,17.078132],[-96.720697,17.079425]]]}},{"type":"Feature","properties":{"colonia_id":173,"nombre":"LOS PINOS","cp":68010,"demarcacion_principal":"Cabecera Municipal","partida":false,"secciones":["0525"]},"geometry":{"type":"Polygon","coordinates":[[[-96.743628,17.080944],[-96.743219,17.080385],[-96.742751,17.080062],[-96.741574,17.079885],[-96.740692,17.078101],[-96.741909,17.077503],[-96.741649,17.077027],[-96.742033,17.07683],[-96.743648,17.080042],[-96.74345,17.080091],[-96.743628,17.080944]]]}},{"type":"Feature","properties":{"colonia_id":174,"nombre":"LOS RIOS","cp":68028,"demarcacion_principal":"Cabecera Municipal","partida":false,"secciones":["0513"]},"geometry":{"type":"Polygon","coordinates":[[[-96.702092,17.085781],[-96.701861,17.084598],[-96.700217,17.084916],[-96.700068,17.084556],[-96.699991,17.084127],[-96.699819,17.081902],[-96.704989,17.082108],[-96.705029,17.085123],[-96.702092,17.085781]]]}},{"type":"Feature","properties":{"colonia_id":175,"nombre":"LUIS DONALDO COLOSIO","cp":68140,"demarcacion_principal":"San Martín Mexicapam de Cárdenas","partida":false,"secciones":["0578"]},"geometry":{"type":"Polygon","coordinates":[[[-96.75378,17.061836],[-96.754552,17.060311],[-96.754851,17.059945],[-96.754594,17.059817],[-96.754775,17.059516],[-96.754892,17.059103],[-96.755105,17.058838],[-96.755261,17.058782],[-96.755517,17.058774],[-96.755612,17.059088],[-96.755627,17.059484],[-96.75609,17.059573],[-96.756034,17.059086],[-96.755989,17.059042],[-96.756634,17.059071],[-96.756724,17.059496],[-96.756689,17.060153],[-96.756833,17.060531],[-96.756964,17.060653],[-96.756967,17.060828],[-96.757065,17.061016],[-96.756266,17.060995],[-96.755522,17.061081],[-96.75378,17.061836]]]}},{"type":"Feature","properties":{"colonia_id":176,"nombre":"LUIS JIMENEZ FIGUEROA","cp":68040,"demarcacion_principal":"Cabecera Municipal","partida":false,"secciones":["0547"]},"geometry":{"type":"Polygon","coordinates":[[[-96.727018,17.073302],[-96.72564,17.072831],[-96.725811,17.072045],[-96.725284,17.071879],[-96.724625,17.071593],[-96.72495,17.070251],[-96.725381,17.067908],[-96.726454,17.068066],[-96.726418,17.068566],[-96.727543,17.068599],[-96.727703,17.069652],[-96.727018,17.073302]]]}},{"type":"Feature","properties":{"colonia_id":177,"nombre":"MANANTIAL","cp":68018,"demarcacion_principal":"Pueblo Nuevo","partida":false,"secciones":["0471"]},"geometry":{"type":"Polygon","coordinates":[[[-96.757284,17.125407],[-96.752605,17.125217],[-96.753373,17.122607],[-96.75384,17.122665],[-96.75613,17.122297],[-96.758596,17.122722],[-96.759228,17.122676],[-96.759263,17.122778],[-96.759168,17.122967],[-96.759148,17.123537],[-96.759101,17.1237],[-96.758883,17.123904],[-96.758487,17.124121],[-96.758413,17.124579],[-96.758221,17.12476],[-96.758087,17.125164],[-96.757937,17.125276],[-96.757284,17.125407]]]}},{"type":"Feature","properties":{"colonia_id":178,"nombre":"MANANTIAL","cp":68018,"demarcacion_principal":"Pueblo Nuevo","partida":false,"secciones":["2474"]},"geometry":{"type":"Polygon","coordinates":[[[-96.760054,17.128646],[-96.759166,17.128959],[-96.758494,17.127276],[-96.760252,17.125801],[-96.760061,17.127655],[-96.760054,17.128646]]]}},{"type":"Feature","properties":{"colonia_id":179,"nombre":"MANUEL AVILA CAMACHO","cp":68020,"demarcacion_principal":"San Luis Beltrán","partida":false,"secciones":["0478"]},"geometry":{"type":"Polygon","coordinates":[[[-96.705662,17.102372],[-96.705622,17.102333],[-96.705607,17.101976],[-96.7055,17.101871],[-96.705354,17.101825],[-96.704813,17.101915],[-96.703275,17.101765],[-96.703247,17.101978],[-96.699824,17.101706],[-96.699396,17.101655],[-96.699036,17.101553],[-96.698733,17.101365],[-96.698663,17.101244],[-96.698798,17.100672],[-96.698059,17.100442],[-96.6965,17.099467],[-96.695615,17.098983],[-96.695404,17.098361],[-96.69541,17.097802],[-96.695497,17.097631],[-96.696071,17.097063],[-96.696799,17.096447],[-96.696985,17.096136],[-96.698034,17.096803],[-96.698161,17.096927],[-96.698259,17.096896],[-96.69861,17.096524],[-96.698703,17.096356],[-96.698995,17.095344],[-96.699102,17.095132],[-96.701829,17.096003],[-96.702164,17.096828],[-96.702301,17.09683],[-96.702657,17.097009],[-96.703034,17.097107],[-96.703271,17.097423],[-96.705352,17.098343],[-96.705585,17.097888],[-96.705985,17.098257],[-96.70593,17.098592],[-96.706024,17.098668],[-96.706102,17.098627],[-96.706328,17.099024],[-96.706515,17.098986],[-96.706538,17.099098],[-96.706426,17.099425],[-96.706482,17.099649],[-96.70658,17.099763],[-96.70678,17.099866],[-96.706861,17.100099],[-96.706826,17.100213],[-96.706698,17.100348],[-96.706465,17.101017],[-96.706502,17.101401],[-96.706458,17.101585],[-96.706391,17.101608],[-96.706242,17.101558],[-96.706047,17.101884],[-96.705795,17.102081],[-96.705662,17.102372]]]}},{"type":"Feature","properties":{"colonia_id":180,"nombre":"MANUEL SABINO CRESPO","cp":68140,"demarcacion_principal":"Cabecera Municipal","partida":false,"secciones":["0500"]},"geometry":{"type":"Polygon","coordinates":[[[-96.73582,17.089561],[-96.734195,17.089619],[-96.733751,17.089718],[-96.733639,17.089355],[-96.733574,17.089313],[-96.733578,17.089016],[-96.733511,17.088786],[-96.733587,17.088715],[-96.734485,17.088704],[-96.734998,17.088746],[-96.734976,17.088383],[-96.735426,17.088388],[-96.735571,17.089005],[-96.736045,17.088884],[-96.735781,17.087866],[-96.735739,17.087803],[-96.735341,17.087632],[-96.735266,17.087441],[-96.734918,17.08763],[-96.734656,17.087643],[-96.73429,17.087798],[-96.733819,17.087795],[-96.733322,17.087934],[-96.733091,17.088133],[-96.732777,17.087801],[-96.732673,17.087488],[-96.732439,17.086217],[-96.732268,17.086239],[-96.731855,17.086058],[-96.731717,17.085909],[-96.731631,17.085529],[-96.731378,17.085131],[-96.731072,17.085032],[-96.731401,17.084401],[-96.731595,17.084399],[-96.731968,17.084177],[-96.732147,17.084009],[-96.732212,17.083801],[-96.732872,17.083601],[-96.73294,17.083358],[-96.733106,17.083046],[-96.733182,17.08265],[-96.734134,17.081888],[-96.734628,17.081398],[-96.734753,17.081208],[-96.734936,17.081393],[-96.734823,17.081726],[-96.734813,17.082187],[-96.734724,17.082821],[-96.734891,17.083257],[-96.735307,17.083601],[-96.735672,17.083727],[-96.736143,17.083805],[-96.736429,17.083995],[-96.736497,17.084129],[-96.736573,17.084571],[-96.736639,17.08532],[-96.736609,17.085706],[-96.736884,17.085867],[-96.737561,17.085965],[-96.737633,17.08605],[-96.737662,17.086323],[-96.737805,17.086629],[-96.737814,17.086813],[-96.73773,17.08706],[-96.737647,17.087699],[-96.737772,17.088226],[-96.73773,17.088582],[-96.737538,17.088906],[-96.736772,17.089887],[-96.73671,17.090179],[-96.736699,17.090141],[-96.736521,17.090124],[-96.735821,17.090121],[-96.73582,17.089561]]]}},{"type":"Feature","properties":{"colonia_id":181,"nombre":"MANZANA 48 A","cp":68018,"demarcacion_principal":"Pueblo Nuevo","partida":false,"secciones":["0471"]},"geometry":{"type":"Polygon","coordinates":[[[-96.758225,17.117542],[-96.758397,17.11788],[-96.758525,17.117909],[-96.75903,17.117028],[-96.759131,17.120108],[-96.756974,17.120348],[-96.756745,17.118087],[-96.758225,17.117542]]]}},{"type":"Feature","properties":{"colonia_id":182,"nombre":"MANZANA 48 B","cp":68018,"demarcacion_principal":"Pueblo Nuevo","partida":false,"secciones":["0471"]},"geometry":{"type":"Polygon","coordinates":[[[-96.758596,17.122722],[-96.75613,17.122297],[-96.75384,17.122665],[-96.753373,17.122607],[-96.754036,17.120432],[-96.755026,17.120507],[-96.755099,17.120868],[-96.756157,17.120487],[-96.756618,17.120388],[-96.759131,17.120108],[-96.759228,17.122676],[-96.758596,17.122722]]]}},{"type":"Feature","properties":{"colonia_id":183,"nombre":"MARGARITA MAZA","cp":68140,"demarcacion_principal":"San Martín Mexicapam de Cárdenas","partida":false,"secciones":["0562","0577","0578"]},"geometry":{"type":"Polygon","coordinates":[[[-96.751419,17.063452],[-96.751346,17.063382],[-96.751221,17.063078],[-96.751305,17.063009],[-96.749926,17.060364],[-96.751144,17.060055],[-96.752321,17.059876],[-96.754816,17.059354],[-96.754775,17.059516],[-96.754594,17.059817],[-96.754851,17.059945],[-96.754552,17.060311],[-96.75378,17.061836],[-96.753158,17.062025],[-96.752953,17.062153],[-96.751419,17.063452]]]}},{"type":"Feature","properties":{"colonia_id":184,"nombre":"MARGARITAS","cp":68010,"demarcacion_principal":"Cabecera Municipal","partida":false,"secciones":["0525"]},"geometry":{"type":"Polygon","coordinates":[[[-96.740692,17.078101],[-96.739727,17.075889],[-96.740688,17.075443],[-96.740771,17.075394],[-96.740803,17.075284],[-96.741157,17.075094],[-96.742033,17.07683],[-96.741649,17.077027],[-96.741909,17.077503],[-96.740692,17.078101]]]}},{"type":"Feature","properties":{"colonia_id":185,"nombre":"MARTIRES DE RIO BLANCO","cp":68050,"demarcacion_principal":"Cabecera Municipal","partida":false,"secciones":["0488","0508","0500"]},"geometry":{"type":"Polygon","coordinates":[[[-96.731833,17.088104],[-96.731523,17.08827],[-96.7313,17.087888],[-96.730691,17.087089],[-96.730607,17.086911],[-96.730546,17.086883],[-96.730516,17.08678],[-96.729492,17.0868],[-96.729629,17.087397],[-96.729076,17.08848],[-96.729066,17.088577],[-96.727909,17.090379],[-96.727829,17.090238],[-96.727131,17.089808],[-96.726005,17.088786],[-96.725841,17.088587],[-96.725751,17.088358],[-96.725738,17.088136],[-96.725713,17.088074],[-96.725649,17.088058],[-96.725568,17.088359],[-96.725548,17.088942],[-96.725681,17.089893],[-96.725607,17.089945],[-96.725469,17.089891],[-96.724698,17.089087],[-96.724594,17.088723],[-96.724413,17.088377],[-96.724418,17.088266],[-96.724547,17.088098],[-96.724522,17.087991],[-96.72437,17.087826],[-96.7243,17.087563],[-96.724006,17.087179],[-96.723431,17.086647],[-96.723155,17.085622],[-96.723284,17.084983],[-96.723764,17.084377],[-96.724271,17.083994],[-96.724833,17.084015],[-96.724907,17.083553],[-96.72737,17.083922],[-96.727298,17.084377],[-96.727333,17.084882],[-96.72759,17.085799],[-96.72812,17.087222],[-96.728469,17.087243],[-96.728634,17.087201],[-96.728887,17.086927],[-96.729417,17.08648],[-96.729446,17.0866],[-96.729648,17.086617],[-96.729898,17.086562],[-96.730472,17.086599],[-96.730953,17.086396],[-96.731156,17.086734],[-96.731641,17.086869],[-96.731886,17.086703],[-96.732013,17.086786],[-96.732086,17.086767],[-96.731733,17.087436],[-96.731525,17.087631],[-96.731833,17.088104]]]}},{"type":"Feature","properties":{"colonia_id":186,"nombre":"MARTIRES DE TACUBAYA","cp":68050,"demarcacion_principal":"Cabecera Municipal","partida":false,"secciones":["0507","0488","0508"]},"geometry":{"type":"Polygon","coordinates":[[[-96.728469,17.087243],[-96.72812,17.087222],[-96.72759,17.085799],[-96.727322,17.084821],[-96.727298,17.084377],[-96.72737,17.083922],[-96.726647,17.083805],[-96.726708,17.083333],[-96.727104,17.08345],[-96.727433,17.082821],[-96.729556,17.083668],[-96.730204,17.084313],[-96.730498,17.084478],[-96.730767,17.084711],[-96.730964,17.084952],[-96.731072,17.085032],[-96.731378,17.085131],[-96.731631,17.085529],[-96.731717,17.085909],[-96.731855,17.086058],[-96.732268,17.086239],[-96.732439,17.086217],[-96.732376,17.086365],[-96.732055,17.086493],[-96.73185,17.086488],[-96.731886,17.086703],[-96.731641,17.086869],[-96.731156,17.086734],[-96.730953,17.086396],[-96.730472,17.086599],[-96.729898,17.086562],[-96.729648,17.086617],[-96.729446,17.0866],[-96.729417,17.08648],[-96.728887,17.086927],[-96.728634,17.087201],[-96.728469,17.087243]]]}},{"type":"Feature","properties":{"colonia_id":187,"nombre":"MICROONDAS","cp":68050,"demarcacion_principal":"Cabecera Municipal","partida":false,"secciones":["0500"]},"geometry":{"type":"Polygon","coordinates":[[[-96.733511,17.088786],[-96.733578,17.089016],[-96.733574,17.089313],[-96.733639,17.089355],[-96.733574,17.089647],[-96.733512,17.089636],[-96.731869,17.090404],[-96.731631,17.090973],[-96.729962,17.092185],[-96.730455,17.092544],[-96.730604,17.092723],[-96.730564,17.092883],[-96.73046,17.093033],[-96.729984,17.093069],[-96.729533,17.093199],[-96.729242,17.09316],[-96.728957,17.093011],[-96.728659,17.09268],[-96.728122,17.091756],[-96.728129,17.091146],[-96.727909,17.090379],[-96.729066,17.088577],[-96.729076,17.08848],[-96.729629,17.087397],[-96.730418,17.087317],[-96.730484,17.087422],[-96.730522,17.087679],[-96.730699,17.087762],[-96.730873,17.087954],[-96.731331,17.088617],[-96.731613,17.088469],[-96.731523,17.08827],[-96.731833,17.088104],[-96.731525,17.087631],[-96.731733,17.087436],[-96.73208,17.0868],[-96.732086,17.086767],[-96.73191,17.086748],[-96.73185,17.086488],[-96.732055,17.086493],[-96.732376,17.086365],[-96.732439,17.086217],[-96.732673,17.087488],[-96.732777,17.087801],[-96.733134,17.088179],[-96.733511,17.088786]]]}},{"type":"Feature","properties":{"colonia_id":188,"nombre":"MIGUEL ALEMAN","cp":68120,"demarcacion_principal":"Cabecera Municipal","partida":false,"secciones":["0590","0612","0606"]},"geometry":{"type":"Polygon","coordinates":[[[-96.726381,17.050834],[-96.726131,17.050434],[-96.72353,17.046938],[-96.723185,17.046412],[-96.728847,17.046972],[-96.72954,17.048176],[-96.729796,17.048978],[-96.729761,17.049698],[-96.729882,17.049718],[-96.728826,17.050009],[-96.728733,17.050106],[-96.728192,17.050346],[-96.727868,17.050613],[-96.727556,17.05055],[-96.727164,17.050605],[-96.726381,17.050834]]]}},{"type":"Feature","properties":{"colonia_id":189,"nombre":"MIGUEL HIDALGO","cp":68140,"demarcacion_principal":"San Martín Mexicapam de Cárdenas","partida":false,"secciones":["0560","0561","0562"]},"geometry":{"type":"Polygon","coordinates":[[[-96.757082,17.061827],[-96.756977,17.062163],[-96.757007,17.062574],[-96.75711,17.062889],[-96.756753,17.063131],[-96.754847,17.064073],[-96.754245,17.06409],[-96.754137,17.064035],[-96.754231,17.063934],[-96.75378,17.063145],[-96.752584,17.063753],[-96.751956,17.06392],[-96.750591,17.064149],[-96.752736,17.062317],[-96.753158,17.062025],[-96.754264,17.061652],[-96.755522,17.061081],[-96.756469,17.061],[-96.757247,17.061446],[-96.757282,17.061552],[-96.757082,17.061827]]]}},{"type":"Feature","properties":{"colonia_id":190,"nombre":"MIRAVALLE","cp":68018,"demarcacion_principal":"Trinidad de Viguera","partida":true,"secciones":["0616","0471"]},"geometry":{"type":"Polygon","coordinates":[[[-96.749076,17.126722],[-96.748851,17.12705],[-96.748529,17.127251],[-96.747758,17.127377],[-96.747439,17.127373],[-96.747218,17.127355],[-96.746737,17.127192],[-96.745687,17.126661],[-96.745283,17.126526],[-96.745313,17.126446],[-96.745419,17.126377],[-96.746356,17.124752],[-96.746759,17.124798],[-96.747141,17.124721],[-96.748177,17.124776],[-96.748215,17.125351],[-96.749188,17.126022],[-96.749409,17.126245],[-96.749227,17.126393],[-96.749076,17.126722]]]}},{"type":"Feature","properties":{"colonia_id":191,"nombre":"MOCTEZUMA","cp":68140,"demarcacion_principal":"San Martín Mexicapam de Cárdenas","partida":false,"secciones":["0578","0560"]},"geometry":{"type":"Polygon","coordinates":[[[-96.761561,17.058876],[-96.761611,17.059017],[-96.761818,17.059096],[-96.761941,17.059205],[-96.762613,17.059369],[-96.762488,17.0615],[-96.7588,17.062017],[-96.758569,17.061904],[-96.758447,17.061927],[-96.75711,17.062889],[-96.757007,17.062574],[-96.756977,17.062163],[-96.757019,17.061951],[-96.757282,17.061552],[-96.757247,17.061446],[-96.756469,17.061],[-96.757065,17.061016],[-96.756967,17.060828],[-96.756964,17.060653],[-96.756833,17.060531],[-96.756675,17.060084],[-96.756724,17.059496],[-96.756537,17.058725],[-96.756454,17.058041],[-96.755872,17.05809],[-96.757093,17.057466],[-96.757717,17.057086],[-96.75833,17.056897],[-96.758349,17.056816],[-96.75819,17.056578],[-96.758182,17.056433],[-96.758307,17.056502],[-96.759052,17.056422],[-96.760126,17.054915],[-96.760638,17.054995],[-96.76105,17.05482],[-96.761669,17.055037],[-96.761763,17.055389],[-96.761622,17.056008],[-96.761793,17.056146],[-96.761715,17.056276],[-96.761941,17.056594],[-96.761764,17.057217],[-96.761755,17.057584],[-96.76161,17.057786],[-96.761561,17.05799],[-96.761604,17.058485],[-96.761561,17.058876]]]}},{"type":"Feature","properties":{"colonia_id":192,"nombre":"MOCTEZUMA SECTOR SUR","cp":68140,"demarcacion_principal":"San Martín Mexicapam de Cárdenas","partida":false,"secciones":["0579"]},"geometry":{"type":"Polygon","coordinates":[[[-96.75454,17.058446],[-96.754657,17.057233],[-96.754677,17.056468],[-96.75457,17.055568],[-96.754365,17.055477],[-96.754641,17.055435],[-96.754775,17.05531],[-96.754894,17.055115],[-96.754986,17.054673],[-96.755172,17.054309],[-96.755277,17.054328],[-96.755565,17.054513],[-96.755851,17.054592],[-96.756245,17.054626],[-96.756375,17.055116],[-96.756716,17.055429],[-96.757591,17.05582],[-96.757855,17.055876],[-96.757907,17.055933],[-96.758069,17.056314],[-96.758182,17.056433],[-96.75819,17.056578],[-96.758349,17.056816],[-96.75833,17.056897],[-96.757717,17.057086],[-96.757093,17.057466],[-96.755872,17.05809],[-96.755505,17.058223],[-96.75454,17.058446]]]}},{"type":"Feature","properties":{"colonia_id":193,"nombre":"MODELO","cp":68080,"demarcacion_principal":"Cabecera Municipal","partida":false,"secciones":["0570","0569"]},"geometry":{"type":"Polygon","coordinates":[[[-96.711224,17.064972],[-96.710331,17.06492],[-96.710206,17.06324],[-96.709322,17.063458],[-96.709274,17.062987],[-96.709108,17.063031],[-96.709065,17.062524],[-96.711626,17.061734],[-96.711552,17.06188],[-96.711224,17.064972]]]}},{"type":"Feature","properties":{"colonia_id":194,"nombre":"MONTE ALBAN","cp":68140,"demarcacion_principal":"San Martín Mexicapam de Cárdenas","partida":true,"secciones":["0579","0594"]},"geometry":{"type":"Polygon","coordinates":[[[-96.753597,17.052578],[-96.753496,17.052533],[-96.752987,17.052625],[-96.752735,17.052581],[-96.752333,17.052047],[-96.752175,17.051932],[-96.751973,17.051997],[-96.752147,17.052663],[-96.752149,17.052831],[-96.752069,17.052991],[-96.751541,17.053377],[-96.751305,17.053631],[-96.750986,17.053755],[-96.750717,17.053664],[-96.750394,17.053206],[-96.75024,17.053226],[-96.750045,17.053633],[-96.749488,17.054487],[-96.749408,17.054562],[-96.749082,17.054693],[-96.748883,17.055034],[-96.748824,17.054772],[-96.747797,17.053745],[-96.748786,17.052816],[-96.749134,17.052208],[-96.749221,17.051679],[-96.749422,17.051551],[-96.749478,17.051361],[-96.749276,17.051079],[-96.749119,17.050943],[-96.749179,17.050776],[-96.749187,17.050399],[-96.749099,17.050312],[-96.749085,17.050222],[-96.749101,17.050107],[-96.749188,17.050018],[-96.749538,17.049959],[-96.749628,17.049896],[-96.749205,17.049519],[-96.749191,17.049433],[-96.74909,17.049446],[-96.748904,17.049071],[-96.748787,17.048542],[-96.751306,17.049279],[-96.753839,17.050187],[-96.757583,17.051218],[-96.763905,17.052519],[-96.762949,17.053661],[-96.762785,17.056447],[-96.7622,17.05644],[-96.761691,17.056087],[-96.761622,17.056008],[-96.761763,17.055389],[-96.761669,17.055037],[-96.76105,17.05482],[-96.760638,17.054995],[-96.760126,17.054915],[-96.759052,17.056422],[-96.758307,17.056502],[-96.758069,17.056314],[-96.757855,17.055876],[-96.757591,17.05582],[-96.756896,17.05554],[-96.756474,17.055209],[-96.756375,17.055116],[-96.756245,17.054626],[-96.755851,17.054592],[-96.755565,17.054513],[-96.755277,17.054328],[-96.755172,17.054309],[-96.755122,17.054352],[-96.754986,17.054673],[-96.754894,17.055115],[-96.754641,17.055435],[-96.754365,17.055477],[-96.753983,17.055305],[-96.753828,17.055155],[-96.75372,17.054766],[-96.753507,17.054296],[-96.75332,17.054127],[-96.753369,17.05355],[-96.753447,17.053326],[-96.753489,17.052964],[-96.753608,17.052762],[-96.753597,17.052578]]]}},{"type":"Feature","properties":{"colonia_id":195,"nombre":"MONTOYA","cp":68036,"demarcacion_principal":"Montoya","partida":false,"secciones":["2480","0542","0524","2481"]},"geometry":{"type":"Polygon","coordinates":[[[-96.757977,17.073319],[-96.757951,17.073178],[-96.756532,17.07096],[-96.756105,17.070176],[-96.755531,17.069541],[-96.756609,17.069642],[-96.756608,17.069693],[-96.756768,17.069678],[-96.756897,17.06974],[-96.757013,17.069857],[-96.757293,17.069854],[-96.757581,17.069665],[-96.75757,17.069632],[-96.757681,17.069621],[-96.758271,17.069334],[-96.758192,17.06918],[-96.758386,17.066598],[-96.758236,17.06655],[-96.758303,17.066122],[-96.758789,17.066187],[-96.759206,17.06632],[-96.761539,17.066692],[-96.761296,17.068257],[-96.761178,17.068557],[-96.761104,17.068524],[-96.760776,17.069386],[-96.760695,17.069437],[-96.76041,17.070086],[-96.760379,17.070634],[-96.7603,17.071065],[-96.758573,17.073254],[-96.757977,17.073319]]]}},{"type":"Feature","properties":{"colonia_id":196,"nombre":"MORELOS","cp":68110,"demarcacion_principal":"Cabecera Municipal","partida":false,"secciones":["0586","0587"]},"geometry":{"type":"Polygon","coordinates":[[[-96.711626,17.061734],[-96.711368,17.061355],[-96.709816,17.059599],[-96.709727,17.059192],[-96.710067,17.059077],[-96.711464,17.059413],[-96.711493,17.059497],[-96.712189,17.059668],[-96.713096,17.060215],[-96.713613,17.060342],[-96.713892,17.061008],[-96.711626,17.061734]]]}},{"type":"Feature","properties":{"colonia_id":197,"nombre":"NETZAHUALCOYOTL","cp":68140,"demarcacion_principal":"San Martín Mexicapam de Cárdenas","partida":false,"secciones":["0563","0562","0577"]},"geometry":{"type":"Polygon","coordinates":[[[-96.749999,17.064266],[-96.749579,17.064023],[-96.74815,17.064061],[-96.747618,17.064211],[-96.746518,17.062502],[-96.748336,17.059641],[-96.748747,17.059476],[-96.748682,17.059233],[-96.749318,17.059196],[-96.751305,17.063009],[-96.751221,17.063078],[-96.751346,17.063382],[-96.751419,17.063452],[-96.750591,17.064149],[-96.750264,17.064176],[-96.749999,17.064266]]]}},{"type":"Feature","properties":{"colonia_id":198,"nombre":"NEZA CUBI","cp":68010,"demarcacion_principal":"Santa Rosa Panzacola","partida":false,"secciones":["0502"]},"geometry":{"type":"Polygon","coordinates":[[[-96.744979,17.089413],[-96.744209,17.089795],[-96.744498,17.090369],[-96.744889,17.09147],[-96.743875,17.0918],[-96.743326,17.092203],[-96.742677,17.09257],[-96.742523,17.092585],[-96.74241,17.092187],[-96.74205,17.092046],[-96.742004,17.091771],[-96.741899,17.091578],[-96.741832,17.09156],[-96.74168,17.090839],[-96.741575,17.09068],[-96.740996,17.090455],[-96.740793,17.090771],[-96.74067,17.090812],[-96.740808,17.09113],[-96.74079,17.091458],[-96.740714,17.091461],[-96.740554,17.09122],[-96.740315,17.091066],[-96.740016,17.090928],[-96.739529,17.09079],[-96.739668,17.090633],[-96.739859,17.090021],[-96.740112,17.089618],[-96.740183,17.089394],[-96.740556,17.089489],[-96.741173,17.089523],[-96.740772,17.089256],[-96.740272,17.089232],[-96.740218,17.089174],[-96.740717,17.088517],[-96.741612,17.087641],[-96.741865,17.087708],[-96.74196,17.087803],[-96.742016,17.087759],[-96.742626,17.088081],[-96.742925,17.088576],[-96.743076,17.088659],[-96.744979,17.089413]]]}},{"type":"Feature","properties":{"colonia_id":199,"nombre":"NIÑO ARTILLERO","cp":68018,"demarcacion_principal":"Trinidad de Viguera","partida":false,"secciones":["0616"]},"geometry":{"type":"Polygon","coordinates":[[[-96.739883,17.114146],[-96.736973,17.114064],[-96.737064,17.111287],[-96.739841,17.110997],[-96.739883,17.114146]]]}},{"type":"Feature","properties":{"colonia_id":200,"nombre":"NIÑOS HEROES","cp":68010,"demarcacion_principal":"Cabecera Municipal","partida":false,"secciones":["0525"]},"geometry":{"type":"Polygon","coordinates":[[[-96.739343,17.077152],[-96.738934,17.0763],[-96.739727,17.075889],[-96.740217,17.077006],[-96.739842,17.077016],[-96.739343,17.077152]]]}},{"type":"Feature","properties":{"colonia_id":201,"nombre":"NUESTRA SEÑORA","cp":68120,"demarcacion_principal":"Cinco Señores","partida":false,"secciones":["0603"]},"geometry":{"type":"Polygon","coordinates":[[[-96.712911,17.054348],[-96.712889,17.0541],[-96.713136,17.052299],[-96.715768,17.052714],[-96.71603,17.052856],[-96.716253,17.05329],[-96.713407,17.05406],[-96.712911,17.054348]]]}},{"type":"Feature","properties":{"colonia_id":202,"nombre":"OBRERA","cp":68115,"demarcacion_principal":"Cabecera Municipal","partida":false,"secciones":["0600","0588"]},"geometry":{"type":"Polygon","coordinates":[[[-96.714541,17.05883],[-96.712889,17.058474],[-96.712848,17.058108],[-96.713115,17.054982],[-96.712911,17.054348],[-96.713407,17.05406],[-96.713622,17.054195],[-96.713946,17.054262],[-96.715294,17.054444],[-96.714541,17.05883]]]}},{"type":"Feature","properties":{"colonia_id":203,"nombre":"OJITO DE AGUA","cp":68040,"demarcacion_principal":"Cabecera Municipal","partida":false,"secciones":["0538","0537"]},"geometry":{"type":"Polygon","coordinates":[[[-96.735316,17.075618],[-96.734825,17.075278],[-96.734261,17.074759],[-96.73382,17.074122],[-96.733864,17.073788],[-96.73437,17.073201],[-96.734755,17.07325],[-96.734913,17.073143],[-96.735117,17.073162],[-96.735164,17.073086],[-96.735786,17.073095],[-96.735762,17.073356],[-96.736967,17.073468],[-96.73712,17.073682],[-96.736851,17.073789],[-96.736876,17.073894],[-96.735797,17.073894],[-96.735805,17.074366],[-96.73532,17.074402],[-96.735811,17.075293],[-96.735426,17.075507],[-96.735316,17.075618]]]}},{"type":"Feature","properties":{"colonia_id":204,"nombre":"OJO DE AGUA","cp":68040,"demarcacion_principal":"Cabecera Municipal","partida":false,"secciones":["0500"]},"geometry":{"type":"Polygon","coordinates":[[[-96.736571,17.093404],[-96.736319,17.092805],[-96.736216,17.092731],[-96.736212,17.092503],[-96.736786,17.092479],[-96.737611,17.092333],[-96.73808,17.092335],[-96.738478,17.092248],[-96.738581,17.092527],[-96.739358,17.093489],[-96.739357,17.093699],[-96.739412,17.093779],[-96.739306,17.094357],[-96.739238,17.095489],[-96.739227,17.096623],[-96.739296,17.097888],[-96.739248,17.098463],[-96.739037,17.098248],[-96.738603,17.098215],[-96.738327,17.098228],[-96.738253,17.098408],[-96.737772,17.098336],[-96.737207,17.098395],[-96.7369,17.097945],[-96.736878,17.097484],[-96.736918,17.097366],[-96.736877,17.097228],[-96.736549,17.096906],[-96.736344,17.096792],[-96.735561,17.095911],[-96.73537,17.095502],[-96.735297,17.094808],[-96.735232,17.094656],[-96.735023,17.094506],[-96.735042,17.09438],[-96.734989,17.094304],[-96.735156,17.094033],[-96.735334,17.093927],[-96.735351,17.093832],[-96.735723,17.093652],[-96.736545,17.093524],[-96.736571,17.093404]]]}},{"type":"Feature","properties":{"colonia_id":205,"nombre":"OLIMPICA","cp":68020,"demarcacion_principal":"Cabecera Municipal","partida":false,"secciones":["0489"]},"geometry":{"type":"Polygon","coordinates":[[[-96.716531,17.091247],[-96.715501,17.090896],[-96.715322,17.090714],[-96.713242,17.090009],[-96.713313,17.089799],[-96.713804,17.089009],[-96.714128,17.088652],[-96.714267,17.087793],[-96.714424,17.08744],[-96.717188,17.089007],[-96.716531,17.091247]]]}},{"type":"Feature","properties":{"colonia_id":206,"nombre":"ORQUIDEAS","cp":68018,"demarcacion_principal":"Santa Rosa Panzacola","partida":false,"secciones":["0483"]},"geometry":{"type":"Polygon","coordinates":[[[-96.753396,17.100661],[-96.752992,17.100739],[-96.75278,17.100729],[-96.752205,17.098318],[-96.7521,17.097495],[-96.752483,17.097429],[-96.752831,17.09883],[-96.753396,17.100661]]]}},{"type":"Feature","properties":{"colonia_id":207,"nombre":"PARAJE CABALLETILLO","cp":68018,"demarcacion_principal":"Trinidad de Viguera","partida":false,"secciones":["0616"]},"geometry":{"type":"Polygon","coordinates":[[[-96.746158,17.132175],[-96.745131,17.132125],[-96.744346,17.131984],[-96.743867,17.131465],[-96.743473,17.13116],[-96.743089,17.130641],[-96.742766,17.130368],[-96.742483,17.130266],[-96.742366,17.130376],[-96.741876,17.130317],[-96.741987,17.130259],[-96.742139,17.129998],[-96.742158,17.129572],[-96.742199,17.12952],[-96.742404,17.129568],[-96.742577,17.129765],[-96.743049,17.129867],[-96.743229,17.129884],[-96.743694,17.129719],[-96.743807,17.129723],[-96.743922,17.129925],[-96.744106,17.130056],[-96.744443,17.130113],[-96.744824,17.130787],[-96.744991,17.130973],[-96.745353,17.131196],[-96.745504,17.131343],[-96.745537,17.131538],[-96.745818,17.131633],[-96.745752,17.131718],[-96.745774,17.131762],[-96.746158,17.132175]]]}},{"type":"Feature","properties":{"colonia_id":208,"nombre":"PARAJE EL CERRITO","cp":68018,"demarcacion_principal":"Trinidad de Viguera","partida":false,"secciones":["0616"]},"geometry":{"type":"Polygon","coordinates":[[[-96.743304,17.136499],[-96.74286,17.13663],[-96.742755,17.136536],[-96.742646,17.136285],[-96.742531,17.136254],[-96.74152,17.136542],[-96.741026,17.13659],[-96.740431,17.136506],[-96.74034,17.13654],[-96.740065,17.136813],[-96.739957,17.137],[-96.740341,17.137818],[-96.740737,17.138226],[-96.740848,17.138519],[-96.740621,17.138857],[-96.740306,17.139035],[-96.74002,17.139279],[-96.739558,17.140098],[-96.738181,17.141608],[-96.737209,17.142093],[-96.736923,17.142172],[-96.736581,17.142209],[-96.735784,17.14216],[-96.735213,17.142277],[-96.734755,17.142602],[-96.734182,17.143173],[-96.733609,17.143538],[-96.733209,17.143698],[-96.732809,17.143941],[-96.731609,17.144382],[-96.731038,17.14454],[-96.730524,17.144741],[-96.730181,17.144943],[-96.728753,17.145464],[-96.728523,17.14575],[-96.728122,17.146116],[-96.727432,17.146974],[-96.726803,17.147297],[-96.725772,17.148028],[-96.725087,17.14835],[-96.72343,17.14895],[-96.722801,17.149232],[-96.720975,17.149624],[-96.720179,17.149327],[-96.719609,17.149363],[-96.718812,17.149272],[-96.718355,17.149473],[-96.717442,17.14971],[-96.717154,17.15016],[-96.716866,17.150487],[-96.715838,17.150929],[-96.71544,17.150801],[-96.714928,17.15059],[-96.714532,17.150256],[-96.713964,17.14992],[-96.713738,17.149629],[-96.713571,17.14905],[-96.713234,17.148387],[-96.71301,17.147726],[-96.712169,17.145698],[-96.712116,17.145244],[-96.712405,17.144588],[-96.713495,17.143446],[-96.713955,17.142874],[-96.720608,17.14063],[-96.741786,17.133632],[-96.745982,17.132858],[-96.746514,17.132401],[-96.746795,17.131893],[-96.747056,17.131873],[-96.747249,17.131935],[-96.747352,17.13203],[-96.747313,17.132234],[-96.747177,17.132504],[-96.746596,17.13334],[-96.746439,17.133537],[-96.745651,17.134025],[-96.745323,17.134687],[-96.74573,17.135592],[-96.745404,17.135677],[-96.745263,17.13578],[-96.745051,17.136113],[-96.744817,17.136362],[-96.744665,17.136427],[-96.74442,17.136468],[-96.744033,17.136406],[-96.743304,17.136499]]]}},{"type":"Feature","properties":{"colonia_id":209,"nombre":"PARAJE LOS ARCOS","cp":68018,"demarcacion_principal":"Trinidad de Viguera","partida":false,"secciones":["0616"]},"geometry":{"type":"Polygon","coordinates":[[[-96.746795,17.131893],[-96.746514,17.132401],[-96.745982,17.132858],[-96.741786,17.133632],[-96.720546,17.140662],[-96.719777,17.13948],[-96.719484,17.138702],[-96.719502,17.138599],[-96.719962,17.138521],[-96.720704,17.138789],[-96.721156,17.138513],[-96.721445,17.138273],[-96.721627,17.137994],[-96.721861,17.137846],[-96.721821,17.137581],[-96.721893,17.137446],[-96.722367,17.137135],[-96.722697,17.136599],[-96.722975,17.136451],[-96.723232,17.136147],[-96.723466,17.136041],[-96.723725,17.135613],[-96.724381,17.135007],[-96.724759,17.134513],[-96.724799,17.134342],[-96.724763,17.134222],[-96.724613,17.134142],[-96.724159,17.134085],[-96.724133,17.134023],[-96.725078,17.133654],[-96.725549,17.133566],[-96.725666,17.133271],[-96.725847,17.133066],[-96.726139,17.132991],[-96.726389,17.132864],[-96.727316,17.132661],[-96.727573,17.132404],[-96.728034,17.132223],[-96.728269,17.131976],[-96.728547,17.131797],[-96.728899,17.131744],[-96.72953,17.131331],[-96.72992,17.131257],[-96.730083,17.131171],[-96.731074,17.130553],[-96.731419,17.130209],[-96.731961,17.130033],[-96.732426,17.130033],[-96.732669,17.129974],[-96.732996,17.12978],[-96.734008,17.129662],[-96.735392,17.12908],[-96.735877,17.129205],[-96.736118,17.129368],[-96.73737,17.129045],[-96.73786,17.129133],[-96.738205,17.129049],[-96.738881,17.129206],[-96.739073,17.129464],[-96.739188,17.129472],[-96.739374,17.129387],[-96.739792,17.129447],[-96.740206,17.129802],[-96.740781,17.13008],[-96.741119,17.130148],[-96.741626,17.130361],[-96.741876,17.130317],[-96.742366,17.130376],[-96.742483,17.130266],[-96.742766,17.130368],[-96.743089,17.130641],[-96.743473,17.13116],[-96.743867,17.131465],[-96.744346,17.131984],[-96.745131,17.132125],[-96.746158,17.132175],[-96.746795,17.131893]]]}},{"type":"Feature","properties":{"colonia_id":210,"nombre":"PARAJE PIOQUINTO","cp":68108,"demarcacion_principal":"Trinidad de Viguera","partida":false,"secciones":["0616"]},"geometry":{"type":"Polygon","coordinates":[[[-96.743642,17.123118],[-96.744118,17.123608],[-96.744362,17.123678],[-96.745598,17.123781],[-96.746016,17.123932],[-96.746129,17.124157],[-96.746097,17.124331],[-96.746356,17.124752],[-96.745419,17.126377],[-96.745313,17.126446],[-96.745283,17.126526],[-96.745026,17.126669],[-96.744914,17.126843],[-96.743948,17.126244],[-96.742691,17.1279],[-96.742683,17.128348],[-96.742954,17.128445],[-96.743742,17.129172],[-96.743789,17.1294],[-96.743942,17.129704],[-96.743694,17.129719],[-96.743229,17.129884],[-96.743049,17.129867],[-96.742577,17.129765],[-96.742404,17.129568],[-96.742199,17.12952],[-96.742158,17.129572],[-96.742139,17.129998],[-96.741987,17.130259],[-96.741626,17.130361],[-96.741119,17.130148],[-96.740781,17.13008],[-96.740206,17.129802],[-96.739792,17.129447],[-96.739374,17.129387],[-96.739188,17.129472],[-96.739073,17.129464],[-96.738881,17.129206],[-96.738205,17.129049],[-96.73786,17.129133],[-96.73737,17.129045],[-96.737224,17.129059],[-96.736118,17.129368],[-96.735877,17.129205],[-96.735392,17.12908],[-96.734008,17.129662],[-96.732996,17.12978],[-96.732669,17.129974],[-96.732426,17.130033],[-96.731961,17.130033],[-96.731419,17.130209],[-96.731074,17.130553],[-96.730083,17.131171],[-96.72992,17.131257],[-96.72953,17.131331],[-96.728899,17.131744],[-96.728547,17.131797],[-96.728269,17.131976],[-96.728034,17.132223],[-96.727573,17.132404],[-96.727316,17.132661],[-96.726389,17.132864],[-96.726139,17.132991],[-96.725847,17.133066],[-96.725666,17.133271],[-96.725549,17.133566],[-96.725078,17.133654],[-96.724133,17.134023],[-96.724159,17.134085],[-96.724613,17.134142],[-96.724763,17.134222],[-96.724799,17.134342],[-96.724759,17.134513],[-96.724381,17.135007],[-96.723725,17.135613],[-96.723466,17.136041],[-96.723232,17.136147],[-96.722975,17.136451],[-96.722697,17.136599],[-96.722367,17.137135],[-96.721893,17.137446],[-96.721821,17.137581],[-96.721861,17.137846],[-96.721627,17.137994],[-96.721445,17.138273],[-96.721156,17.138513],[-96.720704,17.138789],[-96.719962,17.138521],[-96.719502,17.138599],[-96.719484,17.138702],[-96.719777,17.13948],[-96.720546,17.140662],[-96.713955,17.142874],[-96.714014,17.142586],[-96.71396,17.142214],[-96.713737,17.14147],[-96.713511,17.141138],[-96.713457,17.140726],[-96.713686,17.140522],[-96.713745,17.140234],[-96.714206,17.139456],[-96.714435,17.139335],[-96.714667,17.13872],[-96.715069,17.138229],[-96.715073,17.137694],[-96.71519,17.137201],[-96.715421,17.136791],[-96.715257,17.135841],[-96.71515,17.13481],[-96.715153,17.134275],[-96.715613,17.133703],[-96.715558,17.133372],[-96.715561,17.13296],[-96.715735,17.13255],[-96.715797,17.131768],[-96.716086,17.131194],[-96.715976,17.130616],[-96.716322,17.129961],[-96.717098,17.124777],[-96.718938,17.122283],[-96.717834,17.117038],[-96.715561,17.11619],[-96.715513,17.114929],[-96.715794,17.114845],[-96.716247,17.114369],[-96.716304,17.114053],[-96.716256,17.11261],[-96.716308,17.11223],[-96.717011,17.111222],[-96.717195,17.111112],[-96.717428,17.111107],[-96.718999,17.111852],[-96.720497,17.113061],[-96.721538,17.11417],[-96.721862,17.114275],[-96.722065,17.114185],[-96.722201,17.114048],[-96.722456,17.113544],[-96.722678,17.113408],[-96.722947,17.113356],[-96.723425,17.113389],[-96.723606,17.113511],[-96.724079,17.114014],[-96.724192,17.1142],[-96.7254,17.114877],[-96.725523,17.115053],[-96.725747,17.116281],[-96.725898,17.116495],[-96.726032,17.116515],[-96.726243,17.116508],[-96.726388,17.116408],[-96.72661,17.116235],[-96.726892,17.115898],[-96.72673,17.11503],[-96.726706,17.114652],[-96.726779,17.11421],[-96.726734,17.113943],[-96.726167,17.112471],[-96.726087,17.112028],[-96.726117,17.111881],[-96.726214,17.11179],[-96.72655,17.111748],[-96.727532,17.112192],[-96.728036,17.112483],[-96.728931,17.112898],[-96.729577,17.113394],[-96.729845,17.113434],[-96.730481,17.11312],[-96.731227,17.113067],[-96.73346,17.113201],[-96.733601,17.113298],[-96.735484,17.115229],[-96.736206,17.117422],[-96.736396,17.118349],[-96.736655,17.119253],[-96.7369,17.119818],[-96.736955,17.120172],[-96.737437,17.120921],[-96.737862,17.121383],[-96.738104,17.1216],[-96.738345,17.121739],[-96.738839,17.121929],[-96.739294,17.122174],[-96.739527,17.122199],[-96.739962,17.122141],[-96.740159,17.121953],[-96.740384,17.120818],[-96.740664,17.119811],[-96.740792,17.119589],[-96.741168,17.119137],[-96.741348,17.119058],[-96.741594,17.119033],[-96.741918,17.119399],[-96.742009,17.11958],[-96.742224,17.120132],[-96.742395,17.120868],[-96.742534,17.121118],[-96.742827,17.121395],[-96.743349,17.121647],[-96.743452,17.121794],[-96.743496,17.122008],[-96.743463,17.122512],[-96.743512,17.122752],[-96.743642,17.123118]]]}},{"type":"Feature","properties":{"colonia_id":211,"nombre":"PARAJE RIO DULCE","cp":68018,"demarcacion_principal":"Trinidad de Viguera","partida":false,"secciones":["0616"]},"geometry":{"type":"Polygon","coordinates":[[[-96.74286,17.13663],[-96.74279,17.136924],[-96.742677,17.137056],[-96.742229,17.137104],[-96.742045,17.137342],[-96.742095,17.137514],[-96.742452,17.138061],[-96.742531,17.138301],[-96.742191,17.138313],[-96.741563,17.138513],[-96.740526,17.13894],[-96.740781,17.138649],[-96.740848,17.138519],[-96.740824,17.138378],[-96.740737,17.138226],[-96.740341,17.137818],[-96.739957,17.137],[-96.740065,17.136813],[-96.74034,17.13654],[-96.740431,17.136506],[-96.741026,17.13659],[-96.74152,17.136542],[-96.742531,17.136254],[-96.742646,17.136285],[-96.742755,17.136536],[-96.74286,17.13663]]]}},{"type":"Feature","properties":{"colonia_id":212,"nombre":"PARAJE SANTA MARIA","cp":68050,"demarcacion_principal":"Pueblo Nuevo","partida":false,"secciones":["2476"]},"geometry":{"type":"Polygon","coordinates":[[[-96.767067,17.120066],[-96.767003,17.119875],[-96.764247,17.116953],[-96.767202,17.115947],[-96.767951,17.115894],[-96.768887,17.115939],[-96.769069,17.116364],[-96.769258,17.117118],[-96.769347,17.117986],[-96.769234,17.118239],[-96.767067,17.120066]]]}},{"type":"Feature","properties":{"colonia_id":213,"nombre":"PASAJUEGO","cp":68010,"demarcacion_principal":"Cabecera Municipal","partida":false,"secciones":["0539","0525"]},"geometry":{"type":"Polygon","coordinates":[[[-96.73767,17.077394],[-96.737627,17.077209],[-96.737183,17.076876],[-96.737788,17.076597],[-96.737925,17.076415],[-96.738233,17.075648],[-96.738597,17.075476],[-96.739001,17.076266],[-96.738934,17.0763],[-96.739343,17.077152],[-96.738455,17.077351],[-96.737875,17.07734],[-96.73767,17.077394]]]}},{"type":"Feature","properties":{"colonia_id":214,"nombre":"PATRIA NUEVA","cp":68018,"demarcacion_principal":"Pueblo Nuevo","partida":false,"secciones":["2472","2474","2470"]},"geometry":{"type":"Polygon","coordinates":[[[-96.759478,17.130448],[-96.75967,17.130039],[-96.759948,17.128683],[-96.760054,17.128646],[-96.760061,17.127655],[-96.760252,17.125801],[-96.76039,17.125732],[-96.76111,17.125094],[-96.761872,17.127479],[-96.761373,17.130849],[-96.761447,17.131266],[-96.760382,17.131769],[-96.759885,17.130584],[-96.759478,17.130448]]]}},{"type":"Feature","properties":{"colonia_id":215,"nombre":"PEDREGAL DEL SUR","cp":68140,"demarcacion_principal":"San Juan Chapultepec","partida":false,"secciones":["0605"]},"geometry":{"type":"Polygon","coordinates":[[[-96.733163,17.047584],[-96.733015,17.047588],[-96.732963,17.047646],[-96.732552,17.047603],[-96.732713,17.047043],[-96.732914,17.047007],[-96.733108,17.046861],[-96.733357,17.046843],[-96.733163,17.047584]]]}},{"type":"Feature","properties":{"colonia_id":216,"nombre":"PINTORES","cp":68157,"demarcacion_principal":"San Juan Chapultepec","partida":false,"secciones":["0593"]},"geometry":{"type":"Polygon","coordinates":[[[-96.746966,17.056639],[-96.746504,17.056512],[-96.746091,17.05626],[-96.746737,17.05418],[-96.747007,17.05436],[-96.747157,17.054321],[-96.747551,17.054008],[-96.747636,17.053837],[-96.747797,17.053745],[-96.748824,17.054772],[-96.748883,17.055034],[-96.748851,17.055182],[-96.748642,17.055539],[-96.748292,17.05598],[-96.747859,17.056387],[-96.747422,17.056591],[-96.746966,17.056639]]]}},{"type":"Feature","properties":{"colonia_id":217,"nombre":"PLAZA DEL VALLE","cp":68130,"demarcacion_principal":"Candiani","partida":false,"secciones":["0615"]},"geometry":{"type":"Polygon","coordinates":[[[-96.713498,17.039606],[-96.712732,17.040579],[-96.713422,17.041437],[-96.713686,17.041219],[-96.713703,17.041805],[-96.713565,17.041871],[-96.71305,17.041875],[-96.713581,17.042617],[-96.713054,17.042311],[-96.709524,17.039868],[-96.707511,17.038433],[-96.705965,17.037254],[-96.707121,17.032926],[-96.707714,17.032047],[-96.71383,17.033395],[-96.713621,17.033874],[-96.713348,17.034287],[-96.711086,17.0375],[-96.713286,17.038147],[-96.713296,17.039462],[-96.713498,17.039606]]]}},{"type":"Feature","properties":{"colonia_id":218,"nombre":"POPULAR GUADALUPE VICTORIA","cp":68026,"demarcacion_principal":"Guadalupe Victoria","partida":false,"secciones":["0505"]},"geometry":{"type":"Polygon","coordinates":[[[-96.745838,17.08447],[-96.745257,17.083286],[-96.745347,17.083257],[-96.745149,17.082809],[-96.745174,17.082725],[-96.746432,17.08211],[-96.746952,17.083112],[-96.747541,17.084092],[-96.747079,17.084229],[-96.746697,17.084215],[-96.746261,17.084309],[-96.745838,17.08447]]]}},{"type":"Feature","properties":{"colonia_id":219,"nombre":"POSTAL","cp":68020,"demarcacion_principal":"Cabecera Municipal","partida":false,"secciones":["0585"]},"geometry":{"type":"Polygon","coordinates":[[[-96.714351,17.060779],[-96.713798,17.060784],[-96.712889,17.058474],[-96.714281,17.058773],[-96.714174,17.059743],[-96.715834,17.060079],[-96.714351,17.060779]]]}},{"type":"Feature","properties":{"colonia_id":220,"nombre":"POZAS ARCAS","cp":68040,"demarcacion_principal":"Cabecera Municipal","partida":false,"secciones":["0507"]},"geometry":{"type":"Polygon","coordinates":[[[-96.724739,17.082056],[-96.724917,17.08081],[-96.727057,17.080699],[-96.727005,17.081416],[-96.7271,17.081963],[-96.724739,17.082056]]]}},{"type":"Feature","properties":{"colonia_id":221,"nombre":"PRESA SAN FELIPE","cp":68044,"demarcacion_principal":"Cabecera Municipal","partida":false,"secciones":["0489"]},"geometry":{"type":"Polygon","coordinates":[[[-96.720154,17.088135],[-96.719774,17.089168],[-96.719781,17.089248],[-96.718653,17.089082],[-96.718623,17.088688],[-96.717403,17.088334],[-96.717933,17.086675],[-96.72031,17.087373],[-96.720154,17.088135]]]}},{"type":"Feature","properties":{"colonia_id":222,"nombre":"PRESIDENTE JUAREZ","cp":68140,"demarcacion_principal":"San Martín Mexicapam de Cárdenas","partida":false,"secciones":["0577","0578"]},"geometry":{"type":"Polygon","coordinates":[[[-96.749926,17.060364],[-96.749318,17.059196],[-96.750313,17.059156],[-96.751506,17.058899],[-96.752519,17.058912],[-96.755045,17.058343],[-96.755872,17.05809],[-96.756454,17.058041],[-96.756537,17.058725],[-96.756258,17.058768],[-96.755261,17.058782],[-96.755105,17.058838],[-96.754892,17.059103],[-96.754816,17.059354],[-96.752321,17.059876],[-96.751144,17.060055],[-96.749926,17.060364]]]}},{"type":"Feature","properties":{"colonia_id":223,"nombre":"PRESIDENTES DE MEXICO","cp":68018,"demarcacion_principal":"Pueblo Nuevo","partida":false,"secciones":["2474"]},"geometry":{"type":"Polygon","coordinates":[[[-96.761199,17.124991],[-96.760637,17.124656],[-96.76002,17.12419],[-96.759727,17.123855],[-96.759362,17.123143],[-96.759263,17.122778],[-96.759724,17.122521],[-96.760016,17.122217],[-96.760687,17.120716],[-96.761391,17.119912],[-96.761859,17.119506],[-96.764188,17.122518],[-96.761199,17.124991]]]}},{"type":"Feature","properties":{"colonia_id":224,"nombre":"PRIMAVERA","cp":68090,"demarcacion_principal":"San Martín Mexicapam de Cárdenas","partida":false,"secciones":["0575"]},"geometry":{"type":"Polygon","coordinates":[[[-96.738147,17.061608],[-96.737704,17.059788],[-96.738274,17.059388],[-96.739469,17.059228],[-96.739499,17.058165],[-96.737622,17.058111],[-96.737566,17.05698],[-96.738812,17.056344],[-96.738901,17.056411],[-96.739854,17.056668],[-96.740097,17.05682],[-96.740612,17.057489],[-96.741037,17.058211],[-96.741096,17.058488],[-96.741143,17.060229],[-96.740336,17.060974],[-96.739927,17.061433],[-96.739734,17.06151],[-96.739285,17.061583],[-96.738147,17.061608]]]}},{"type":"Feature","properties":{"colonia_id":225,"nombre":"PROVIDENCIA","cp":68050,"demarcacion_principal":"Cabecera Municipal","partida":false,"secciones":["0500"]},"geometry":{"type":"Polygon","coordinates":[[[-96.731331,17.088617],[-96.730873,17.087954],[-96.730699,17.087762],[-96.730522,17.087679],[-96.730484,17.087422],[-96.730418,17.087317],[-96.729629,17.087397],[-96.729492,17.0868],[-96.730516,17.08678],[-96.730691,17.087089],[-96.7313,17.087888],[-96.731613,17.088469],[-96.731331,17.088617]]]}},{"type":"Feature","properties":{"colonia_id":226,"nombre":"PUEBLO NUEVO","cp":68018,"demarcacion_principal":"Pueblo Nuevo","partida":false,"secciones":["0472","0471"]},"geometry":{"type":"Polygon","coordinates":[[[-96.759263,17.122778],[-96.759178,17.121447],[-96.75903,17.117028],[-96.758525,17.117909],[-96.758397,17.11788],[-96.758225,17.117542],[-96.756745,17.118087],[-96.756773,17.117866],[-96.756907,17.117598],[-96.751887,17.119573],[-96.752511,17.117671],[-96.751453,17.117641],[-96.751507,17.117416],[-96.751924,17.116349],[-96.752948,17.116381],[-96.753054,17.116121],[-96.752451,17.114374],[-96.752434,17.114226],[-96.752096,17.113337],[-96.753043,17.113029],[-96.752709,17.112157],[-96.752825,17.11194],[-96.752775,17.111526],[-96.753477,17.111259],[-96.753417,17.110948],[-96.753415,17.110377],[-96.75328,17.109509],[-96.755003,17.109135],[-96.752538,17.103467],[-96.754161,17.102874],[-96.755448,17.106767],[-96.755769,17.107397],[-96.756448,17.108491],[-96.757786,17.110026],[-96.76269,17.115277],[-96.762296,17.115311],[-96.763003,17.117219],[-96.763133,17.118041],[-96.762971,17.118193],[-96.762463,17.118339],[-96.762339,17.118527],[-96.762031,17.11933],[-96.761391,17.119912],[-96.760687,17.120716],[-96.760016,17.122217],[-96.759724,17.122521],[-96.759263,17.122778]]]}},{"type":"Feature","properties":{"colonia_id":227,"nombre":"PUNTO TRINO","cp":68157,"demarcacion_principal":"San Juan Chapultepec","partida":false,"secciones":["0593"]},"geometry":{"type":"Polygon","coordinates":[[[-96.747642,17.051758],[-96.747305,17.051757],[-96.746449,17.050769],[-96.74719,17.050098],[-96.747985,17.050715],[-96.747665,17.051397],[-96.747642,17.051758]]]}},{"type":"Feature","properties":{"colonia_id":228,"nombre":"REAL CANDIANI","cp":68130,"demarcacion_principal":"Candiani","partida":false,"secciones":["0615"]},"geometry":{"type":"Polygon","coordinates":[[[-96.714136,17.043233],[-96.713992,17.043196],[-96.71305,17.041875],[-96.713565,17.041871],[-96.713703,17.041805],[-96.713686,17.041219],[-96.713422,17.041437],[-96.712732,17.040579],[-96.713498,17.039606],[-96.714423,17.04024],[-96.714136,17.043233]]]}},{"type":"Feature","properties":{"colonia_id":229,"nombre":"REAL CASA BLANCA","cp":68010,"demarcacion_principal":"San Martín Mexicapam de Cárdenas","partida":false,"secciones":["0559"]},"geometry":{"type":"Polygon","coordinates":[[[-96.743863,17.064389],[-96.744166,17.066631],[-96.743239,17.066694],[-96.743272,17.066316],[-96.743027,17.064206],[-96.743475,17.064255],[-96.743863,17.064389]]]}},{"type":"Feature","properties":{"colonia_id":230,"nombre":"REAL CASA BLANCA 2","cp":68010,"demarcacion_principal":"San Martín Mexicapam de Cárdenas","partida":false,"secciones":["0559"]},"geometry":{"type":"Polygon","coordinates":[[[-96.743863,17.064389],[-96.744188,17.064502],[-96.744576,17.066807],[-96.744193,17.066811],[-96.743863,17.064389]]]}},{"type":"Feature","properties":{"colonia_id":231,"nombre":"REFORESTACION","cp":68018,"demarcacion_principal":"Pueblo Nuevo","partida":false,"secciones":["2474"]},"geometry":{"type":"Polygon","coordinates":[[[-96.758494,17.127276],[-96.758007,17.126257],[-96.757769,17.125566],[-96.758024,17.125393],[-96.757937,17.125276],[-96.758087,17.125164],[-96.758221,17.12476],[-96.758413,17.124579],[-96.758487,17.124121],[-96.758883,17.123904],[-96.759101,17.1237],[-96.759148,17.123537],[-96.759168,17.122967],[-96.759263,17.122778],[-96.759362,17.123143],[-96.759727,17.123855],[-96.76002,17.12419],[-96.760637,17.124656],[-96.761199,17.124991],[-96.76039,17.125732],[-96.760252,17.125801],[-96.758494,17.127276]]]}},{"type":"Feature","properties":{"colonia_id":232,"nombre":"REFORMA","cp":68050,"demarcacion_principal":"Cabecera Municipal","partida":false,"secciones":["0534","0509","0530","0532","0529","0551","0533","0531","0550","0552"]},"geometry":{"type":"Polygon","coordinates":[[[-96.715291,17.085805],[-96.714199,17.085433],[-96.71367,17.085313],[-96.71351,17.0852],[-96.712771,17.084955],[-96.713791,17.083684],[-96.71298,17.083551],[-96.712657,17.083407],[-96.711919,17.083302],[-96.712141,17.081503],[-96.708865,17.081099],[-96.709036,17.080019],[-96.706204,17.079669],[-96.706086,17.078549],[-96.70611,17.077326],[-96.706148,17.077194],[-96.706039,17.076144],[-96.707046,17.075871],[-96.706971,17.072648],[-96.708855,17.072741],[-96.708908,17.072287],[-96.710152,17.072433],[-96.71022,17.070125],[-96.714541,17.070493],[-96.715703,17.070661],[-96.719654,17.071605],[-96.719642,17.071776],[-96.719846,17.071808],[-96.720005,17.071904],[-96.720109,17.072305],[-96.720139,17.072807],[-96.720083,17.073811],[-96.720213,17.074619],[-96.720687,17.074964],[-96.720959,17.075003],[-96.721487,17.075597],[-96.719717,17.075442],[-96.719001,17.081569],[-96.719763,17.081675],[-96.719426,17.082728],[-96.717377,17.082488],[-96.716957,17.082475],[-96.716741,17.083276],[-96.716544,17.084407],[-96.716153,17.085209],[-96.715291,17.085805]]]}},{"type":"Feature","properties":{"colonia_id":233,"nombre":"RESIDENCIAL EX- HACIENDA DE GUADALUPE","cp":68026,"demarcacion_principal":"Guadalupe Victoria","partida":false,"secciones":["0481"]},"geometry":{"type":"Polygon","coordinates":[[[-96.717385,17.100274],[-96.717254,17.099367],[-96.716019,17.098544],[-96.716069,17.098214],[-96.716376,17.098147],[-96.716449,17.097939],[-96.716193,17.09712],[-96.716083,17.096583],[-96.716135,17.096472],[-96.716444,17.096214],[-96.716699,17.096083],[-96.717215,17.09631],[-96.717712,17.096268],[-96.717666,17.09666],[-96.717821,17.097887],[-96.718153,17.098214],[-96.718277,17.098412],[-96.718332,17.098693],[-96.718271,17.099305],[-96.717992,17.100243],[-96.717385,17.100274]]]}},{"type":"Feature","properties":{"colonia_id":234,"nombre":"RESIDENCIAL GALAHUI","cp":68090,"demarcacion_principal":"San Martín Mexicapam de Cárdenas","partida":false,"secciones":["0576"]},"geometry":{"type":"Polygon","coordinates":[[[-96.744286,17.057483],[-96.744819,17.05807],[-96.745144,17.057928],[-96.745334,17.058248],[-96.743467,17.059144],[-96.742976,17.058621],[-96.744286,17.057483]]]}},{"type":"Feature","properties":{"colonia_id":235,"nombre":"RESIDENCIAL SAN FELIPE","cp":68120,"demarcacion_principal":"Cabecera Municipal","partida":false,"secciones":["0489"]},"geometry":{"type":"Polygon","coordinates":[[[-96.71932,17.091069],[-96.719255,17.090357],[-96.719081,17.090352],[-96.719093,17.089857],[-96.718995,17.089718],[-96.71705,17.089478],[-96.717403,17.088334],[-96.718623,17.088688],[-96.718653,17.089082],[-96.719781,17.089248],[-96.719799,17.08945],[-96.719621,17.090873],[-96.719551,17.091115],[-96.71932,17.091069]]]}},{"type":"Feature","properties":{"colonia_id":236,"nombre":"RESIDENCIAL SAN MARTIN","cp":68140,"demarcacion_principal":"San Martín Mexicapam de Cárdenas","partida":false,"secciones":["0559"]},"geometry":{"type":"Polygon","coordinates":[[[-96.747036,17.068615],[-96.746289,17.068215],[-96.745884,17.064979],[-96.746552,17.064748],[-96.746598,17.064794],[-96.747036,17.068615]]]}},{"type":"Feature","properties":{"colonia_id":237,"nombre":"RESOLANA","cp":68050,"demarcacion_principal":"Cabecera Municipal","partida":false,"secciones":["0534"]},"geometry":{"type":"Polygon","coordinates":[[[-96.720693,17.078586],[-96.7205,17.078574],[-96.720548,17.077941],[-96.719445,17.077809],[-96.719567,17.076798],[-96.721374,17.077084],[-96.721406,17.076714],[-96.721879,17.076774],[-96.721896,17.076657],[-96.72207,17.076663],[-96.722453,17.077341],[-96.722486,17.077609],[-96.721828,17.077666],[-96.720915,17.077945],[-96.720693,17.078586]]]}},{"type":"Feature","properties":{"colonia_id":238,"nombre":"REVOLUCION","cp":68010,"demarcacion_principal":"Santa Rosa Panzacola","partida":false,"secciones":["0504"]},"geometry":{"type":"Polygon","coordinates":[[[-96.748506,17.088638],[-96.752138,17.087128],[-96.75354,17.089522],[-96.752232,17.090197],[-96.751559,17.088915],[-96.750529,17.089366],[-96.751138,17.090762],[-96.750298,17.091196],[-96.74903,17.089955],[-96.748039,17.088899],[-96.748506,17.088638]]]}},{"type":"Feature","properties":{"colonia_id":239,"nombre":"RICARDO FLORES MAGON","cp":68058,"demarcacion_principal":"Cabecera Municipal","partida":false,"secciones":["0517","0516","0515","0518"]},"geometry":{"type":"Polygon","coordinates":[[[-96.692451,17.086954],[-96.690391,17.086711],[-96.688427,17.086333],[-96.688464,17.085848],[-96.69375,17.079486],[-96.694257,17.080109],[-96.694603,17.080397],[-96.695195,17.081087],[-96.696049,17.081749],[-96.699819,17.081902],[-96.699991,17.084127],[-96.700068,17.084556],[-96.700217,17.084916],[-96.698756,17.085211],[-96.696779,17.085701],[-96.69348,17.086683],[-96.693765,17.086079],[-96.692451,17.086954]]]}},{"type":"Feature","properties":{"colonia_id":240,"nombre":"RICARDO FLORES MAGON FOVISSSTE","cp":68020,"demarcacion_principal":"Cabecera Municipal","partida":false,"secciones":["0510"]},"geometry":{"type":"Polygon","coordinates":[[[-96.711814,17.086178],[-96.711413,17.085524],[-96.711293,17.085235],[-96.711398,17.084408],[-96.711525,17.084121],[-96.711882,17.083599],[-96.711919,17.083302],[-96.712657,17.083407],[-96.71298,17.083551],[-96.713791,17.083684],[-96.712771,17.084955],[-96.712124,17.08605],[-96.711904,17.086099],[-96.711814,17.086178]]]}},{"type":"Feature","properties":{"colonia_id":241,"nombre":"RINCON DEL ACUEDUCTO","cp":68040,"demarcacion_principal":"Cabecera Municipal","partida":false,"secciones":["0529"]},"geometry":{"type":"Polygon","coordinates":[[[-96.720731,17.081327],[-96.720584,17.08179],[-96.719763,17.081675],[-96.719992,17.081057],[-96.720424,17.080355],[-96.720587,17.079724],[-96.721169,17.078132],[-96.72205,17.07798],[-96.721931,17.078333],[-96.722243,17.078442],[-96.722116,17.07898],[-96.722026,17.079057],[-96.721975,17.079219],[-96.721932,17.079541],[-96.721492,17.079856],[-96.721306,17.079919],[-96.721087,17.079882],[-96.720898,17.079966],[-96.720991,17.080261],[-96.720991,17.080422],[-96.720924,17.080498],[-96.720546,17.080671],[-96.720731,17.081327]]]}},{"type":"Feature","properties":{"colonia_id":242,"nombre":"RINCONES DE XOCHIMILCO","cp":68010,"demarcacion_principal":"Cabecera Municipal","partida":false,"secciones":["0500"]},"geometry":{"type":"Polygon","coordinates":[[[-96.735821,17.090196],[-96.734065,17.090365],[-96.733751,17.089718],[-96.734195,17.089619],[-96.73582,17.089561],[-96.735821,17.090196]]]}},{"type":"Feature","properties":{"colonia_id":243,"nombre":"RIO DULCE PARTE BAJA","cp":68018,"demarcacion_principal":"Trinidad de Viguera","partida":false,"secciones":["0616"]},"geometry":{"type":"Polygon","coordinates":[[[-96.747711,17.137649],[-96.747817,17.137879],[-96.748087,17.138068],[-96.748036,17.138212],[-96.747513,17.138296],[-96.747121,17.138484],[-96.746614,17.13861],[-96.745884,17.139155],[-96.744583,17.138504],[-96.743046,17.138281],[-96.742531,17.138301],[-96.742452,17.138061],[-96.742056,17.137416],[-96.744341,17.137196],[-96.745731,17.13764],[-96.746061,17.137789],[-96.747166,17.137962],[-96.747711,17.137649]]]}},{"type":"Feature","properties":{"colonia_id":244,"nombre":"SAN BERNARDO","cp":68018,"demarcacion_principal":"Trinidad de Viguera","partida":false,"secciones":["0616"]},"geometry":{"type":"Polygon","coordinates":[[[-96.752833,17.135193],[-96.750125,17.136548],[-96.749919,17.13671],[-96.749182,17.137673],[-96.748881,17.137915],[-96.748769,17.137462],[-96.748875,17.136768],[-96.749151,17.136451],[-96.749341,17.136419],[-96.749441,17.135432],[-96.749817,17.135487],[-96.750135,17.13565],[-96.750724,17.134521],[-96.752293,17.13472],[-96.75233,17.134219],[-96.752674,17.133754],[-96.752744,17.13357],[-96.753638,17.13299],[-96.753765,17.133023],[-96.753723,17.133233],[-96.753544,17.133633],[-96.753129,17.134247],[-96.752833,17.135193]]]}},{"type":"Feature","properties":{"colonia_id":245,"nombre":"SAN CARLOS","cp":68050,"demarcacion_principal":"Guadalupe Victoria","partida":false,"secciones":["0481"]},"geometry":{"type":"Polygon","coordinates":[[[-96.716444,17.096214],[-96.715254,17.095742],[-96.71617,17.09306],[-96.716464,17.092012],[-96.719314,17.092366],[-96.719412,17.093498],[-96.719337,17.094051],[-96.718942,17.094289],[-96.718313,17.094371],[-96.717328,17.09502],[-96.716978,17.095132],[-96.716725,17.095432],[-96.716671,17.0958],[-96.716699,17.096083],[-96.716444,17.096214]],[[-96.717378,17.094541],[-96.717449,17.094112],[-96.717225,17.093972],[-96.716773,17.094195],[-96.716938,17.094461],[-96.717278,17.09459],[-96.717378,17.094541]]]}},{"type":"Feature","properties":{"colonia_id":246,"nombre":"SAN FELIPE DEL AGUA","cp":68020,"demarcacion_principal":"San Felipe del Agua","partida":true,"secciones":["0476","0480","0481","0479"]},"geometry":{"type":"Polygon","coordinates":[[[-96.713565,17.106167],[-96.713257,17.106013],[-96.713007,17.106042],[-96.712864,17.106168],[-96.712656,17.106182],[-96.71228,17.106297],[-96.712206,17.106457],[-96.712116,17.106951],[-96.712184,17.107086],[-96.712098,17.10734],[-96.712233,17.107649],[-96.712441,17.107758],[-96.712522,17.10792],[-96.712449,17.108174],[-96.712164,17.108759],[-96.712146,17.109107],[-96.711873,17.109774],[-96.711491,17.110251],[-96.711407,17.110264],[-96.711028,17.110567],[-96.711235,17.110744],[-96.711511,17.110808],[-96.711845,17.111018],[-96.711912,17.111196],[-96.711489,17.111577],[-96.711432,17.111683],[-96.711472,17.111858],[-96.711262,17.111882],[-96.711094,17.111974],[-96.710953,17.112173],[-96.710975,17.112642],[-96.710661,17.113214],[-96.710726,17.113657],[-96.710634,17.114338],[-96.710673,17.114526],[-96.710615,17.114726],[-96.710691,17.115303],[-96.710662,17.115423],[-96.710548,17.115636],[-96.710356,17.11538],[-96.710245,17.115352],[-96.710106,17.115377],[-96.709685,17.115626],[-96.709158,17.116624],[-96.708477,17.117621],[-96.708211,17.117779],[-96.707946,17.117802],[-96.707559,17.117597],[-96.707448,17.117489],[-96.707396,17.117194],[-96.707454,17.117007],[-96.707753,17.116528],[-96.707754,17.116381],[-96.707854,17.116181],[-96.708195,17.115609],[-96.708353,17.115223],[-96.7085,17.114625],[-96.708526,17.113645],[-96.708283,17.113026],[-96.707912,17.112621],[-96.706657,17.112322],[-96.705171,17.111304],[-96.702874,17.110069],[-96.702935,17.109422],[-96.703083,17.10905],[-96.703223,17.108971],[-96.703487,17.108637],[-96.703506,17.108484],[-96.703763,17.108388],[-96.70372,17.108127],[-96.703754,17.107943],[-96.703865,17.107811],[-96.704132,17.107277],[-96.704348,17.107122],[-96.704428,17.106907],[-96.704662,17.106714],[-96.70462,17.106016],[-96.704815,17.105825],[-96.704855,17.105637],[-96.705186,17.105023],[-96.705286,17.104586],[-96.705264,17.104369],[-96.705429,17.104052],[-96.70592,17.103264],[-96.706083,17.103179],[-96.706348,17.103138],[-96.706364,17.102994],[-96.706283,17.102794],[-96.70628,17.102654],[-96.706356,17.102611],[-96.706543,17.10234],[-96.70602,17.102429],[-96.705662,17.102372],[-96.705795,17.102081],[-96.706047,17.101884],[-96.706242,17.101558],[-96.706391,17.101608],[-96.706458,17.101585],[-96.706502,17.101401],[-96.706465,17.101017],[-96.706698,17.100348],[-96.706826,17.100213],[-96.706861,17.100099],[-96.70678,17.099866],[-96.70658,17.099763],[-96.706482,17.099649],[-96.706426,17.099425],[-96.706538,17.099098],[-96.706515,17.098986],[-96.708347,17.098632],[-96.708431,17.098743],[-96.708626,17.098802],[-96.708812,17.098645],[-96.708832,17.098489],[-96.708798,17.098428],[-96.710373,17.098633],[-96.709876,17.097561],[-96.709747,17.097159],[-96.709782,17.09636],[-96.711937,17.096755],[-96.711949,17.09483],[-96.711895,17.094298],[-96.712021,17.093145],[-96.71316,17.0933],[-96.713341,17.092629],[-96.714083,17.092866],[-96.715209,17.093356],[-96.715513,17.092297],[-96.715774,17.091876],[-96.716341,17.091319],[-96.716531,17.091247],[-96.716588,17.091385],[-96.716394,17.092292],[-96.715254,17.095742],[-96.716444,17.096214],[-96.716135,17.096472],[-96.716083,17.096583],[-96.716193,17.09712],[-96.716449,17.097939],[-96.716376,17.098147],[-96.716069,17.098214],[-96.716019,17.098544],[-96.715932,17.098733],[-96.716245,17.099025],[-96.716301,17.099169],[-96.716257,17.099376],[-96.715994,17.099852],[-96.716131,17.100239],[-96.716073,17.100465],[-96.71555,17.100744],[-96.715374,17.100779],[-96.715354,17.10111],[-96.715235,17.101285],[-96.715806,17.101627],[-96.715896,17.10174],[-96.71591,17.101948],[-96.71585,17.102107],[-96.715666,17.102282],[-96.71546,17.102364],[-96.71482,17.102429],[-96.714752,17.102559],[-96.714827,17.102806],[-96.714926,17.102889],[-96.715157,17.102943],[-96.71519,17.102999],[-96.715158,17.103114],[-96.714661,17.103356],[-96.714509,17.103359],[-96.714335,17.103534],[-96.714083,17.103959],[-96.714112,17.104295],[-96.713774,17.104457],[-96.71348,17.104733],[-96.713427,17.104868],[-96.713611,17.105262],[-96.713745,17.105436],[-96.714064,17.105633],[-96.714211,17.105789],[-96.714201,17.105949],[-96.714157,17.106032],[-96.713895,17.106125],[-96.713565,17.106167]],[[-96.711371,17.101059],[-96.712299,17.101271],[-96.712979,17.099583],[-96.71387,17.097559],[-96.714044,17.097306],[-96.713227,17.097028],[-96.712413,17.096856],[-96.712078,17.098562],[-96.711999,17.098546],[-96.711894,17.099127],[-96.710482,17.098899],[-96.71062,17.09981],[-96.710634,17.101056],[-96.711358,17.101135],[-96.711371,17.101059]],[[-96.71249,17.10413],[-96.713129,17.104371],[-96.713593,17.103094],[-96.712841,17.10277],[-96.71249,17.10413]]]}},{"type":"Feature","properties":{"colonia_id":247,"nombre":"SAN FRANCISCO","cp":68030,"demarcacion_principal":"Cabecera Municipal","partida":true,"secciones":["0523","0505"]},"geometry":{"type":"Polygon","coordinates":[[[-96.743341,17.082166],[-96.740177,17.083417],[-96.740032,17.082954],[-96.739611,17.08205],[-96.739792,17.082017],[-96.739966,17.082094],[-96.740247,17.081982],[-96.741652,17.080776],[-96.741641,17.080478],[-96.741774,17.080332],[-96.740862,17.079772],[-96.742751,17.080062],[-96.743219,17.080385],[-96.743628,17.080944],[-96.743607,17.081749],[-96.743387,17.081875],[-96.74326,17.081872],[-96.743341,17.082166]]]}},{"type":"Feature","properties":{"colonia_id":248,"nombre":"SAN ISIDRO","cp":68018,"demarcacion_principal":"Pueblo Nuevo","partida":false,"secciones":["2473","2472","2474"]},"geometry":{"type":"Polygon","coordinates":[[[-96.761447,17.131266],[-96.761373,17.130849],[-96.761872,17.127479],[-96.76111,17.125094],[-96.764188,17.122518],[-96.766843,17.125693],[-96.768177,17.127381],[-96.771248,17.131091],[-96.771099,17.131149],[-96.770994,17.130985],[-96.766458,17.128234],[-96.765487,17.128548],[-96.765526,17.128689],[-96.764419,17.130044],[-96.764262,17.130363],[-96.764226,17.130559],[-96.764102,17.13062],[-96.763822,17.130565],[-96.763063,17.130553],[-96.762787,17.13064],[-96.761447,17.131266]]]}},{"type":"Feature","properties":{"colonia_id":249,"nombre":"SAN JOSE LA NORIA","cp":68120,"demarcacion_principal":"Cabecera Municipal","partida":true,"secciones":["0608","0607","0603","0610"]},"geometry":{"type":"Polygon","coordinates":[[[-96.716253,17.05329],[-96.716866,17.049489],[-96.716879,17.048549],[-96.722995,17.049629],[-96.72258,17.051727],[-96.716253,17.05329]]]}},{"type":"Feature","properties":{"colonia_id":250,"nombre":"SAN JUAN CHAPULTEPEC","cp":68157,"demarcacion_principal":"San Juan Chapultepec","partida":false,"secciones":["0591","0592","0595"]},"geometry":{"type":"Polygon","coordinates":[[[-96.739961,17.054575],[-96.739787,17.054724],[-96.739198,17.055008],[-96.739847,17.055658],[-96.738812,17.056344],[-96.737566,17.05698],[-96.737206,17.056225],[-96.736466,17.055453],[-96.736611,17.054981],[-96.738253,17.054119],[-96.736096,17.052148],[-96.735417,17.051694],[-96.735181,17.05163],[-96.73527,17.051627],[-96.735067,17.051336],[-96.736702,17.051181],[-96.73737,17.051151],[-96.73777,17.051202],[-96.738813,17.051532],[-96.740233,17.052157],[-96.740542,17.052229],[-96.74095,17.052227],[-96.741675,17.052129],[-96.74185,17.052148],[-96.742309,17.052253],[-96.742528,17.052456],[-96.743009,17.053253],[-96.742959,17.053261],[-96.742802,17.053048],[-96.741213,17.053356],[-96.741106,17.053606],[-96.740915,17.05368],[-96.740817,17.053824],[-96.74063,17.053881],[-96.740462,17.0542],[-96.740213,17.054418],[-96.740088,17.054681],[-96.739961,17.054575]]]}},{"type":"Feature","properties":{"colonia_id":251,"nombre":"SAN LUIS BELTRAN","cp":68059,"demarcacion_principal":"Donají","partida":true,"secciones":["0477","0478"]},"geometry":{"type":"Polygon","coordinates":[[[-96.699896,17.115773],[-96.699381,17.11618],[-96.698751,17.116585],[-96.698605,17.121281],[-96.682812,17.131122],[-96.682412,17.1394],[-96.682124,17.139809],[-96.681206,17.140788],[-96.680861,17.141278],[-96.680229,17.141931],[-96.68,17.142093],[-96.679655,17.142625],[-96.67931,17.142992],[-96.679137,17.143279],[-96.679079,17.143525],[-96.678735,17.143769],[-96.678046,17.144462],[-96.676955,17.145645],[-96.676668,17.146054],[-96.676034,17.147077],[-96.675974,17.147447],[-96.675341,17.148305],[-96.674474,17.150026],[-96.674244,17.150395],[-96.673952,17.151463],[-96.673545,17.152488],[-96.673486,17.1529],[-96.673254,17.153392],[-96.67291,17.153718],[-96.67251,17.153919],[-96.672166,17.154204],[-96.671822,17.154406],[-96.671249,17.154977],[-96.670093,17.157271],[-96.669976,17.157641],[-96.669974,17.157929],[-96.666104,17.159819],[-96.667823,17.147754],[-96.672217,17.146096],[-96.678353,17.127809],[-96.677769,17.121471],[-96.681356,17.119745],[-96.68244,17.116405],[-96.68495,17.109595],[-96.685291,17.1085],[-96.685358,17.107733],[-96.686044,17.106248],[-96.686433,17.105139],[-96.686804,17.103586],[-96.686688,17.103573],[-96.686723,17.103083],[-96.686694,17.102772],[-96.686733,17.102621],[-96.687095,17.102143],[-96.687295,17.101739],[-96.687745,17.102179],[-96.688099,17.100709],[-96.688818,17.096583],[-96.688476,17.096313],[-96.689234,17.09577],[-96.690992,17.094694],[-96.690415,17.093846],[-96.689024,17.093652],[-96.688901,17.094216],[-96.688677,17.094708],[-96.688426,17.096273],[-96.688194,17.09609],[-96.688313,17.095797],[-96.688226,17.094785],[-96.688078,17.093806],[-96.688218,17.093802],[-96.688191,17.093312],[-96.689312,17.093372],[-96.689716,17.092298],[-96.689836,17.092278],[-96.690433,17.092475],[-96.690803,17.092806],[-96.691127,17.093006],[-96.691862,17.093067],[-96.692105,17.093175],[-96.692314,17.093341],[-96.69233,17.093645],[-96.692079,17.094039],[-96.691792,17.094245],[-96.691913,17.095245],[-96.693892,17.09546],[-96.694386,17.096134],[-96.694379,17.096394],[-96.696036,17.096797],[-96.696083,17.096683],[-96.696244,17.096933],[-96.695497,17.097631],[-96.69541,17.097802],[-96.695404,17.098361],[-96.695615,17.098983],[-96.6965,17.099467],[-96.698059,17.100442],[-96.698798,17.100672],[-96.698663,17.101244],[-96.698733,17.101365],[-96.699036,17.101553],[-96.699396,17.101655],[-96.699824,17.101706],[-96.69966,17.102038],[-96.699385,17.102352],[-96.699439,17.102373],[-96.699138,17.102812],[-96.698088,17.102375],[-96.69801,17.102567],[-96.698973,17.103024],[-96.698113,17.104151],[-96.697714,17.104827],[-96.697345,17.105579],[-96.696753,17.10621],[-96.696158,17.107035],[-96.695897,17.107752],[-96.696043,17.108322],[-96.69592,17.108567],[-96.696497,17.108975],[-96.696463,17.108982],[-96.696497,17.109407],[-96.697963,17.109789],[-96.698489,17.110057],[-96.698764,17.110241],[-96.698989,17.11049],[-96.699194,17.110609],[-96.699505,17.110557],[-96.699531,17.110866],[-96.699812,17.111528],[-96.699867,17.111776],[-96.699862,17.112435],[-96.699971,17.113178],[-96.700307,17.114047],[-96.700247,17.1145],[-96.700073,17.11491],[-96.69984,17.115732],[-96.699896,17.115773]]]}},{"type":"Feature","properties":{"colonia_id":252,"nombre":"SAN MARTIN MEXICAPAN","cp":68090,"demarcacion_principal":"San Martín Mexicapam de Cárdenas","partida":false,"secciones":["0564","0576","0575"]},"geometry":{"type":"Polygon","coordinates":[[[-96.744311,17.060052],[-96.744653,17.060164],[-96.74509,17.060115],[-96.745176,17.060168],[-96.746603,17.06236],[-96.746518,17.062502],[-96.746145,17.062086],[-96.745939,17.06193],[-96.745273,17.062242],[-96.744699,17.062407],[-96.7435,17.062868],[-96.742984,17.063034],[-96.742917,17.062906],[-96.742045,17.063251],[-96.740886,17.061003],[-96.739927,17.061433],[-96.740336,17.060974],[-96.741143,17.060229],[-96.742976,17.058621],[-96.744311,17.060052]]]}},{"type":"Feature","properties":{"colonia_id":253,"nombre":"SAN PEDRO","cp":68274,"demarcacion_principal":"Pueblo Nuevo","partida":false,"secciones":["2470","2474"]},"geometry":{"type":"Polygon","coordinates":[[[-96.759478,17.130448],[-96.759502,17.130967],[-96.759451,17.131178],[-96.759457,17.131655],[-96.759266,17.131975],[-96.759257,17.13207],[-96.759403,17.132427],[-96.759382,17.132526],[-96.758987,17.132809],[-96.7562,17.131976],[-96.756244,17.131468],[-96.756298,17.131341],[-96.756838,17.131077],[-96.757048,17.131055],[-96.756841,17.130825],[-96.756497,17.129908],[-96.759948,17.128683],[-96.75967,17.130039],[-96.759478,17.130448]]]}},{"type":"Feature","properties":{"colonia_id":254,"nombre":"SAN RAFAEL","cp":68010,"demarcacion_principal":"Santa Rosa Panzacola","partida":false,"secciones":["0473"]},"geometry":{"type":"Polygon","coordinates":[[[-96.754307,17.10887],[-96.754828,17.108738],[-96.755003,17.109135],[-96.753549,17.109457],[-96.753184,17.1088],[-96.753603,17.108605],[-96.754121,17.108492],[-96.754307,17.10887]]]}},{"type":"Feature","properties":{"colonia_id":255,"nombre":"SANTA ANITA","cp":68150,"demarcacion_principal":"San Juan Chapultepec","partida":true,"secciones":["0597","0605","0590"]},"geometry":{"type":"Polygon","coordinates":[[[-96.730991,17.049477],[-96.730821,17.049462],[-96.729882,17.049718],[-96.729761,17.049698],[-96.729796,17.048978],[-96.72954,17.048176],[-96.728847,17.046972],[-96.729564,17.047045],[-96.729054,17.046085],[-96.729563,17.045972],[-96.729999,17.046115],[-96.730803,17.046088],[-96.731681,17.04626],[-96.732535,17.047057],[-96.732597,17.047033],[-96.732477,17.047669],[-96.732339,17.048098],[-96.732315,17.048498],[-96.732369,17.048766],[-96.732698,17.048691],[-96.733465,17.048357],[-96.733472,17.048017],[-96.73481,17.048038],[-96.735131,17.047886],[-96.735554,17.048789],[-96.735033,17.049005],[-96.734826,17.049171],[-96.733996,17.049918],[-96.733907,17.050215],[-96.73371,17.050401],[-96.733618,17.050388],[-96.733421,17.050571],[-96.732319,17.049938],[-96.732031,17.049815],[-96.731261,17.049626],[-96.730991,17.049477]]]}},{"type":"Feature","properties":{"colonia_id":256,"nombre":"SANTA MARIA","cp":68030,"demarcacion_principal":"Cabecera Municipal","partida":false,"secciones":["0537","0538","0539"]},"geometry":{"type":"Polygon","coordinates":[[[-96.73812,17.075702],[-96.738233,17.075648],[-96.737925,17.076415],[-96.737788,17.076597],[-96.737183,17.076876],[-96.736411,17.07629],[-96.735316,17.075618],[-96.735426,17.075507],[-96.735811,17.075293],[-96.73532,17.074402],[-96.735805,17.074366],[-96.735797,17.073894],[-96.736876,17.073894],[-96.736851,17.073789],[-96.73712,17.073682],[-96.73812,17.075702]]]}},{"type":"Feature","properties":{"colonia_id":257,"nombre":"SANTA MARIA AYU","cp":68010,"demarcacion_principal":"Santa Rosa Panzacola","partida":false,"secciones":["0502"]},"geometry":{"type":"Polygon","coordinates":[[[-96.740808,17.09113],[-96.74067,17.090812],[-96.740793,17.090771],[-96.740996,17.090455],[-96.741575,17.09068],[-96.74168,17.090839],[-96.741832,17.09156],[-96.741899,17.091578],[-96.742004,17.091771],[-96.74205,17.092046],[-96.74241,17.092187],[-96.742523,17.092585],[-96.742026,17.092658],[-96.742026,17.092488],[-96.741894,17.092418],[-96.741248,17.092283],[-96.740867,17.092066],[-96.740658,17.092071],[-96.740686,17.092046],[-96.740505,17.091962],[-96.740405,17.09183],[-96.740693,17.091577],[-96.740714,17.091461],[-96.74079,17.091458],[-96.740808,17.09113]]]}},{"type":"Feature","properties":{"colonia_id":258,"nombre":"SANTA ROSA","cp":68010,"demarcacion_principal":"Santa Rosa Panzacola","partida":false,"secciones":["0504"]},"geometry":{"type":"Polygon","coordinates":[[[-96.751372,17.090642],[-96.751232,17.090714],[-96.751082,17.09043],[-96.751199,17.090365],[-96.751372,17.090642]]]}},{"type":"Feature","properties":{"colonia_id":259,"nombre":"SANTA ROSA PANZACOLA","cp":68039,"demarcacion_principal":"Santa Rosa Panzacola","partida":true,"secciones":["0485","0504","0505","0484"]},"geometry":{"type":"Polygon","coordinates":[[[-96.74912,17.095472],[-96.747972,17.092939],[-96.743341,17.082166],[-96.74326,17.081872],[-96.743387,17.081875],[-96.743607,17.081749],[-96.743628,17.080944],[-96.74345,17.080091],[-96.74359,17.080056],[-96.744871,17.082873],[-96.744941,17.082897],[-96.745149,17.082809],[-96.745347,17.083257],[-96.745257,17.083286],[-96.745838,17.08447],[-96.747073,17.087362],[-96.747791,17.088612],[-96.74903,17.089955],[-96.751016,17.091902],[-96.75141,17.092492],[-96.751652,17.093268],[-96.751471,17.093307],[-96.751658,17.094201],[-96.750557,17.094791],[-96.74912,17.095472]]]}},{"type":"Feature","properties":{"colonia_id":260,"nombre":"SANTO TOMAS","cp":68018,"demarcacion_principal":"Cabecera Municipal","partida":false,"secciones":["0500"]},"geometry":{"type":"Polygon","coordinates":[[[-96.736571,17.093404],[-96.736545,17.093524],[-96.735723,17.093652],[-96.735351,17.093832],[-96.735334,17.093927],[-96.735156,17.094033],[-96.735035,17.094192],[-96.734989,17.094304],[-96.735042,17.09438],[-96.735023,17.094506],[-96.734679,17.094183],[-96.734154,17.093517],[-96.734099,17.092887],[-96.733749,17.092002],[-96.733633,17.091563],[-96.733697,17.091146],[-96.733552,17.090771],[-96.733483,17.090073],[-96.733639,17.089355],[-96.733771,17.089802],[-96.734065,17.090365],[-96.735476,17.090248],[-96.735821,17.090196],[-96.735821,17.090121],[-96.736699,17.090141],[-96.736448,17.090754],[-96.73644,17.090892],[-96.736532,17.091117],[-96.736936,17.091411],[-96.7375,17.091526],[-96.737925,17.091682],[-96.738354,17.091937],[-96.738478,17.092248],[-96.73808,17.092335],[-96.737611,17.092333],[-96.736786,17.092479],[-96.736212,17.092503],[-96.736216,17.092731],[-96.736319,17.092805],[-96.736571,17.093404]]]}},{"type":"Feature","properties":{"colonia_id":261,"nombre":"SATELITE","cp":68120,"demarcacion_principal":"Cinco Señores","partida":false,"secciones":["0609"]},"geometry":{"type":"Polygon","coordinates":[[[-96.710593,17.046955],[-96.708277,17.046465],[-96.706335,17.045987],[-96.706835,17.043582],[-96.70685,17.043093],[-96.708797,17.043407],[-96.70869,17.044081],[-96.709946,17.044338],[-96.709788,17.045315],[-96.71166,17.045702],[-96.711596,17.046148],[-96.710593,17.046955]]]}},{"type":"Feature","properties":{"colonia_id":262,"nombre":"SAUCES","cp":68010,"demarcacion_principal":"Santa Rosa Panzacola","partida":false,"secciones":["0484"]},"geometry":{"type":"Polygon","coordinates":[[[-96.752483,17.097429],[-96.751652,17.093268],[-96.75141,17.092492],[-96.751278,17.092284],[-96.751813,17.092074],[-96.752251,17.092101],[-96.752452,17.092185],[-96.753163,17.092577],[-96.753222,17.09276],[-96.753361,17.094024],[-96.753273,17.094294],[-96.753304,17.095441],[-96.75314,17.096483],[-96.753149,17.096788],[-96.752483,17.097429]]]}},{"type":"Feature","properties":{"colonia_id":263,"nombre":"SIETE REGIONES","cp":68023,"demarcacion_principal":"Cabecera Municipal","partida":true,"secciones":["0493","0494","0478"]},"geometry":{"type":"Polygon","coordinates":[[[-96.693672,17.095407],[-96.691913,17.095245],[-96.691792,17.094245],[-96.692079,17.094039],[-96.69233,17.093645],[-96.692346,17.093417],[-96.692213,17.093241],[-96.691983,17.093114],[-96.691766,17.093053],[-96.691127,17.093006],[-96.690803,17.092806],[-96.690433,17.092475],[-96.689836,17.092278],[-96.689716,17.092298],[-96.689312,17.093372],[-96.688191,17.093312],[-96.687703,17.092704],[-96.687671,17.092326],[-96.687751,17.092332],[-96.688352,17.086692],[-96.687818,17.086607],[-96.688464,17.085848],[-96.688427,17.086333],[-96.690391,17.086711],[-96.692451,17.086954],[-96.693765,17.086079],[-96.69348,17.086683],[-96.697564,17.085497],[-96.69937,17.090851],[-96.698826,17.090908],[-96.69851,17.090862],[-96.698207,17.092294],[-96.698142,17.092282],[-96.698038,17.092555],[-96.697855,17.093872],[-96.697633,17.094429],[-96.694716,17.093738],[-96.694114,17.093653],[-96.694206,17.093092],[-96.693467,17.092928],[-96.692756,17.092635],[-96.692434,17.093464],[-96.69396,17.094262],[-96.693672,17.095407]]]}},{"type":"Feature","properties":{"colonia_id":264,"nombre":"SOLIDARIDAD (10 DE ABRIL)","cp":68130,"demarcacion_principal":"Santa Rosa Panzacola","partida":false,"secciones":["2477","2479","2478"]},"geometry":{"type":"Polygon","coordinates":[[[-96.742481,17.10207],[-96.742919,17.102406],[-96.743156,17.10244],[-96.743442,17.102392],[-96.745135,17.101344],[-96.745035,17.101651],[-96.744881,17.101897],[-96.744623,17.101912],[-96.744487,17.102101],[-96.744398,17.102376],[-96.744281,17.102557],[-96.743632,17.10284],[-96.743125,17.102939],[-96.742185,17.10353],[-96.742037,17.1035],[-96.741293,17.103806],[-96.740555,17.103987],[-96.739946,17.104353],[-96.739047,17.105097],[-96.738956,17.105293],[-96.73872,17.10558],[-96.738695,17.105796],[-96.739071,17.10557],[-96.738951,17.105837],[-96.739035,17.106214],[-96.739104,17.106306],[-96.739131,17.10667],[-96.739242,17.10678],[-96.739149,17.106973],[-96.738944,17.107222],[-96.738811,17.107248],[-96.738659,17.10742],[-96.738584,17.107862],[-96.738503,17.107948],[-96.738458,17.108209],[-96.738342,17.108353],[-96.737899,17.108278],[-96.737591,17.108337],[-96.737367,17.108314],[-96.737228,17.108476],[-96.737182,17.108406],[-96.737074,17.108373],[-96.736774,17.108363],[-96.736592,17.10842],[-96.736507,17.108308],[-96.736495,17.108113],[-96.736312,17.107993],[-96.736136,17.107935],[-96.735365,17.107928],[-96.735375,17.107648],[-96.735128,17.10695],[-96.735124,17.106718],[-96.735238,17.106137],[-96.735542,17.105449],[-96.735616,17.10483],[-96.735235,17.103939],[-96.735119,17.103127],[-96.73569,17.102417],[-96.73651,17.10165],[-96.736638,17.10143],[-96.737489,17.100442],[-96.737726,17.100526],[-96.737849,17.100474],[-96.738189,17.100971],[-96.738522,17.101182],[-96.73867,17.101207],[-96.738743,17.101348],[-96.738794,17.101628],[-96.738973,17.101865],[-96.739239,17.102149],[-96.739671,17.102402],[-96.739789,17.102416],[-96.740004,17.102287],[-96.74029,17.101946],[-96.740402,17.101625],[-96.740708,17.101592],[-96.740892,17.101454],[-96.74107,17.101452],[-96.741327,17.101754],[-96.741433,17.101815],[-96.742481,17.10207]]]}},{"type":"Feature","properties":{"colonia_id":265,"nombre":"SURCOS LARGOS","cp":68120,"demarcacion_principal":"Cinco Señores","partida":false,"secciones":["0609"]},"geometry":{"type":"Polygon","coordinates":[[[-96.71138,17.052141],[-96.707021,17.051533],[-96.707236,17.049943],[-96.707709,17.049981],[-96.710906,17.050553],[-96.710781,17.051317],[-96.711488,17.051392],[-96.71138,17.052141]]]}},{"type":"Feature","properties":{"colonia_id":266,"nombre":"TRINIDAD DE LAS HUERTAS","cp":68120,"demarcacion_principal":"Cabecera Municipal","partida":false,"secciones":["0600"]},"geometry":{"type":"Polygon","coordinates":[[[-96.713407,17.05406],[-96.715561,17.05346],[-96.719565,17.052478],[-96.718771,17.05682],[-96.71503,17.056096],[-96.715294,17.054444],[-96.713946,17.054262],[-96.713622,17.054195],[-96.713407,17.05406]],[[-96.717945,17.056297],[-96.71799,17.056055],[-96.71744,17.055946],[-96.717401,17.056188],[-96.717945,17.056297]]]}},{"type":"Feature","properties":{"colonia_id":267,"nombre":"TRINIDAD DE LAS HUERTAS","cp":68120,"demarcacion_principal":"Cinco Señores","partida":false,"secciones":["0610","0603"]},"geometry":{"type":"Polygon","coordinates":[[[-96.716253,17.05329],[-96.71603,17.052856],[-96.715768,17.052714],[-96.713136,17.052299],[-96.713852,17.047705],[-96.716899,17.048258],[-96.716866,17.049489],[-96.716253,17.05329]]]}},{"type":"Feature","properties":{"colonia_id":268,"nombre":"TULIPANES","cp":68010,"demarcacion_principal":"Santa Rosa Panzacola","partida":false,"secciones":["0485"]},"geometry":{"type":"Polygon","coordinates":[[[-96.75005,17.097628],[-96.74912,17.095472],[-96.750557,17.094791],[-96.751658,17.094201],[-96.751471,17.093307],[-96.751652,17.093268],[-96.752483,17.097429],[-96.7521,17.097495],[-96.752017,17.09744],[-96.750807,17.097506],[-96.75005,17.097628]]]}},{"type":"Feature","properties":{"colonia_id":269,"nombre":"UNIDAD FERROCARRILERA","cp":68010,"demarcacion_principal":"Cabecera Municipal","partida":false,"secciones":["0565"]},"geometry":{"type":"Polygon","coordinates":[[[-96.73814,17.06601],[-96.737856,17.066319],[-96.737739,17.06652],[-96.737627,17.067477],[-96.737664,17.067825],[-96.737109,17.067947],[-96.736767,17.0671],[-96.736599,17.065929],[-96.736989,17.066192],[-96.737312,17.066246],[-96.73814,17.06601]]]}},{"type":"Feature","properties":{"colonia_id":270,"nombre":"UNION","cp":68010,"demarcacion_principal":"Cabecera Municipal","partida":false,"secciones":["0544","0558"]},"geometry":{"type":"Polygon","coordinates":[[[-96.739254,17.071878],[-96.738449,17.070912],[-96.73765,17.06911],[-96.738468,17.069016],[-96.738519,17.069338],[-96.739505,17.069016],[-96.740401,17.071508],[-96.739383,17.071872],[-96.739254,17.071878]]]}},{"type":"Feature","properties":{"colonia_id":271,"nombre":"UNION Y PROGRESO","cp":68050,"demarcacion_principal":"Cabecera Municipal","partida":false,"secciones":["0530"]},"geometry":{"type":"Polygon","coordinates":[[[-96.708865,17.081099],[-96.706331,17.080789],[-96.706204,17.079669],[-96.709036,17.080019],[-96.708865,17.081099]]]}},{"type":"Feature","properties":{"colonia_id":272,"nombre":"VALLE ESMERALDA","cp":68130,"demarcacion_principal":"Cinco Señores","partida":false,"secciones":["0609"]},"geometry":{"type":"Polygon","coordinates":[[[-96.707511,17.038433],[-96.709878,17.040114],[-96.709546,17.042462],[-96.711355,17.042684],[-96.711566,17.041289],[-96.713054,17.042311],[-96.713581,17.042617],[-96.713992,17.043196],[-96.712003,17.043031],[-96.706572,17.042004],[-96.705866,17.039356],[-96.70577,17.038694],[-96.705787,17.038173],[-96.705965,17.037254],[-96.707511,17.038433]]]}},{"type":"Feature","properties":{"colonia_id":273,"nombre":"VICENTE SUAREZ","cp":68010,"demarcacion_principal":"Cabecera Municipal","partida":false,"secciones":["0525","0539","0544"]},"geometry":{"type":"Polygon","coordinates":[[[-96.743648,17.080042],[-96.740167,17.073102],[-96.739861,17.072611],[-96.739254,17.071878],[-96.739383,17.071872],[-96.742405,17.070813],[-96.742907,17.070598],[-96.744769,17.074118],[-96.747255,17.078375],[-96.743648,17.080042]],[[-96.74223,17.073051],[-96.741871,17.072595],[-96.741407,17.072733],[-96.742008,17.073195],[-96.74223,17.073051]]]}},{"type":"Feature","properties":{"colonia_id":274,"nombre":"VICTORIA","cp":68040,"demarcacion_principal":"Cabecera Municipal","partida":false,"secciones":["0546"]},"geometry":{"type":"Polygon","coordinates":[[[-96.728679,17.071823],[-96.728201,17.071643],[-96.728405,17.071119],[-96.728503,17.070635],[-96.728743,17.070679],[-96.729315,17.070506],[-96.729457,17.070256],[-96.729466,17.069469],[-96.729692,17.06945],[-96.730129,17.070094],[-96.73025,17.070361],[-96.730592,17.070494],[-96.730682,17.070742],[-96.730661,17.071044],[-96.730596,17.071146],[-96.730366,17.071273],[-96.729425,17.071382],[-96.72916,17.071479],[-96.728679,17.071823]]]}},{"type":"Feature","properties":{"colonia_id":275,"nombre":"VIGUERA","cp":68018,"demarcacion_principal":"Trinidad de Viguera","partida":false,"secciones":["0616"]},"geometry":{"type":"Polygon","coordinates":[[[-96.749076,17.126722],[-96.749227,17.126393],[-96.749409,17.126245],[-96.749566,17.126161],[-96.749894,17.126117],[-96.750302,17.1262],[-96.750588,17.126314],[-96.752832,17.127614],[-96.753142,17.12772],[-96.753969,17.127753],[-96.758126,17.127529],[-96.758037,17.127652],[-96.755748,17.12971],[-96.756425,17.129745],[-96.756841,17.130825],[-96.757048,17.131055],[-96.756838,17.131077],[-96.756298,17.131341],[-96.756244,17.131468],[-96.7562,17.131976],[-96.754427,17.131447],[-96.754028,17.132257],[-96.75368,17.132212],[-96.753759,17.131759],[-96.753138,17.131753],[-96.75283,17.131631],[-96.752603,17.13148],[-96.752202,17.131504],[-96.751943,17.131631],[-96.751521,17.131998],[-96.751518,17.132231],[-96.751341,17.132388],[-96.751152,17.132396],[-96.750688,17.13228],[-96.75013,17.132308],[-96.750016,17.132261],[-96.75009,17.132106],[-96.749829,17.132086],[-96.749657,17.132123],[-96.749585,17.13222],[-96.74954,17.132609],[-96.749325,17.132762],[-96.749164,17.132721],[-96.748453,17.132081],[-96.74827,17.132086],[-96.747892,17.132201],[-96.747809,17.132332],[-96.747643,17.132281],[-96.747463,17.131973],[-96.747352,17.13203],[-96.747249,17.131935],[-96.746904,17.131862],[-96.746158,17.132175],[-96.745774,17.131762],[-96.745752,17.131718],[-96.745818,17.131633],[-96.745537,17.131538],[-96.745504,17.131343],[-96.745353,17.131196],[-96.744991,17.130973],[-96.744824,17.130787],[-96.744443,17.130113],[-96.744106,17.130056],[-96.743922,17.129925],[-96.743807,17.129723],[-96.743942,17.129704],[-96.743789,17.1294],[-96.74377,17.129214],[-96.743892,17.129261],[-96.745705,17.129436],[-96.745925,17.129415],[-96.745895,17.129371],[-96.746659,17.128356],[-96.746886,17.128487],[-96.747252,17.12888],[-96.74725,17.12833],[-96.746731,17.127957],[-96.745642,17.127381],[-96.745519,17.127118],[-96.744914,17.126843],[-96.744931,17.126803],[-96.745026,17.126669],[-96.745283,17.126526],[-96.745687,17.126661],[-96.746525,17.127103],[-96.746987,17.127281],[-96.747218,17.127355],[-96.747758,17.127377],[-96.748275,17.127306],[-96.748702,17.127175],[-96.748851,17.12705],[-96.749076,17.126722]]]}},{"type":"Feature","properties":{"colonia_id":276,"nombre":"VILLA DE ANTEQUERA","cp":68020,"demarcacion_principal":"Cabecera Municipal","partida":false,"secciones":["0489","0499"]},"geometry":{"type":"Polygon","coordinates":[[[-96.713234,17.090429],[-96.711838,17.09002],[-96.711877,17.089884],[-96.712046,17.089734],[-96.712279,17.089224],[-96.712666,17.089056],[-96.712834,17.088896],[-96.713541,17.089431],[-96.713313,17.089799],[-96.713242,17.090009],[-96.713234,17.090429]]]}},{"type":"Feature","properties":{"colonia_id":277,"nombre":"VILLA DE SAN LUIS","cp":68028,"demarcacion_principal":"Cabecera Municipal","partida":false,"secciones":["0513"]},"geometry":{"type":"Polygon","coordinates":[[[-96.70532,17.0867],[-96.705051,17.086583],[-96.704976,17.081239],[-96.706399,17.081362],[-96.706484,17.081944],[-96.708174,17.085863],[-96.7061,17.085023],[-96.70532,17.0867]]]}},{"type":"Feature","properties":{"colonia_id":278,"nombre":"VILLA DEL MARQUEZ","cp":68010,"demarcacion_principal":"Cabecera Municipal","partida":false,"secciones":["0525"]},"geometry":{"type":"Polygon","coordinates":[[[-96.738224,17.078093],[-96.73767,17.077394],[-96.737875,17.07734],[-96.738455,17.077351],[-96.739842,17.077016],[-96.740217,17.077006],[-96.740607,17.077906],[-96.739933,17.077819],[-96.739728,17.077848],[-96.739257,17.07802],[-96.738557,17.077924],[-96.738224,17.078093]]]}},{"type":"Feature","properties":{"colonia_id":279,"nombre":"VILLA SANTA ROSA","cp":68039,"demarcacion_principal":"Santa Rosa Panzacola","partida":false,"secciones":["0502"]},"geometry":{"type":"Polygon","coordinates":[[[-96.746328,17.092328],[-96.745996,17.092427],[-96.745892,17.092107],[-96.746193,17.091993],[-96.746328,17.092328]]]}},{"type":"Feature","properties":{"colonia_id":280,"nombre":"VILLAFRONTU","cp":68020,"demarcacion_principal":"San Felipe del Agua","partida":false,"secciones":["0480"]},"geometry":{"type":"Polygon","coordinates":[[[-96.712299,17.101271],[-96.711371,17.101059],[-96.711358,17.101135],[-96.710634,17.101056],[-96.71062,17.09981],[-96.710482,17.098899],[-96.711894,17.099127],[-96.711999,17.098546],[-96.712078,17.098562],[-96.712291,17.097398],[-96.713789,17.097744],[-96.712979,17.099583],[-96.712299,17.101271]]]}},{"type":"Feature","properties":{"colonia_id":281,"nombre":"VILLAS MONTE ALBAN","cp":68036,"demarcacion_principal":"Montoya","partida":false,"secciones":["0524"]},"geometry":{"type":"Polygon","coordinates":[[[-96.768049,17.073255],[-96.767564,17.073408],[-96.766594,17.073432],[-96.76405,17.073615],[-96.763421,17.073626],[-96.762613,17.073519],[-96.763336,17.069982],[-96.761404,17.070168],[-96.761047,17.070074],[-96.760627,17.070132],[-96.760579,17.069998],[-96.760477,17.069959],[-96.760695,17.069437],[-96.760776,17.069386],[-96.761104,17.068524],[-96.761178,17.068557],[-96.761296,17.068257],[-96.761363,17.067838],[-96.761718,17.067789],[-96.76315,17.067766],[-96.763717,17.067416],[-96.763809,17.067293],[-96.763843,17.067084],[-96.763798,17.066608],[-96.764338,17.066394],[-96.764548,17.066263],[-96.764737,17.066064],[-96.765122,17.065952],[-96.765336,17.065993],[-96.765524,17.066117],[-96.765623,17.06626],[-96.765812,17.066913],[-96.766139,17.067091],[-96.766174,17.067162],[-96.767682,17.067545],[-96.768165,17.067377],[-96.768345,17.067408],[-96.768696,17.067363],[-96.768049,17.073255]]]}},{"type":"Feature","properties":{"colonia_id":282,"nombre":"VISTA HERMOSA","cp":68010,"demarcacion_principal":"Santa Rosa Panzacola","partida":false,"secciones":["0474","0475"]},"geometry":{"type":"Polygon","coordinates":[[[-96.746201,17.106543],[-96.74582,17.106674],[-96.745664,17.10676],[-96.745585,17.106882],[-96.745561,17.107048],[-96.745694,17.107312],[-96.745846,17.107882],[-96.746184,17.10871],[-96.746155,17.109173],[-96.74606,17.109274],[-96.745757,17.109308],[-96.745604,17.10928],[-96.74536,17.109127],[-96.745189,17.108885],[-96.745044,17.108777],[-96.744939,17.108623],[-96.744957,17.108583],[-96.744371,17.108371],[-96.744147,17.108378],[-96.743739,17.108634],[-96.743618,17.108258],[-96.743574,17.108237],[-96.743274,17.107503],[-96.742992,17.107737],[-96.742572,17.10786],[-96.742453,17.107833],[-96.742366,17.107676],[-96.742607,17.107366],[-96.742209,17.107455],[-96.741991,17.107581],[-96.741903,17.107278],[-96.741635,17.107218],[-96.741718,17.106966],[-96.741678,17.106843],[-96.741431,17.106672],[-96.741268,17.106431],[-96.741134,17.106304],[-96.740818,17.106201],[-96.740561,17.106196],[-96.74038,17.105983],[-96.740773,17.10599],[-96.74069,17.105663],[-96.741316,17.105439],[-96.741834,17.105139],[-96.741964,17.106177],[-96.742066,17.10625],[-96.742705,17.106385],[-96.743229,17.106104],[-96.743125,17.105922],[-96.743434,17.106037],[-96.74469,17.10622],[-96.744769,17.106503],[-96.744792,17.106816],[-96.745537,17.106066],[-96.745579,17.106103],[-96.746054,17.106134],[-96.746201,17.106543]]]}},{"type":"Feature","properties":{"colonia_id":283,"nombre":"VOLCANES","cp":68020,"demarcacion_principal":"Cabecera Municipal","partida":true,"secciones":["0490","0491","0497","0496","0479","0481","0492"]},"geometry":{"type":"Polygon","coordinates":[[[-96.709348,17.09684],[-96.707943,17.095957],[-96.705269,17.094684],[-96.705017,17.094527],[-96.704405,17.094002],[-96.703229,17.093634],[-96.703889,17.092304],[-96.702498,17.091642],[-96.702699,17.090787],[-96.702916,17.090245],[-96.702867,17.089909],[-96.702603,17.089423],[-96.705298,17.087481],[-96.705331,17.087405],[-96.705051,17.086583],[-96.70532,17.0867],[-96.7061,17.085023],[-96.708174,17.085863],[-96.709008,17.087782],[-96.709709,17.08924],[-96.709975,17.089399],[-96.709674,17.089893],[-96.710502,17.090289],[-96.710294,17.091438],[-96.711068,17.091542],[-96.712125,17.091567],[-96.712133,17.091621],[-96.711887,17.091841],[-96.711216,17.092345],[-96.710806,17.092921],[-96.710559,17.093516],[-96.710308,17.094445],[-96.710268,17.094877],[-96.710371,17.096486],[-96.709782,17.09636],[-96.709778,17.096174],[-96.709348,17.09684]]]}},{"type":"Feature","properties":{"colonia_id":284,"nombre":"VOLCANES AMPLIACION","cp":68020,"demarcacion_principal":"Cabecera Municipal","partida":false,"secciones":["0479","0492"]},"geometry":{"type":"Polygon","coordinates":[[[-96.708798,17.098428],[-96.708832,17.098489],[-96.708812,17.098645],[-96.708626,17.098802],[-96.708431,17.098743],[-96.708347,17.098632],[-96.706328,17.099024],[-96.706102,17.098627],[-96.706024,17.098668],[-96.70593,17.098592],[-96.705985,17.098257],[-96.705585,17.097888],[-96.705352,17.098343],[-96.703271,17.097423],[-96.703034,17.097107],[-96.703332,17.096502],[-96.703377,17.096231],[-96.703344,17.096075],[-96.703234,17.095977],[-96.702901,17.095929],[-96.702635,17.095361],[-96.702546,17.095281],[-96.702285,17.095197],[-96.702161,17.095062],[-96.702314,17.094506],[-96.702303,17.094361],[-96.702124,17.094116],[-96.701835,17.093359],[-96.701226,17.093085],[-96.701179,17.092912],[-96.701247,17.092724],[-96.701133,17.092565],[-96.701037,17.092591],[-96.701224,17.091496],[-96.702519,17.091488],[-96.702498,17.091642],[-96.703889,17.092304],[-96.703229,17.093634],[-96.704405,17.094002],[-96.705017,17.094527],[-96.705269,17.094684],[-96.707943,17.095957],[-96.709348,17.09684],[-96.709778,17.096174],[-96.709747,17.097159],[-96.708737,17.097368],[-96.708987,17.098301],[-96.710261,17.098388],[-96.710373,17.098633],[-96.708798,17.098428]]]}},{"type":"Feature","properties":{"colonia_id":285,"nombre":"XOCHIMILCO","cp":68040,"demarcacion_principal":"Cabecera Municipal","partida":false,"secciones":["0535","0548","0528","0547"]},"geometry":{"type":"Polygon","coordinates":[[[-96.72291,17.077514],[-96.722765,17.076964],[-96.72298,17.075725],[-96.721495,17.075216],[-96.721334,17.075109],[-96.721257,17.07486],[-96.721572,17.073313],[-96.722168,17.069478],[-96.723144,17.069601],[-96.723207,17.069561],[-96.72382,17.069629],[-96.724102,17.069668],[-96.72409,17.06973],[-96.725035,17.069797],[-96.724625,17.071593],[-96.725284,17.071879],[-96.725811,17.072045],[-96.72564,17.072831],[-96.726633,17.073194],[-96.726488,17.073531],[-96.726188,17.077142],[-96.724782,17.076854],[-96.723266,17.07645],[-96.723107,17.076671],[-96.723025,17.07738],[-96.72291,17.077514]]]}},{"type":"Feature","properties":{"colonia_id":286,"nombre":"ZOMPANTLES","cp":68018,"demarcacion_principal":"Trinidad de Viguera","partida":false,"secciones":["0616"]},"geometry":{"type":"Polygon","coordinates":[[[-96.752421,17.133645],[-96.752581,17.132815],[-96.752903,17.131911],[-96.75283,17.131631],[-96.753138,17.131753],[-96.753759,17.131759],[-96.75368,17.132212],[-96.754028,17.132257],[-96.753765,17.133023],[-96.753638,17.13299],[-96.752744,17.13357],[-96.752674,17.133754],[-96.75233,17.134219],[-96.752341,17.134319],[-96.75214,17.133997],[-96.752141,17.13392],[-96.752208,17.133797],[-96.752421,17.133645]]]}}]}