{"type":"FeatureCollection","features":[{"type":"Feature","properties":{"seccion":471,"clave":"0471","demarcacion":"Pueblo Nuevo","distrito_local":14,"distrito_federal":8,"area_km2":1.612,"lon":-96.755193,"lat":17.121129,"sustituta":true,"confianza":"alta","secciones_sucesoras":[2541,2542,2543],"nota":"Cubre la colonia Pueblo Nuevo junto con la seccion 472, que si sigue en el catalogo."},"geometry":{"type":"Polygon","coordinates":[[[-96.753969,17.127753],[-96.753142,17.12772],[-96.752832,17.127614],[-96.750588,17.126314],[-96.750302,17.1262],[-96.749894,17.126117],[-96.749566,17.126161],[-96.749409,17.126245],[-96.749227,17.126393],[-96.749076,17.126722],[-96.748851,17.12705],[-96.748702,17.127175],[-96.748371,17.127268],[-96.748293,17.126981],[-96.748165,17.12675],[-96.747408,17.126073],[-96.747295,17.125877],[-96.746953,17.125556],[-96.746618,17.12546],[-96.746723,17.125289],[-96.746643,17.125105],[-96.746514,17.12508],[-96.746365,17.124963],[-96.746356,17.124752],[-96.746759,17.124798],[-96.747141,17.124721],[-96.747972,17.124785],[-96.748026,17.123829],[-96.747606,17.123783],[-96.747258,17.123669],[-96.747443,17.123454],[-96.747706,17.122339],[-96.748255,17.120841],[-96.748183,17.119306],[-96.748965,17.119819],[-96.750236,17.120121],[-96.751038,17.117385],[-96.751507,17.117416],[-96.751453,17.117641],[-96.752511,17.117671],[-96.752576,17.117436],[-96.757215,17.115568],[-96.756798,17.114695],[-96.760688,17.113124],[-96.76269,17.115277],[-96.762296,17.115311],[-96.763003,17.117219],[-96.763133,17.118041],[-96.762971,17.118193],[-96.762463,17.118339],[-96.762339,17.118527],[-96.762031,17.11933],[-96.761391,17.119912],[-96.760687,17.120716],[-96.760016,17.122217],[-96.759724,17.122521],[-96.759263,17.122778],[-96.759209,17.122849],[-96.759101,17.1237],[-96.758883,17.123904],[-96.758487,17.124121],[-96.758413,17.124579],[-96.758221,17.12476],[-96.758087,17.125164],[-96.757937,17.125276],[-96.758024,17.125393],[-96.757769,17.125566],[-96.758007,17.126257],[-96.758494,17.127276],[-96.758126,17.127529],[-96.753969,17.127753]]]}},{"type":"Feature","properties":{"seccion":472,"clave":"0472","demarcacion":"Pueblo Nuevo","distrito_local":14,"distrito_federal":8,"area_km2":0.658,"lon":-96.755174,"lat":17.110826,"sustituta":false},"geometry":{"type":"Polygon","coordinates":[[[-96.752511,17.117671],[-96.751453,17.117641],[-96.751924,17.116349],[-96.752948,17.116381],[-96.753054,17.116121],[-96.752451,17.114374],[-96.752434,17.114226],[-96.752096,17.113337],[-96.753043,17.113029],[-96.752709,17.112157],[-96.752825,17.11194],[-96.752775,17.111526],[-96.753477,17.111259],[-96.753417,17.110948],[-96.753415,17.110377],[-96.75328,17.109509],[-96.755003,17.109135],[-96.754239,17.107338],[-96.753478,17.105698],[-96.7515,17.101017],[-96.752087,17.100828],[-96.75228,17.100685],[-96.752445,17.100641],[-96.752834,17.10075],[-96.753396,17.100661],[-96.755448,17.106767],[-96.755769,17.107397],[-96.756448,17.108491],[-96.757062,17.109236],[-96.760688,17.113124],[-96.756798,17.114695],[-96.757215,17.115568],[-96.752576,17.117436],[-96.752511,17.117671]]]}},{"type":"Feature","properties":{"seccion":473,"clave":"0473","demarcacion":"Santa Rosa Panzacola","distrito_local":14,"distrito_federal":8,"area_km2":0.455,"lon":-96.750564,"lat":17.106384,"sustituta":false},"geometry":{"type":"Polygon","coordinates":[[[-96.750634,17.108805],[-96.749366,17.10918],[-96.748867,17.109411],[-96.748231,17.109794],[-96.748116,17.109978],[-96.747903,17.10921],[-96.747696,17.109064],[-96.747621,17.108867],[-96.747369,17.10854],[-96.747196,17.107945],[-96.747063,17.107468],[-96.747205,17.106608],[-96.746637,17.105962],[-96.746686,17.105935],[-96.746687,17.105766],[-96.746784,17.105664],[-96.746736,17.105541],[-96.746734,17.105097],[-96.746664,17.104856],[-96.747192,17.104468],[-96.748135,17.103899],[-96.748709,17.103768],[-96.74929,17.10371],[-96.749815,17.103539],[-96.750132,17.103304],[-96.750432,17.103172],[-96.750914,17.10306],[-96.751063,17.102819],[-96.751263,17.102692],[-96.751518,17.102397],[-96.75184,17.101819],[-96.753478,17.105698],[-96.754239,17.107338],[-96.755003,17.109135],[-96.75328,17.109509],[-96.75291,17.109197],[-96.752448,17.108989],[-96.751746,17.108768],[-96.751364,17.108736],[-96.750634,17.108805]]]}},{"type":"Feature","properties":{"seccion":474,"clave":"0474","demarcacion":"Santa Rosa Panzacola","distrito_local":14,"distrito_federal":8,"area_km2":0.29,"lon":-96.745765,"lat":17.10705,"sustituta":false},"geometry":{"type":"Polygon","coordinates":[[[-96.74416,17.110227],[-96.743618,17.108258],[-96.743574,17.108237],[-96.743274,17.107503],[-96.743377,17.107436],[-96.743649,17.106829],[-96.744357,17.106566],[-96.744625,17.10624],[-96.743518,17.106019],[-96.743496,17.105967],[-96.743949,17.105728],[-96.743808,17.10549],[-96.744712,17.104956],[-96.74468,17.104876],[-96.74495,17.103961],[-96.744959,17.103795],[-96.744866,17.103391],[-96.745926,17.102955],[-96.74706,17.102813],[-96.747625,17.102687],[-96.748135,17.103899],[-96.747192,17.104468],[-96.746664,17.104856],[-96.746734,17.105097],[-96.746736,17.105541],[-96.746784,17.105664],[-96.746687,17.105766],[-96.746686,17.105935],[-96.746637,17.105962],[-96.747205,17.106608],[-96.747063,17.107468],[-96.747369,17.10854],[-96.747621,17.108867],[-96.747696,17.109064],[-96.747903,17.10921],[-96.748116,17.109978],[-96.747971,17.110329],[-96.747586,17.11029],[-96.746977,17.110427],[-96.746652,17.110651],[-96.746055,17.110916],[-96.745986,17.110849],[-96.745985,17.110641],[-96.74571,17.110535],[-96.745027,17.110427],[-96.744297,17.110496],[-96.74416,17.110227]]]}},{"type":"Feature","properties":{"seccion":475,"clave":"0475","demarcacion":"Santa Rosa Panzacola","distrito_local":14,"distrito_federal":8,"area_km2":0.211,"lon":-96.742297,"lat":17.105091,"sustituta":false},"geometry":{"type":"Polygon","coordinates":[[[-96.743377,17.107436],[-96.742992,17.107737],[-96.742572,17.10786],[-96.742453,17.107833],[-96.742366,17.107676],[-96.742607,17.107366],[-96.742209,17.107455],[-96.741991,17.107581],[-96.741903,17.107278],[-96.741635,17.107218],[-96.741718,17.106966],[-96.741678,17.106843],[-96.741431,17.106672],[-96.741268,17.106431],[-96.741134,17.106304],[-96.740818,17.106201],[-96.740561,17.106196],[-96.74038,17.105983],[-96.740024,17.106097],[-96.739187,17.106727],[-96.739131,17.10667],[-96.739104,17.106306],[-96.739035,17.106214],[-96.738951,17.105837],[-96.739071,17.10557],[-96.738695,17.105796],[-96.73872,17.10558],[-96.738956,17.105293],[-96.739047,17.105097],[-96.739415,17.104762],[-96.740185,17.104202],[-96.740555,17.103987],[-96.740834,17.103889],[-96.741293,17.103806],[-96.742037,17.1035],[-96.742185,17.10353],[-96.742331,17.103471],[-96.742532,17.103277],[-96.743125,17.102939],[-96.743632,17.10284],[-96.744281,17.102557],[-96.744398,17.102376],[-96.744487,17.102101],[-96.744623,17.101912],[-96.744881,17.101897],[-96.744562,17.102776],[-96.744866,17.103391],[-96.744959,17.103795],[-96.74495,17.103961],[-96.74468,17.104876],[-96.744712,17.104956],[-96.743808,17.10549],[-96.743949,17.105728],[-96.743496,17.105967],[-96.743518,17.106019],[-96.744625,17.10624],[-96.744357,17.106566],[-96.743649,17.106829],[-96.743377,17.107436]]]}},{"type":"Feature","properties":{"seccion":476,"clave":"0476","demarcacion":"San Felipe del Agua","distrito_local":14,"distrito_federal":8,"area_km2":0.98,"lon":-96.70843,"lat":17.108474,"sustituta":false},"geometry":{"type":"Polygon","coordinates":[[[-96.707946,17.117802],[-96.707559,17.117597],[-96.707448,17.117489],[-96.707396,17.117194],[-96.707454,17.117007],[-96.707753,17.116528],[-96.707754,17.116381],[-96.707854,17.116181],[-96.708195,17.115609],[-96.708353,17.115223],[-96.7085,17.114625],[-96.708526,17.113645],[-96.708283,17.113026],[-96.707912,17.112621],[-96.706657,17.112322],[-96.705171,17.111304],[-96.702874,17.110069],[-96.702935,17.109422],[-96.703083,17.10905],[-96.703223,17.108971],[-96.703487,17.108637],[-96.703506,17.108484],[-96.703763,17.108388],[-96.70372,17.108127],[-96.703754,17.107943],[-96.703865,17.107811],[-96.704132,17.107277],[-96.704348,17.107122],[-96.704428,17.106907],[-96.704662,17.106714],[-96.70462,17.106016],[-96.704815,17.105825],[-96.704855,17.105637],[-96.705186,17.105023],[-96.705286,17.104586],[-96.705264,17.104369],[-96.70592,17.103264],[-96.706083,17.103179],[-96.706348,17.103138],[-96.706364,17.102994],[-96.706283,17.102794],[-96.70628,17.102654],[-96.706356,17.102611],[-96.706543,17.10234],[-96.706673,17.102347],[-96.707294,17.102778],[-96.70752,17.102787],[-96.707709,17.102639],[-96.707918,17.102577],[-96.708492,17.1026],[-96.708683,17.102626],[-96.709129,17.102823],[-96.709678,17.102853],[-96.710523,17.10303],[-96.710532,17.102909],[-96.711089,17.103045],[-96.711086,17.103309],[-96.711672,17.103381],[-96.712239,17.103562],[-96.712178,17.103825],[-96.712473,17.104164],[-96.712995,17.104338],[-96.71311,17.104451],[-96.713138,17.104852],[-96.713517,17.105808],[-96.713507,17.105991],[-96.713398,17.106085],[-96.713257,17.106013],[-96.713007,17.106042],[-96.712864,17.106168],[-96.712656,17.106182],[-96.71228,17.106297],[-96.712206,17.106457],[-96.712116,17.106951],[-96.712184,17.107086],[-96.712098,17.10734],[-96.712233,17.107649],[-96.712441,17.107758],[-96.712522,17.10792],[-96.712449,17.108174],[-96.712164,17.108759],[-96.712146,17.109107],[-96.711873,17.109774],[-96.711491,17.110251],[-96.711407,17.110264],[-96.711028,17.110567],[-96.711235,17.110744],[-96.711511,17.110808],[-96.711845,17.111018],[-96.711912,17.111196],[-96.711489,17.111577],[-96.711432,17.111683],[-96.711472,17.111858],[-96.711262,17.111882],[-96.711094,17.111974],[-96.710953,17.112173],[-96.710975,17.112642],[-96.710661,17.113214],[-96.710726,17.113657],[-96.710634,17.114338],[-96.710673,17.114526],[-96.710615,17.114726],[-96.710691,17.115303],[-96.710662,17.115423],[-96.710548,17.115636],[-96.710356,17.11538],[-96.710245,17.115352],[-96.710106,17.115377],[-96.709685,17.115626],[-96.709158,17.116624],[-96.708477,17.117621],[-96.708211,17.117779],[-96.707946,17.117802]]]}},{"type":"Feature","properties":{"seccion":477,"clave":"0477","demarcacion":"Donají","distrito_local":14,"distrito_federal":8,"area_km2":7.757,"lon":-96.686685,"lat":17.122087,"sustituta":false},"geometry":{"type":"Polygon","coordinates":[[[-96.699505,17.110557],[-96.699531,17.110866],[-96.699812,17.111528],[-96.699867,17.111776],[-96.699862,17.112435],[-96.699971,17.113178],[-96.700307,17.114047],[-96.700247,17.1145],[-96.700073,17.11491],[-96.69984,17.115732],[-96.699896,17.115773],[-96.699381,17.11618],[-96.698751,17.116585],[-96.698605,17.121281],[-96.682812,17.131122],[-96.682412,17.1394],[-96.682124,17.139809],[-96.681206,17.140788],[-96.680861,17.141278],[-96.680229,17.141931],[-96.68,17.142093],[-96.679655,17.142625],[-96.67931,17.142992],[-96.679137,17.143279],[-96.679079,17.143525],[-96.678735,17.143769],[-96.678046,17.144462],[-96.676955,17.145645],[-96.676668,17.146054],[-96.676034,17.147077],[-96.675974,17.147447],[-96.675341,17.148305],[-96.674474,17.150026],[-96.674244,17.150395],[-96.673952,17.151463],[-96.673545,17.152488],[-96.673486,17.1529],[-96.673254,17.153392],[-96.67291,17.153718],[-96.67251,17.153919],[-96.672166,17.154204],[-96.671822,17.154406],[-96.671249,17.154977],[-96.670093,17.157271],[-96.669976,17.157641],[-96.669974,17.157929],[-96.666104,17.159819],[-96.667823,17.147754],[-96.672217,17.146096],[-96.678353,17.127809],[-96.677769,17.121471],[-96.681356,17.119745],[-96.68244,17.116405],[-96.68495,17.109595],[-96.685291,17.1085],[-96.685358,17.107733],[-96.686044,17.106248],[-96.686433,17.105139],[-96.686804,17.103586],[-96.686688,17.103573],[-96.686723,17.103083],[-96.686694,17.102772],[-96.686733,17.102621],[-96.687095,17.102143],[-96.687295,17.101739],[-96.687745,17.102179],[-96.688099,17.100709],[-96.688818,17.096583],[-96.689104,17.097058],[-96.689336,17.097641],[-96.689486,17.097827],[-96.690585,17.09826],[-96.690843,17.098275],[-96.691498,17.098186],[-96.691703,17.097973],[-96.691917,17.09787],[-96.692201,17.097789],[-96.692427,17.097798],[-96.692444,17.097955],[-96.692986,17.09885],[-96.693047,17.099125],[-96.693707,17.099897],[-96.694201,17.100571],[-96.694406,17.100722],[-96.698534,17.101962],[-96.699385,17.102352],[-96.69966,17.102038],[-96.699824,17.101706],[-96.703247,17.101978],[-96.703275,17.101765],[-96.704813,17.101915],[-96.705354,17.101825],[-96.7055,17.101871],[-96.705607,17.101976],[-96.705622,17.102333],[-96.705662,17.102372],[-96.70602,17.102429],[-96.706543,17.10234],[-96.706356,17.102611],[-96.70628,17.102654],[-96.706283,17.102794],[-96.706364,17.102994],[-96.706348,17.103138],[-96.706083,17.103179],[-96.70592,17.103264],[-96.705264,17.104369],[-96.705286,17.104586],[-96.705186,17.105023],[-96.704855,17.105637],[-96.704815,17.105825],[-96.70462,17.106016],[-96.704662,17.106714],[-96.704428,17.106907],[-96.704348,17.107122],[-96.704132,17.107277],[-96.703865,17.107811],[-96.703754,17.107943],[-96.70372,17.108127],[-96.703763,17.108388],[-96.703506,17.108484],[-96.703487,17.108637],[-96.703223,17.108971],[-96.703083,17.10905],[-96.702935,17.109422],[-96.702874,17.110069],[-96.700896,17.10914],[-96.700674,17.109071],[-96.700479,17.109082],[-96.700311,17.109134],[-96.700044,17.109318],[-96.699874,17.10957],[-96.69976,17.109783],[-96.699505,17.110557]]]}},{"type":"Feature","properties":{"seccion":478,"clave":"0478","demarcacion":"San Luis Beltrán","distrito_local":14,"distrito_federal":8,"area_km2":1.064,"lon":-96.697116,"lat":17.097957,"sustituta":true,"confianza":"alta","secciones_sucesoras":[2573],"nota":"Contiene parte de la colonia San Luis Beltran, unica demarcacion nueva de una sola seccion."},"geometry":{"type":"Polygon","coordinates":[[[-96.688191,17.093312],[-96.687688,17.09265],[-96.687671,17.092326],[-96.687751,17.092332],[-96.687946,17.090669],[-96.688917,17.091425],[-96.689657,17.092215],[-96.690433,17.092475],[-96.690803,17.092806],[-96.691127,17.093006],[-96.691862,17.093067],[-96.692213,17.093241],[-96.692346,17.093417],[-96.69233,17.093645],[-96.692079,17.094039],[-96.691792,17.094245],[-96.691913,17.095245],[-96.693892,17.09546],[-96.694386,17.096134],[-96.694379,17.096394],[-96.696036,17.096797],[-96.696083,17.096683],[-96.696244,17.096933],[-96.696799,17.096447],[-96.696985,17.096136],[-96.698034,17.096803],[-96.698161,17.096927],[-96.698259,17.096896],[-96.698457,17.096698],[-96.698703,17.096356],[-96.698995,17.095344],[-96.699102,17.095132],[-96.701829,17.096003],[-96.702164,17.096828],[-96.702301,17.09683],[-96.702657,17.097009],[-96.703034,17.097107],[-96.703271,17.097423],[-96.705352,17.098343],[-96.705585,17.097888],[-96.705985,17.098257],[-96.70593,17.098592],[-96.706024,17.098668],[-96.706102,17.098627],[-96.706328,17.099024],[-96.706515,17.098986],[-96.706538,17.099098],[-96.706426,17.099425],[-96.706482,17.099649],[-96.70658,17.099763],[-96.70678,17.099866],[-96.706861,17.100099],[-96.706826,17.100213],[-96.706698,17.100348],[-96.706465,17.101017],[-96.706492,17.101513],[-96.706391,17.101608],[-96.706242,17.101558],[-96.706047,17.101884],[-96.705795,17.102081],[-96.705662,17.102372],[-96.705622,17.102333],[-96.705607,17.101976],[-96.7055,17.101871],[-96.705354,17.101825],[-96.704813,17.101915],[-96.703275,17.101765],[-96.703247,17.101978],[-96.699824,17.101706],[-96.69966,17.102038],[-96.699385,17.102352],[-96.698534,17.101962],[-96.694406,17.100722],[-96.694201,17.100571],[-96.693707,17.099897],[-96.693047,17.099125],[-96.692986,17.09885],[-96.692444,17.097955],[-96.692427,17.097798],[-96.692201,17.097789],[-96.691917,17.09787],[-96.691703,17.097973],[-96.691498,17.098186],[-96.690843,17.098275],[-96.690585,17.09826],[-96.689486,17.097827],[-96.689336,17.097641],[-96.689104,17.097058],[-96.688885,17.096662],[-96.688194,17.09609],[-96.688313,17.095797],[-96.688226,17.094785],[-96.688078,17.093806],[-96.688218,17.093802],[-96.688191,17.093312]]]}},{"type":"Feature","properties":{"seccion":479,"clave":"0479","demarcacion":"Cabecera Municipal","distrito_local":14,"distrito_federal":8,"area_km2":0.335,"lon":-96.707035,"lat":17.097152,"sustituta":false},"geometry":{"type":"Polygon","coordinates":[[[-96.707177,17.099722],[-96.70678,17.099866],[-96.70658,17.099763],[-96.706482,17.099649],[-96.706426,17.099425],[-96.706538,17.099098],[-96.706515,17.098986],[-96.706328,17.099024],[-96.706102,17.098627],[-96.706024,17.098668],[-96.70593,17.098592],[-96.705985,17.098257],[-96.705585,17.097888],[-96.705352,17.098343],[-96.703271,17.097423],[-96.703034,17.097107],[-96.703332,17.096502],[-96.703574,17.09637],[-96.704068,17.096327],[-96.70376,17.095753],[-96.703801,17.095665],[-96.703788,17.095523],[-96.703668,17.095311],[-96.703814,17.095073],[-96.704096,17.094947],[-96.704323,17.095082],[-96.704674,17.094661],[-96.704898,17.094731],[-96.705716,17.093175],[-96.707554,17.094048],[-96.707183,17.094778],[-96.708287,17.095295],[-96.707943,17.095957],[-96.709348,17.09684],[-96.709778,17.096174],[-96.709747,17.097159],[-96.709876,17.097561],[-96.710482,17.098899],[-96.710594,17.099472],[-96.710634,17.101056],[-96.710764,17.101693],[-96.710265,17.101572],[-96.710181,17.101196],[-96.709926,17.100887],[-96.709567,17.100196],[-96.709337,17.099941],[-96.708957,17.099706],[-96.708725,17.099638],[-96.70816,17.099725],[-96.707177,17.099722]]]}},{"type":"Feature","properties":{"seccion":480,"clave":"0480","demarcacion":"San Felipe del Agua","distrito_local":14,"distrito_federal":8,"area_km2":1.421,"lon":-96.714153,"lat":17.105522,"sustituta":false},"geometry":{"type":"Polygon","coordinates":[[[-96.707177,17.099722],[-96.70816,17.099725],[-96.708725,17.099638],[-96.708957,17.099706],[-96.709337,17.099941],[-96.709567,17.100196],[-96.709926,17.100887],[-96.710181,17.101196],[-96.710265,17.101572],[-96.710764,17.101693],[-96.710634,17.101056],[-96.710594,17.099472],[-96.710482,17.098899],[-96.709876,17.097561],[-96.709747,17.097159],[-96.709782,17.09636],[-96.711275,17.096614],[-96.713227,17.097028],[-96.713883,17.097221],[-96.714103,17.097336],[-96.714476,17.096789],[-96.714534,17.096813],[-96.715011,17.096161],[-96.715254,17.095742],[-96.716444,17.096214],[-96.716135,17.096472],[-96.716083,17.096583],[-96.716193,17.09712],[-96.716449,17.097939],[-96.716376,17.098147],[-96.716069,17.098214],[-96.716019,17.098544],[-96.715932,17.098733],[-96.716245,17.099025],[-96.716301,17.099169],[-96.716257,17.099376],[-96.715994,17.099852],[-96.716131,17.100239],[-96.716073,17.100465],[-96.71555,17.100744],[-96.715374,17.100779],[-96.715354,17.10111],[-96.715235,17.101285],[-96.715806,17.101627],[-96.715896,17.10174],[-96.71591,17.101948],[-96.71585,17.102107],[-96.715666,17.102282],[-96.71546,17.102364],[-96.71482,17.102429],[-96.714752,17.102559],[-96.714827,17.102806],[-96.714926,17.102889],[-96.715157,17.102943],[-96.71519,17.102999],[-96.715158,17.103114],[-96.714661,17.103356],[-96.715334,17.103437],[-96.716082,17.103826],[-96.716823,17.104101],[-96.717193,17.104474],[-96.717561,17.104342],[-96.718046,17.104083],[-96.718487,17.10408],[-96.718794,17.104132],[-96.718992,17.104302],[-96.719088,17.104559],[-96.719095,17.104719],[-96.718969,17.106189],[-96.719097,17.106583],[-96.719081,17.107265],[-96.71898,17.107973],[-96.71926,17.108294],[-96.719838,17.108526],[-96.720336,17.108604],[-96.720903,17.108506],[-96.720994,17.108547],[-96.721025,17.108716],[-96.720939,17.108995],[-96.721218,17.109254],[-96.721267,17.109398],[-96.721248,17.109574],[-96.721131,17.109565],[-96.720885,17.10997],[-96.720873,17.11033],[-96.72037,17.11134],[-96.720133,17.111633],[-96.719906,17.111814],[-96.719568,17.112274],[-96.718999,17.111852],[-96.717428,17.111107],[-96.717195,17.111112],[-96.717011,17.111222],[-96.716308,17.11223],[-96.716256,17.11261],[-96.716304,17.114053],[-96.716247,17.114369],[-96.715794,17.114845],[-96.715374,17.114968],[-96.715067,17.114991],[-96.714749,17.11484],[-96.714544,17.114517],[-96.714358,17.113751],[-96.714195,17.113428],[-96.713948,17.113118],[-96.713769,17.113022],[-96.713574,17.11302],[-96.713155,17.113135],[-96.712902,17.113266],[-96.712647,17.113638],[-96.712347,17.114251],[-96.712192,17.11441],[-96.711815,17.114512],[-96.711467,17.114468],[-96.711242,17.114653],[-96.711125,17.115187],[-96.711107,17.115509],[-96.711049,17.115642],[-96.710978,17.115748],[-96.710867,17.115787],[-96.710741,17.115826],[-96.710644,17.115771],[-96.710548,17.115636],[-96.710691,17.115303],[-96.710615,17.114726],[-96.710673,17.114526],[-96.710634,17.114338],[-96.710726,17.113657],[-96.710661,17.113214],[-96.710975,17.112642],[-96.710936,17.112374],[-96.71101,17.112053],[-96.711262,17.111882],[-96.711472,17.111858],[-96.711432,17.111683],[-96.711489,17.111577],[-96.711912,17.111196],[-96.711845,17.111018],[-96.711511,17.110808],[-96.711235,17.110744],[-96.711028,17.110567],[-96.711407,17.110264],[-96.711491,17.110251],[-96.711873,17.109774],[-96.712146,17.109107],[-96.712164,17.108759],[-96.712449,17.108174],[-96.712522,17.10792],[-96.712441,17.107758],[-96.712233,17.107649],[-96.712098,17.10734],[-96.712184,17.107086],[-96.712116,17.106951],[-96.712206,17.106457],[-96.71228,17.106297],[-96.712656,17.106182],[-96.712864,17.106168],[-96.713007,17.106042],[-96.713257,17.106013],[-96.713398,17.106085],[-96.713507,17.105991],[-96.713517,17.105808],[-96.713138,17.104852],[-96.71311,17.104451],[-96.712995,17.104338],[-96.712473,17.104164],[-96.712178,17.103825],[-96.712239,17.103562],[-96.711672,17.103381],[-96.711086,17.103309],[-96.711089,17.103045],[-96.710532,17.102909],[-96.710523,17.10303],[-96.709678,17.102853],[-96.709129,17.102823],[-96.708683,17.102626],[-96.708492,17.1026],[-96.707918,17.102577],[-96.707709,17.102639],[-96.70752,17.102787],[-96.707294,17.102778],[-96.706673,17.102347],[-96.70602,17.102429],[-96.705662,17.102372],[-96.705795,17.102081],[-96.706047,17.101884],[-96.706242,17.101558],[-96.706391,17.101608],[-96.706458,17.101585],[-96.706502,17.101401],[-96.706465,17.101017],[-96.706698,17.100348],[-96.706826,17.100213],[-96.706861,17.100099],[-96.70678,17.099866],[-96.707177,17.099722]]]}},{"type":"Feature","properties":{"seccion":481,"clave":"0481","demarcacion":"Guadalupe Victoria","distrito_local":14,"distrito_federal":8,"area_km2":3.655,"lon":-96.723521,"lat":17.102918,"sustituta":false},"geometry":{"type":"Polygon","coordinates":[[[-96.731717,17.100929],[-96.730173,17.101214],[-96.729666,17.101412],[-96.729422,17.101577],[-96.729522,17.101831],[-96.729711,17.101982],[-96.72996,17.102539],[-96.730446,17.10304],[-96.730519,17.103337],[-96.730513,17.103718],[-96.730614,17.103966],[-96.730961,17.104017],[-96.731475,17.103944],[-96.731587,17.104094],[-96.731875,17.104774],[-96.730719,17.105079],[-96.731376,17.105395],[-96.731737,17.105737],[-96.732198,17.106764],[-96.732487,17.107253],[-96.73292,17.107839],[-96.733873,17.108768],[-96.734098,17.10909],[-96.734651,17.109439],[-96.73537,17.11001],[-96.736247,17.110285],[-96.736097,17.110576],[-96.736117,17.110805],[-96.736194,17.110958],[-96.736121,17.11137],[-96.735937,17.11165],[-96.735866,17.111878],[-96.73573,17.111985],[-96.735671,17.112147],[-96.735409,17.112296],[-96.735283,17.11249],[-96.735392,17.113104],[-96.73547,17.113233],[-96.735486,17.113561],[-96.735782,17.114179],[-96.73587,17.114534],[-96.735773,17.114957],[-96.735484,17.115229],[-96.733601,17.113298],[-96.73346,17.113201],[-96.731227,17.113067],[-96.730481,17.11312],[-96.729845,17.113434],[-96.729577,17.113394],[-96.728931,17.112898],[-96.728617,17.112738],[-96.72655,17.111748],[-96.726349,17.111754],[-96.726214,17.11179],[-96.726117,17.111881],[-96.726087,17.112028],[-96.726167,17.112471],[-96.726734,17.113943],[-96.726779,17.11421],[-96.726706,17.114652],[-96.72673,17.11503],[-96.726892,17.115898],[-96.72661,17.116235],[-96.726243,17.116508],[-96.725898,17.116495],[-96.725747,17.116281],[-96.725523,17.115053],[-96.7254,17.114877],[-96.724192,17.1142],[-96.724079,17.114014],[-96.723606,17.113511],[-96.723425,17.113389],[-96.722947,17.113356],[-96.722678,17.113408],[-96.722456,17.113544],[-96.722201,17.114048],[-96.722065,17.114185],[-96.721862,17.114275],[-96.721538,17.11417],[-96.720497,17.113061],[-96.719568,17.112274],[-96.719906,17.111814],[-96.720133,17.111633],[-96.72037,17.11134],[-96.720873,17.11033],[-96.720885,17.10997],[-96.721131,17.109565],[-96.721248,17.109574],[-96.721267,17.109398],[-96.721218,17.109254],[-96.720939,17.108995],[-96.721025,17.108716],[-96.720994,17.108547],[-96.720903,17.108506],[-96.720336,17.108604],[-96.719838,17.108526],[-96.71926,17.108294],[-96.71898,17.107973],[-96.719081,17.107265],[-96.719097,17.106583],[-96.718969,17.106189],[-96.719095,17.104719],[-96.719088,17.104559],[-96.718992,17.104302],[-96.718794,17.104132],[-96.718487,17.10408],[-96.718046,17.104083],[-96.717561,17.104342],[-96.717193,17.104474],[-96.716823,17.104101],[-96.716082,17.103826],[-96.715334,17.103437],[-96.714661,17.103356],[-96.715158,17.103114],[-96.71519,17.102999],[-96.715157,17.102943],[-96.714926,17.102889],[-96.714827,17.102806],[-96.714752,17.102559],[-96.71482,17.102429],[-96.71546,17.102364],[-96.715666,17.102282],[-96.71585,17.102107],[-96.71591,17.101948],[-96.715896,17.10174],[-96.715806,17.101627],[-96.715235,17.101285],[-96.715354,17.10111],[-96.715374,17.100779],[-96.71555,17.100744],[-96.716073,17.100465],[-96.716131,17.100239],[-96.715994,17.099852],[-96.716257,17.099376],[-96.716301,17.099169],[-96.716245,17.099025],[-96.715932,17.098733],[-96.716019,17.098544],[-96.716069,17.098214],[-96.716376,17.098147],[-96.716449,17.097939],[-96.716193,17.09712],[-96.716083,17.096583],[-96.716135,17.096472],[-96.716444,17.096214],[-96.715254,17.095742],[-96.715011,17.096161],[-96.714534,17.096813],[-96.714476,17.096789],[-96.714103,17.097336],[-96.713883,17.097221],[-96.713227,17.097028],[-96.711275,17.096614],[-96.709782,17.09636],[-96.709773,17.095988],[-96.709923,17.094119],[-96.709903,17.093557],[-96.710294,17.091438],[-96.711068,17.091542],[-96.712125,17.091567],[-96.712133,17.091621],[-96.712651,17.09199],[-96.712878,17.09213],[-96.713199,17.092229],[-96.713341,17.092629],[-96.714083,17.092866],[-96.715209,17.093356],[-96.715513,17.092297],[-96.715774,17.091876],[-96.716341,17.091319],[-96.716531,17.091247],[-96.716588,17.091385],[-96.716464,17.092012],[-96.720019,17.092457],[-96.72014,17.092649],[-96.720249,17.093214],[-96.720331,17.093239],[-96.720505,17.093225],[-96.720822,17.092299],[-96.720878,17.092419],[-96.721137,17.092587],[-96.722427,17.09273],[-96.723113,17.09295],[-96.723777,17.093093],[-96.723891,17.093075],[-96.724157,17.093996],[-96.724847,17.09406],[-96.725334,17.094007],[-96.725614,17.093925],[-96.725814,17.093965],[-96.726291,17.09418],[-96.727396,17.094916],[-96.728086,17.095456],[-96.72828,17.096035],[-96.728429,17.096171],[-96.72886,17.096798],[-96.729735,17.09737],[-96.729913,17.097346],[-96.730529,17.097561],[-96.728985,17.0984],[-96.728892,17.098515],[-96.728911,17.098664],[-96.729595,17.099447],[-96.73026,17.099832],[-96.730876,17.100063],[-96.730999,17.100524],[-96.731108,17.100637],[-96.73126,17.100756],[-96.731717,17.100929]]]}},{"type":"Feature","properties":{"seccion":483,"clave":"0483","demarcacion":"Santa Rosa Panzacola","distrito_local":14,"distrito_federal":8,"area_km2":0.372,"lon":-96.749345,"lat":17.100673,"sustituta":false},"geometry":{"type":"Polygon","coordinates":[[[-96.752087,17.100828],[-96.7515,17.101017],[-96.75184,17.101819],[-96.751518,17.102397],[-96.751263,17.102692],[-96.751063,17.102819],[-96.750914,17.10306],[-96.750432,17.103172],[-96.750132,17.103304],[-96.749815,17.103539],[-96.74929,17.10371],[-96.748709,17.103768],[-96.748135,17.103899],[-96.747625,17.102687],[-96.74706,17.102813],[-96.745926,17.102955],[-96.744866,17.103391],[-96.744589,17.102881],[-96.744562,17.102776],[-96.744881,17.101897],[-96.745775,17.101868],[-96.746242,17.101756],[-96.746572,17.100985],[-96.747286,17.100717],[-96.746686,17.099291],[-96.746597,17.099189],[-96.74716,17.098848],[-96.747359,17.09861],[-96.74773,17.098303],[-96.748243,17.098009],[-96.749964,17.097429],[-96.750426,17.098544],[-96.751014,17.098147],[-96.752174,17.097859],[-96.7521,17.097495],[-96.752483,17.097429],[-96.752831,17.09883],[-96.753396,17.100661],[-96.752834,17.10075],[-96.752445,17.100641],[-96.75228,17.100685],[-96.752087,17.100828]]]}},{"type":"Feature","properties":{"seccion":484,"clave":"0484","demarcacion":"Santa Rosa Panzacola","distrito_local":13,"distrito_federal":8,"area_km2":0.282,"lon":-96.753097,"lat":17.093066,"sustituta":false},"geometry":{"type":"Polygon","coordinates":[[[-96.752483,17.097429],[-96.751652,17.093268],[-96.75141,17.092492],[-96.751278,17.092284],[-96.750181,17.092785],[-96.749374,17.091673],[-96.75354,17.089522],[-96.756177,17.094021],[-96.752483,17.097429]]]}},{"type":"Feature","properties":{"seccion":485,"clave":"0485","demarcacion":"Santa Rosa Panzacola","distrito_local":14,"distrito_federal":8,"area_km2":0.253,"lon":-96.750043,"lat":17.094275,"sustituta":false},"geometry":{"type":"Polygon","coordinates":[[[-96.750426,17.098544],[-96.747124,17.090902],[-96.748464,17.090247],[-96.748673,17.09069],[-96.749399,17.090328],[-96.750298,17.091196],[-96.749374,17.091673],[-96.750181,17.092785],[-96.751278,17.092284],[-96.75141,17.092492],[-96.751652,17.093268],[-96.752483,17.097429],[-96.7521,17.097495],[-96.752174,17.097859],[-96.751014,17.098147],[-96.750426,17.098544]]]}},{"type":"Feature","properties":{"seccion":486,"clave":"0486","demarcacion":"Santa Rosa Panzacola","distrito_local":14,"distrito_federal":8,"area_km2":0.247,"lon":-96.745748,"lat":17.094959,"sustituta":false},"geometry":{"type":"Polygon","coordinates":[[[-96.740386,17.097913],[-96.740387,17.097759],[-96.740487,17.097574],[-96.740474,17.097224],[-96.740651,17.097072],[-96.740793,17.09696],[-96.741336,17.096741],[-96.742465,17.096147],[-96.742499,17.0961],[-96.742425,17.095961],[-96.741961,17.096125],[-96.741568,17.096193],[-96.741579,17.096134],[-96.742678,17.095379],[-96.74286,17.095102],[-96.743254,17.094944],[-96.743571,17.095041],[-96.744787,17.09442],[-96.744907,17.094076],[-96.744528,17.09293],[-96.747581,17.092015],[-96.749385,17.096149],[-96.747322,17.09608],[-96.747464,17.096398],[-96.74644,17.096861],[-96.746381,17.096523],[-96.74573,17.096662],[-96.7457,17.09648],[-96.744845,17.096611],[-96.744733,17.096852],[-96.744605,17.096994],[-96.744108,17.096695],[-96.744021,17.09672],[-96.743667,17.096642],[-96.743451,17.096704],[-96.743139,17.096568],[-96.742673,17.09658],[-96.741997,17.097102],[-96.741075,17.097398],[-96.740928,17.097568],[-96.740386,17.097913]]]}},{"type":"Feature","properties":{"seccion":487,"clave":"0487","demarcacion":"Santa Rosa Panzacola","distrito_local":14,"distrito_federal":8,"area_km2":0.201,"lon":-96.741463,"lat":17.094495,"sustituta":false},"geometry":{"type":"Polygon","coordinates":[[[-96.740474,17.097224],[-96.740487,17.097574],[-96.740387,17.097759],[-96.740386,17.097913],[-96.740221,17.098069],[-96.740236,17.09752],[-96.740186,17.097321],[-96.739485,17.096514],[-96.739465,17.095959],[-96.739365,17.095594],[-96.739276,17.094963],[-96.739306,17.094357],[-96.739412,17.093779],[-96.739357,17.093699],[-96.739546,17.093687],[-96.739648,17.093587],[-96.739564,17.093162],[-96.73971,17.092646],[-96.739901,17.092306],[-96.740405,17.09183],[-96.740505,17.091962],[-96.740686,17.092046],[-96.740658,17.092071],[-96.740867,17.092066],[-96.741248,17.092283],[-96.741894,17.092418],[-96.742026,17.092488],[-96.742026,17.092658],[-96.741789,17.092754],[-96.741845,17.092898],[-96.742626,17.093556],[-96.742831,17.093413],[-96.742876,17.093436],[-96.743103,17.093319],[-96.744528,17.09293],[-96.744907,17.094076],[-96.744787,17.09442],[-96.743571,17.095041],[-96.743254,17.094944],[-96.74286,17.095102],[-96.742678,17.095379],[-96.741579,17.096134],[-96.741568,17.096193],[-96.741961,17.096125],[-96.742425,17.095961],[-96.742499,17.0961],[-96.742465,17.096147],[-96.741336,17.096741],[-96.740793,17.09696],[-96.740474,17.097224]]]}},{"type":"Feature","properties":{"seccion":488,"clave":"0488","demarcacion":"Cabecera Municipal","distrito_local":14,"distrito_federal":8,"area_km2":0.743,"lon":-96.724531,"lat":17.089567,"sustituta":false},"geometry":{"type":"Polygon","coordinates":[[[-96.724157,17.093996],[-96.723891,17.093075],[-96.723777,17.093093],[-96.723113,17.09295],[-96.722427,17.09273],[-96.721137,17.092587],[-96.720878,17.092419],[-96.720822,17.092299],[-96.720505,17.093225],[-96.720249,17.093214],[-96.72014,17.092649],[-96.720019,17.092457],[-96.719505,17.091943],[-96.719422,17.091562],[-96.719621,17.090873],[-96.719799,17.08945],[-96.719774,17.089168],[-96.720154,17.088135],[-96.72031,17.087373],[-96.719972,17.086653],[-96.720436,17.086712],[-96.720504,17.086675],[-96.721884,17.086906],[-96.721849,17.087046],[-96.722278,17.087093],[-96.722326,17.087029],[-96.722392,17.086615],[-96.722478,17.086476],[-96.722734,17.086598],[-96.722877,17.086799],[-96.723353,17.086836],[-96.723443,17.08681],[-96.723461,17.086735],[-96.723155,17.085622],[-96.723485,17.085804],[-96.72386,17.085866],[-96.72573,17.085682],[-96.725709,17.085214],[-96.727429,17.085271],[-96.727458,17.085355],[-96.727658,17.085383],[-96.727939,17.085606],[-96.72813,17.08547],[-96.728255,17.085801],[-96.728461,17.085617],[-96.728858,17.086974],[-96.729417,17.08648],[-96.729629,17.087397],[-96.729076,17.08848],[-96.729066,17.088577],[-96.727909,17.090379],[-96.728129,17.091146],[-96.728122,17.091756],[-96.72838,17.092229],[-96.727474,17.093115],[-96.726839,17.093442],[-96.726291,17.09418],[-96.725814,17.093965],[-96.725614,17.093925],[-96.725334,17.094007],[-96.724847,17.09406],[-96.724157,17.093996]]]}},{"type":"Feature","properties":{"seccion":489,"clave":"0489","demarcacion":"Cabecera Municipal","distrito_local":14,"distrito_federal":8,"area_km2":0.676,"lon":-96.716338,"lat":17.088474,"sustituta":false},"geometry":{"type":"Polygon","coordinates":[[[-96.719642,17.083419],[-96.719517,17.083528],[-96.719474,17.083685],[-96.719546,17.083848],[-96.719775,17.084105],[-96.719864,17.084629],[-96.719762,17.085213],[-96.719525,17.086038],[-96.719718,17.086244],[-96.719972,17.086653],[-96.72031,17.087373],[-96.720154,17.088135],[-96.719774,17.089168],[-96.719799,17.08945],[-96.719621,17.090873],[-96.719422,17.091562],[-96.719505,17.091943],[-96.720019,17.092457],[-96.716464,17.092012],[-96.716588,17.091385],[-96.716531,17.091247],[-96.716341,17.091319],[-96.715774,17.091876],[-96.715513,17.092297],[-96.715209,17.093356],[-96.714083,17.092866],[-96.713341,17.092629],[-96.713199,17.092229],[-96.712878,17.09213],[-96.712651,17.09199],[-96.712133,17.091621],[-96.712125,17.091567],[-96.711068,17.091542],[-96.710294,17.091438],[-96.710502,17.090289],[-96.709674,17.089893],[-96.709975,17.089399],[-96.710559,17.088717],[-96.711662,17.089181],[-96.712073,17.089263],[-96.712279,17.089224],[-96.712195,17.089433],[-96.713313,17.089799],[-96.713804,17.089009],[-96.714128,17.088652],[-96.714267,17.087793],[-96.715131,17.085995],[-96.715291,17.085805],[-96.716153,17.085209],[-96.716544,17.084407],[-96.716741,17.083276],[-96.716957,17.082475],[-96.717474,17.081704],[-96.717377,17.082488],[-96.719426,17.082728],[-96.719774,17.082825],[-96.720012,17.083012],[-96.720213,17.083346],[-96.719642,17.083419]]]}},{"type":"Feature","properties":{"seccion":490,"clave":"0490","demarcacion":"Cabecera Municipal","distrito_local":14,"distrito_federal":8,"area_km2":0.214,"lon":-96.708531,"lat":17.092983,"sustituta":false},"geometry":{"type":"Polygon","coordinates":[[[-96.709348,17.09684],[-96.707943,17.095957],[-96.708287,17.095295],[-96.707183,17.094778],[-96.707554,17.094048],[-96.705716,17.093175],[-96.706806,17.091033],[-96.707875,17.091542],[-96.708922,17.089533],[-96.710502,17.090289],[-96.709903,17.093557],[-96.709923,17.094119],[-96.709778,17.096174],[-96.709348,17.09684]]]}},{"type":"Feature","properties":{"seccion":491,"clave":"0491","demarcacion":"Cabecera Municipal","distrito_local":14,"distrito_federal":8,"area_km2":0.159,"lon":-96.705988,"lat":17.090679,"sustituta":false},"geometry":{"type":"Polygon","coordinates":[[[-96.705716,17.093175],[-96.702498,17.091642],[-96.702699,17.090787],[-96.702767,17.090696],[-96.703515,17.091243],[-96.704262,17.091578],[-96.705979,17.088167],[-96.708922,17.089533],[-96.707875,17.091542],[-96.706806,17.091033],[-96.705716,17.093175]]]}},{"type":"Feature","properties":{"seccion":492,"clave":"0492","demarcacion":"Cabecera Municipal","distrito_local":14,"distrito_federal":8,"area_km2":0.174,"lon":-96.702684,"lat":17.093475,"sustituta":false},"geometry":{"type":"Polygon","coordinates":[[[-96.701226,17.093085],[-96.701059,17.093273],[-96.701091,17.093544],[-96.700797,17.093902],[-96.700815,17.094043],[-96.70042,17.094141],[-96.700148,17.094449],[-96.699323,17.09408],[-96.699331,17.093875],[-96.700113,17.09314],[-96.70038,17.091573],[-96.70065,17.091463],[-96.702519,17.091488],[-96.702498,17.091642],[-96.705716,17.093175],[-96.704898,17.094731],[-96.704674,17.094661],[-96.704323,17.095082],[-96.704096,17.094947],[-96.703875,17.095025],[-96.703668,17.095311],[-96.703788,17.095523],[-96.703801,17.095665],[-96.70376,17.095753],[-96.704068,17.096327],[-96.703574,17.09637],[-96.703332,17.096502],[-96.703377,17.096231],[-96.703344,17.096075],[-96.703234,17.095977],[-96.702901,17.095929],[-96.702635,17.095361],[-96.702546,17.095281],[-96.702285,17.095197],[-96.702161,17.095062],[-96.702314,17.094506],[-96.702303,17.094361],[-96.702124,17.094116],[-96.701835,17.093359],[-96.701226,17.093085]]]}},{"type":"Feature","properties":{"seccion":493,"clave":"0493","demarcacion":"Cabecera Municipal","distrito_local":14,"distrito_federal":8,"area_km2":0.805,"lon":-96.695191,"lat":17.092697,"sustituta":true,"confianza":"baja","secciones_sucesoras":[],"nota":"Siete Regiones y Jardin. Rodeada de secciones de Cabecera. Asignacion tentativa."},"geometry":{"type":"Polygon","coordinates":[[[-96.70038,17.091573],[-96.700113,17.09314],[-96.699331,17.093875],[-96.699323,17.09408],[-96.700148,17.094449],[-96.70042,17.094141],[-96.700815,17.094043],[-96.700797,17.093902],[-96.701091,17.093544],[-96.701059,17.093273],[-96.701226,17.093085],[-96.701835,17.093359],[-96.702124,17.094116],[-96.702303,17.094361],[-96.702314,17.094506],[-96.702161,17.095062],[-96.702285,17.095197],[-96.702546,17.095281],[-96.702635,17.095361],[-96.702901,17.095929],[-96.703234,17.095977],[-96.703344,17.096075],[-96.703377,17.096231],[-96.703332,17.096502],[-96.703034,17.097107],[-96.702657,17.097009],[-96.702301,17.09683],[-96.702164,17.096828],[-96.701829,17.096003],[-96.699102,17.095132],[-96.698995,17.095344],[-96.698703,17.096356],[-96.69861,17.096524],[-96.698259,17.096896],[-96.698161,17.096927],[-96.698034,17.096803],[-96.696985,17.096136],[-96.696799,17.096447],[-96.696244,17.096933],[-96.696083,17.096683],[-96.696036,17.096797],[-96.694379,17.096394],[-96.694386,17.096134],[-96.693892,17.09546],[-96.691913,17.095245],[-96.691792,17.094245],[-96.692079,17.094039],[-96.69233,17.093645],[-96.692314,17.093341],[-96.692105,17.093175],[-96.691862,17.093067],[-96.691127,17.093006],[-96.690803,17.092806],[-96.690433,17.092475],[-96.689657,17.092215],[-96.688917,17.091425],[-96.687946,17.090669],[-96.688168,17.08841],[-96.689949,17.088767],[-96.690259,17.088806],[-96.690587,17.08877],[-96.6917,17.088956],[-96.692136,17.088745],[-96.692562,17.08871],[-96.693022,17.088825],[-96.693298,17.089284],[-96.694691,17.089641],[-96.694598,17.09017],[-96.695023,17.090218],[-96.696175,17.090275],[-96.696013,17.08927],[-96.696578,17.089309],[-96.696733,17.09034],[-96.698093,17.090112],[-96.69813,17.090828],[-96.698826,17.090908],[-96.69937,17.090851],[-96.699627,17.091618],[-96.70038,17.091573]]]}},{"type":"Feature","properties":{"seccion":494,"clave":"0494","demarcacion":"Cabecera Municipal","distrito_local":14,"distrito_federal":8,"area_km2":0.37,"lon":-96.694309,"lat":17.088023,"sustituta":false},"geometry":{"type":"Polygon","coordinates":[[[-96.688427,17.086333],[-96.690391,17.086711],[-96.692451,17.086954],[-96.693765,17.086079],[-96.69348,17.086683],[-96.697564,17.085497],[-96.69937,17.090851],[-96.698826,17.090908],[-96.69813,17.090828],[-96.698093,17.090112],[-96.696733,17.09034],[-96.696578,17.089309],[-96.696013,17.08927],[-96.696175,17.090275],[-96.695023,17.090218],[-96.694598,17.09017],[-96.694691,17.089641],[-96.693298,17.089284],[-96.693022,17.088825],[-96.692562,17.08871],[-96.692136,17.088745],[-96.6917,17.088956],[-96.690587,17.08877],[-96.690259,17.088806],[-96.689949,17.088767],[-96.688168,17.08841],[-96.688352,17.086692],[-96.687818,17.086607],[-96.688464,17.085848],[-96.688427,17.086333]]]}},{"type":"Feature","properties":{"seccion":495,"clave":"0495","demarcacion":"Dolores","distrito_local":14,"distrito_federal":8,"area_km2":0.185,"lon":-96.700679,"lat":17.089308,"sustituta":false},"geometry":{"type":"Polygon","coordinates":[[[-96.699627,17.091618],[-96.698178,17.087285],[-96.699202,17.087274],[-96.701397,17.086841],[-96.701737,17.088489],[-96.702637,17.088186],[-96.702861,17.08922],[-96.702603,17.089423],[-96.702867,17.089909],[-96.702916,17.090245],[-96.702699,17.090787],[-96.702519,17.091488],[-96.70065,17.091463],[-96.70038,17.091573],[-96.699627,17.091618]]]}},{"type":"Feature","properties":{"seccion":496,"clave":"0496","demarcacion":"Cabecera Municipal","distrito_local":14,"distrito_federal":8,"area_km2":0.151,"lon":-96.703994,"lat":17.088542,"sustituta":false},"geometry":{"type":"Polygon","coordinates":[[[-96.704262,17.091578],[-96.703515,17.091243],[-96.702767,17.090696],[-96.702916,17.090245],[-96.702867,17.089909],[-96.702603,17.089423],[-96.702861,17.08922],[-96.702276,17.086546],[-96.705037,17.085936],[-96.705051,17.086583],[-96.705331,17.087405],[-96.705144,17.087838],[-96.705979,17.088167],[-96.704262,17.091578]]]}},{"type":"Feature","properties":{"seccion":497,"clave":"0497","demarcacion":"Cabecera Municipal","distrito_local":14,"distrito_federal":8,"area_km2":0.138,"lon":-96.707354,"lat":17.087394,"sustituta":false},"geometry":{"type":"Polygon","coordinates":[[[-96.709674,17.089893],[-96.706746,17.088511],[-96.705144,17.087838],[-96.705331,17.087405],[-96.705051,17.086583],[-96.70532,17.0867],[-96.7061,17.085023],[-96.708174,17.085863],[-96.709008,17.087782],[-96.709709,17.08924],[-96.709975,17.089399],[-96.709674,17.089893]]]}},{"type":"Feature","properties":{"seccion":498,"clave":"0498","demarcacion":"Cabecera Municipal","distrito_local":14,"distrito_federal":8,"area_km2":0.088,"lon":-96.710198,"lat":17.087126,"sustituta":false},"geometry":{"type":"Polygon","coordinates":[[[-96.709975,17.089399],[-96.709709,17.08924],[-96.708736,17.087165],[-96.709245,17.086955],[-96.708754,17.086207],[-96.708527,17.085727],[-96.709605,17.085825],[-96.710467,17.085786],[-96.710777,17.085622],[-96.711413,17.085524],[-96.711814,17.086178],[-96.711798,17.08663],[-96.710559,17.088717],[-96.709975,17.089399]]]}},{"type":"Feature","properties":{"seccion":499,"clave":"0499","demarcacion":"Cabecera Municipal","distrito_local":14,"distrito_federal":8,"area_km2":0.091,"lon":-96.712558,"lat":17.088116,"sustituta":false},"geometry":{"type":"Polygon","coordinates":[[[-96.713313,17.089799],[-96.712195,17.089433],[-96.712279,17.089224],[-96.712073,17.089263],[-96.711662,17.089181],[-96.710559,17.088717],[-96.711798,17.08663],[-96.712019,17.086523],[-96.712306,17.086478],[-96.712623,17.086541],[-96.712933,17.086647],[-96.713931,17.08715],[-96.713689,17.087549],[-96.71394,17.087662],[-96.713986,17.087632],[-96.714267,17.087793],[-96.714128,17.088652],[-96.713804,17.089009],[-96.713313,17.089799]]]}},{"type":"Feature","properties":{"seccion":500,"clave":"0500","demarcacion":"Cabecera Municipal","distrito_local":14,"distrito_federal":8,"area_km2":2.24,"lon":-96.73355,"lat":17.094875,"sustituta":true,"confianza":"baja","secciones_sucesoras":[],"nota":"Guadalupe Victoria y Manuel Sabino Crespo. Rodeada de secciones de Cabecera. Asignacion tentativa."},"geometry":{"type":"Polygon","coordinates":[[[-96.737633,17.08605],[-96.737662,17.086323],[-96.737805,17.086629],[-96.737814,17.086813],[-96.73773,17.08706],[-96.737647,17.087699],[-96.737772,17.088226],[-96.73773,17.088582],[-96.737538,17.088906],[-96.736772,17.089887],[-96.736725,17.090141],[-96.736448,17.090754],[-96.73644,17.090892],[-96.736532,17.091117],[-96.736936,17.091411],[-96.7375,17.091526],[-96.738299,17.09188],[-96.738581,17.092527],[-96.739358,17.093489],[-96.739357,17.093699],[-96.739412,17.093779],[-96.739306,17.094357],[-96.73923,17.095901],[-96.739296,17.097888],[-96.739267,17.098375],[-96.73916,17.09878],[-96.738628,17.099203],[-96.738359,17.099805],[-96.738156,17.100136],[-96.737849,17.100474],[-96.737726,17.100526],[-96.737544,17.100435],[-96.737377,17.100536],[-96.736638,17.10143],[-96.73651,17.10165],[-96.73569,17.102417],[-96.735119,17.103127],[-96.735235,17.103939],[-96.735616,17.10483],[-96.735542,17.105449],[-96.735238,17.106137],[-96.735124,17.106718],[-96.735128,17.10695],[-96.735375,17.107648],[-96.735388,17.108347],[-96.735504,17.108656],[-96.735606,17.109187],[-96.735738,17.109397],[-96.736076,17.10972],[-96.736284,17.110035],[-96.736247,17.110285],[-96.73537,17.11001],[-96.734651,17.109439],[-96.734098,17.10909],[-96.733873,17.108768],[-96.73292,17.107839],[-96.732487,17.107253],[-96.732198,17.106764],[-96.731737,17.105737],[-96.731376,17.105395],[-96.730719,17.105079],[-96.731875,17.104774],[-96.731587,17.104094],[-96.731475,17.103944],[-96.730961,17.104017],[-96.730614,17.103966],[-96.730513,17.103718],[-96.730519,17.103337],[-96.730446,17.10304],[-96.72996,17.102539],[-96.729711,17.101982],[-96.729522,17.101831],[-96.729422,17.101577],[-96.729666,17.101412],[-96.730173,17.101214],[-96.731717,17.100929],[-96.73126,17.100756],[-96.731108,17.100637],[-96.730999,17.100524],[-96.730876,17.100063],[-96.73026,17.099832],[-96.729595,17.099447],[-96.729018,17.098818],[-96.728911,17.098664],[-96.728892,17.098515],[-96.729133,17.098301],[-96.729616,17.098089],[-96.730529,17.097561],[-96.729913,17.097346],[-96.729735,17.09737],[-96.72886,17.096798],[-96.728429,17.096171],[-96.72828,17.096035],[-96.728086,17.095456],[-96.727396,17.094916],[-96.726291,17.09418],[-96.726839,17.093442],[-96.727474,17.093115],[-96.72838,17.092229],[-96.728122,17.091756],[-96.728129,17.091146],[-96.727909,17.090379],[-96.729066,17.088577],[-96.729076,17.08848],[-96.729629,17.087397],[-96.729446,17.0866],[-96.729648,17.086617],[-96.729898,17.086562],[-96.730472,17.086599],[-96.730953,17.086396],[-96.731156,17.086734],[-96.731641,17.086869],[-96.731886,17.086703],[-96.73185,17.086488],[-96.732055,17.086493],[-96.732376,17.086365],[-96.732439,17.086217],[-96.732268,17.086239],[-96.731855,17.086058],[-96.731717,17.085909],[-96.731631,17.085529],[-96.731378,17.085131],[-96.731072,17.085032],[-96.731401,17.084401],[-96.731595,17.084399],[-96.731968,17.084177],[-96.732147,17.084009],[-96.732212,17.083801],[-96.732872,17.083601],[-96.73294,17.083358],[-96.733106,17.083046],[-96.733182,17.08265],[-96.734134,17.081888],[-96.734628,17.081398],[-96.734753,17.081208],[-96.734936,17.081393],[-96.734823,17.081726],[-96.734813,17.082187],[-96.734724,17.082821],[-96.734891,17.083257],[-96.735307,17.083601],[-96.735672,17.083727],[-96.736143,17.083805],[-96.736429,17.083995],[-96.736497,17.084129],[-96.736573,17.084571],[-96.736639,17.08532],[-96.736609,17.085706],[-96.736884,17.085867],[-96.737336,17.085902],[-96.737561,17.085965],[-96.737633,17.08605]]]}},{"type":"Feature","properties":{"seccion":501,"clave":"0501","demarcacion":"Santa Rosa Panzacola","distrito_local":14,"distrito_federal":8,"area_km2":0.271,"lon":-96.738993,"lat":17.087759,"sustituta":false},"geometry":{"type":"Polygon","coordinates":[[[-96.737633,17.08605],[-96.737814,17.08582],[-96.737923,17.085525],[-96.73788,17.085178],[-96.737913,17.084982],[-96.738241,17.084487],[-96.738515,17.083928],[-96.738878,17.083855],[-96.738858,17.083764],[-96.739099,17.083784],[-96.739385,17.08371],[-96.740828,17.083163],[-96.740709,17.083828],[-96.740519,17.084272],[-96.740296,17.084525],[-96.740605,17.084659],[-96.740939,17.084709],[-96.740302,17.085148],[-96.740103,17.085349],[-96.740054,17.085488],[-96.740134,17.085783],[-96.740671,17.086081],[-96.741149,17.08725],[-96.741001,17.087661],[-96.741115,17.087693],[-96.741357,17.0879],[-96.740717,17.088517],[-96.740218,17.089174],[-96.740272,17.089232],[-96.740772,17.089256],[-96.741173,17.089523],[-96.740556,17.089489],[-96.740183,17.089394],[-96.740112,17.089618],[-96.739859,17.090021],[-96.739668,17.090633],[-96.739267,17.091131],[-96.738804,17.091537],[-96.738299,17.09188],[-96.7375,17.091526],[-96.736936,17.091411],[-96.736532,17.091117],[-96.73644,17.090892],[-96.736448,17.090754],[-96.736725,17.090141],[-96.736772,17.089887],[-96.737538,17.088906],[-96.73773,17.088582],[-96.737772,17.088226],[-96.737647,17.087699],[-96.73773,17.08706],[-96.737814,17.086813],[-96.737805,17.086629],[-96.737662,17.086323],[-96.737633,17.08605]]]}},{"type":"Feature","properties":{"seccion":502,"clave":"0502","demarcacion":"Santa Rosa Panzacola","distrito_local":14,"distrito_federal":8,"area_km2":0.305,"lon":-96.742526,"lat":17.090971,"sustituta":false},"geometry":{"type":"Polygon","coordinates":[[[-96.739357,17.093699],[-96.739358,17.093489],[-96.738581,17.092527],[-96.738299,17.09188],[-96.738804,17.091537],[-96.739267,17.091131],[-96.739668,17.090633],[-96.739859,17.090021],[-96.740112,17.089618],[-96.740183,17.089394],[-96.740556,17.089489],[-96.741173,17.089523],[-96.740772,17.089256],[-96.740272,17.089232],[-96.740218,17.089174],[-96.740717,17.088517],[-96.741612,17.087641],[-96.741865,17.087708],[-96.74196,17.087803],[-96.742016,17.087759],[-96.742626,17.088081],[-96.742925,17.088576],[-96.743076,17.088659],[-96.744979,17.089413],[-96.744209,17.089795],[-96.744489,17.09035],[-96.744889,17.09147],[-96.745645,17.091072],[-96.745837,17.091549],[-96.747124,17.090902],[-96.747581,17.092015],[-96.743103,17.093319],[-96.742876,17.093436],[-96.742831,17.093413],[-96.742626,17.093556],[-96.741845,17.092898],[-96.741789,17.092754],[-96.742026,17.092658],[-96.742026,17.092488],[-96.741518,17.092309],[-96.741248,17.092283],[-96.740867,17.092066],[-96.740658,17.092071],[-96.740686,17.092046],[-96.740505,17.091962],[-96.740405,17.09183],[-96.739901,17.092306],[-96.73975,17.092545],[-96.739564,17.093162],[-96.739648,17.093587],[-96.739546,17.093687],[-96.739357,17.093699]]]}},{"type":"Feature","properties":{"seccion":503,"clave":"0503","demarcacion":"Santa Rosa Panzacola","distrito_local":14,"distrito_federal":8,"area_km2":0.163,"lon":-96.744577,"lat":17.088597,"sustituta":false},"geometry":{"type":"Polygon","coordinates":[[[-96.741612,17.087641],[-96.741357,17.0879],[-96.741115,17.087693],[-96.741001,17.087661],[-96.741149,17.08725],[-96.741645,17.087005],[-96.742762,17.086689],[-96.74289,17.086929],[-96.744998,17.085971],[-96.746211,17.088861],[-96.747124,17.090902],[-96.745837,17.091549],[-96.745645,17.091072],[-96.744889,17.09147],[-96.744489,17.09035],[-96.744209,17.089795],[-96.744979,17.089413],[-96.743076,17.088659],[-96.742925,17.088576],[-96.742626,17.088081],[-96.742016,17.087759],[-96.74196,17.087803],[-96.741865,17.087708],[-96.741612,17.087641]]]}},{"type":"Feature","properties":{"seccion":504,"clave":"0504","demarcacion":"Santa Rosa Panzacola","distrito_local":13,"distrito_federal":8,"area_km2":0.327,"lon":-96.749395,"lat":17.088446,"sustituta":false},"geometry":{"type":"Polygon","coordinates":[[[-96.750298,17.091196],[-96.749399,17.090328],[-96.748673,17.09069],[-96.748464,17.090247],[-96.747124,17.090902],[-96.746211,17.088861],[-96.744998,17.085971],[-96.745953,17.085569],[-96.74694,17.087421],[-96.749279,17.08645],[-96.751321,17.085734],[-96.75354,17.089522],[-96.750298,17.091196]]]}},{"type":"Feature","properties":{"seccion":505,"clave":"0505","demarcacion":"Guadalupe Victoria","distrito_local":13,"distrito_federal":8,"area_km2":0.511,"lon":-96.746769,"lat":17.08295,"sustituta":false},"geometry":{"type":"Polygon","coordinates":[[[-96.743341,17.082166],[-96.74326,17.081872],[-96.74274,17.080998],[-96.742325,17.080616],[-96.740862,17.079772],[-96.742751,17.080062],[-96.743219,17.080385],[-96.743628,17.080944],[-96.74345,17.080091],[-96.743648,17.080042],[-96.747255,17.078375],[-96.751321,17.085734],[-96.749279,17.08645],[-96.74694,17.087421],[-96.745953,17.085569],[-96.744998,17.085971],[-96.743341,17.082166]]]}},{"type":"Feature","properties":{"seccion":506,"clave":"0506","demarcacion":"Santa Rosa Panzacola","distrito_local":14,"distrito_federal":8,"area_km2":0.117,"lon":-96.742559,"lat":17.085551,"sustituta":false},"geometry":{"type":"Polygon","coordinates":[[[-96.741149,17.08725],[-96.740671,17.086081],[-96.740134,17.085783],[-96.740054,17.085488],[-96.740103,17.085349],[-96.740302,17.085148],[-96.740939,17.084709],[-96.741051,17.084546],[-96.741144,17.084278],[-96.74131,17.084645],[-96.744071,17.0839],[-96.744998,17.085971],[-96.74289,17.086929],[-96.742762,17.086689],[-96.741645,17.087005],[-96.741149,17.08725]]]}},{"type":"Feature","properties":{"seccion":507,"clave":"0507","demarcacion":"Cabecera Municipal","distrito_local":14,"distrito_federal":8,"area_km2":0.3,"lon":-96.726736,"lat":17.082761,"sustituta":false},"geometry":{"type":"Polygon","coordinates":[[[-96.726647,17.083805],[-96.726708,17.083333],[-96.726493,17.083313],[-96.726429,17.08327],[-96.726423,17.083198],[-96.725061,17.082877],[-96.724394,17.082877],[-96.723482,17.082118],[-96.722094,17.081914],[-96.722052,17.081585],[-96.722099,17.081326],[-96.72198,17.080974],[-96.722087,17.080452],[-96.721905,17.079707],[-96.721932,17.079541],[-96.722058,17.079593],[-96.723067,17.07969],[-96.723191,17.080122],[-96.723587,17.080364],[-96.723775,17.080674],[-96.723828,17.080851],[-96.724202,17.08069],[-96.723593,17.080016],[-96.723477,17.079785],[-96.72411,17.07982],[-96.724694,17.079918],[-96.724733,17.07962],[-96.725815,17.079798],[-96.725904,17.079729],[-96.72599,17.079246],[-96.726013,17.078647],[-96.726435,17.07879],[-96.726545,17.07896],[-96.727069,17.080511],[-96.727005,17.081416],[-96.72715,17.082163],[-96.727433,17.082821],[-96.729556,17.083668],[-96.730204,17.084313],[-96.730498,17.084478],[-96.730767,17.084711],[-96.730964,17.084952],[-96.731072,17.085032],[-96.731378,17.085131],[-96.731631,17.085529],[-96.731717,17.085909],[-96.731855,17.086058],[-96.732138,17.086187],[-96.732268,17.086239],[-96.732439,17.086217],[-96.732376,17.086365],[-96.732055,17.086493],[-96.73185,17.086488],[-96.731886,17.086703],[-96.731641,17.086869],[-96.731156,17.086734],[-96.730953,17.086396],[-96.730472,17.086599],[-96.729898,17.086562],[-96.729648,17.086617],[-96.729446,17.0866],[-96.729417,17.08648],[-96.728858,17.086974],[-96.728461,17.085617],[-96.728255,17.085801],[-96.727857,17.084755],[-96.727825,17.084333],[-96.727709,17.084337],[-96.727718,17.084052],[-96.727676,17.083996],[-96.727278,17.0839],[-96.726647,17.083805]]]}},{"type":"Feature","properties":{"seccion":508,"clave":"0508","demarcacion":"Cabecera Municipal","distrito_local":14,"distrito_federal":8,"area_km2":0.242,"lon":-96.722845,"lat":17.084429,"sustituta":false},"geometry":{"type":"Polygon","coordinates":[[[-96.720546,17.080671],[-96.720924,17.080498],[-96.720991,17.080422],[-96.720991,17.080261],[-96.720898,17.079966],[-96.721087,17.079882],[-96.721306,17.079919],[-96.721492,17.079856],[-96.721932,17.079541],[-96.721905,17.079707],[-96.722087,17.080452],[-96.72198,17.080974],[-96.722099,17.081326],[-96.722052,17.081585],[-96.722094,17.081914],[-96.721356,17.082959],[-96.721198,17.08308],[-96.720975,17.083147],[-96.720464,17.083726],[-96.720419,17.083867],[-96.723284,17.084983],[-96.723764,17.084377],[-96.724271,17.083994],[-96.724833,17.084015],[-96.724907,17.083553],[-96.727107,17.083862],[-96.727676,17.083996],[-96.727718,17.084052],[-96.727709,17.084337],[-96.727825,17.084333],[-96.727857,17.084755],[-96.72813,17.08547],[-96.727939,17.085606],[-96.727658,17.085383],[-96.727458,17.085355],[-96.727429,17.085271],[-96.725709,17.085214],[-96.72573,17.085682],[-96.72386,17.085866],[-96.723485,17.085804],[-96.723155,17.085622],[-96.723461,17.086735],[-96.723443,17.08681],[-96.723034,17.086838],[-96.722877,17.086799],[-96.722734,17.086598],[-96.722478,17.086476],[-96.722392,17.086615],[-96.722326,17.087029],[-96.722278,17.087093],[-96.721849,17.087046],[-96.721884,17.086906],[-96.720504,17.086675],[-96.720436,17.086712],[-96.719972,17.086653],[-96.719718,17.086244],[-96.719525,17.086038],[-96.719762,17.085213],[-96.719864,17.084629],[-96.719775,17.084105],[-96.719546,17.083848],[-96.719474,17.083685],[-96.719517,17.083528],[-96.719642,17.083419],[-96.720213,17.083346],[-96.720807,17.082974],[-96.720802,17.082878],[-96.720727,17.082787],[-96.720533,17.082728],[-96.720302,17.082555],[-96.720309,17.082424],[-96.720918,17.081835],[-96.721055,17.081406],[-96.721014,17.081261],[-96.720679,17.081241],[-96.720546,17.080671]]]}},{"type":"Feature","properties":{"seccion":509,"clave":"0509","demarcacion":"Cabecera Municipal","distrito_local":14,"distrito_federal":8,"area_km2":0.277,"lon":-96.715393,"lat":17.082696,"sustituta":false},"geometry":{"type":"Polygon","coordinates":[[[-96.719426,17.082728],[-96.717377,17.082488],[-96.717474,17.081704],[-96.716957,17.082475],[-96.716741,17.083276],[-96.716544,17.084407],[-96.716153,17.085209],[-96.715291,17.085805],[-96.714199,17.085433],[-96.714414,17.084937],[-96.71381,17.084665],[-96.71351,17.0852],[-96.712771,17.084955],[-96.713791,17.083684],[-96.71298,17.083551],[-96.712657,17.083407],[-96.711919,17.083302],[-96.712295,17.080416],[-96.71654,17.080965],[-96.716505,17.081202],[-96.720584,17.08179],[-96.720731,17.081327],[-96.720679,17.081241],[-96.721014,17.081261],[-96.721055,17.081406],[-96.720918,17.081835],[-96.720309,17.082424],[-96.720302,17.082555],[-96.720374,17.08264],[-96.720727,17.082787],[-96.720802,17.082878],[-96.720807,17.082974],[-96.720213,17.083346],[-96.719892,17.08288],[-96.719426,17.082728]]]}},{"type":"Feature","properties":{"seccion":510,"clave":"0510","demarcacion":"Cabecera Municipal","distrito_local":14,"distrito_federal":8,"area_km2":0.105,"lon":-96.71307,"lat":17.085451,"sustituta":false},"geometry":{"type":"Polygon","coordinates":[[[-96.714267,17.087793],[-96.713986,17.087632],[-96.71394,17.087662],[-96.713689,17.087549],[-96.713931,17.08715],[-96.712933,17.086647],[-96.712306,17.086478],[-96.712019,17.086523],[-96.711798,17.08663],[-96.711814,17.086178],[-96.711413,17.085524],[-96.711293,17.085235],[-96.711398,17.084408],[-96.711525,17.084121],[-96.711882,17.083599],[-96.711919,17.083302],[-96.712657,17.083407],[-96.71298,17.083551],[-96.713791,17.083684],[-96.712771,17.084955],[-96.71351,17.0852],[-96.71381,17.084665],[-96.714414,17.084937],[-96.714199,17.085433],[-96.715291,17.085805],[-96.715131,17.085995],[-96.714267,17.087793]]]}},{"type":"Feature","properties":{"seccion":511,"clave":"0511","demarcacion":"Cabecera Municipal","distrito_local":14,"distrito_federal":8,"area_km2":0.108,"lon":-96.710672,"lat":17.083341,"sustituta":false},"geometry":{"type":"Polygon","coordinates":[[[-96.710467,17.085786],[-96.709885,17.085787],[-96.70979,17.085326],[-96.709734,17.084347],[-96.709496,17.083699],[-96.709226,17.083234],[-96.709245,17.082621],[-96.709202,17.082242],[-96.709917,17.082281],[-96.709953,17.08166],[-96.710004,17.081665],[-96.71005,17.081244],[-96.712141,17.081503],[-96.711882,17.083599],[-96.711525,17.084121],[-96.711398,17.084408],[-96.711293,17.085235],[-96.711413,17.085524],[-96.710777,17.085622],[-96.710467,17.085786]]]}},{"type":"Feature","properties":{"seccion":512,"clave":"0512","demarcacion":"Cabecera Municipal","distrito_local":14,"distrito_federal":8,"area_km2":0.07,"lon":-96.708507,"lat":17.084547,"sustituta":false},"geometry":{"type":"Polygon","coordinates":[[[-96.708736,17.087165],[-96.706489,17.081909],[-96.70689,17.081724],[-96.707083,17.082125],[-96.707541,17.083517],[-96.707864,17.084097],[-96.708416,17.083635],[-96.708253,17.083417],[-96.709226,17.083234],[-96.709496,17.083699],[-96.709734,17.084347],[-96.70979,17.085326],[-96.709885,17.085787],[-96.709605,17.085825],[-96.708527,17.085727],[-96.708754,17.086207],[-96.709245,17.086955],[-96.708736,17.087165]]]}},{"type":"Feature","properties":{"seccion":513,"clave":"0513","demarcacion":"Cabecera Municipal","distrito_local":14,"distrito_federal":8,"area_km2":0.299,"lon":-96.70386,"lat":17.083679,"sustituta":false},"geometry":{"type":"Polygon","coordinates":[[[-96.701861,17.084598],[-96.700217,17.084916],[-96.700068,17.084556],[-96.699991,17.084127],[-96.699819,17.081902],[-96.704989,17.082108],[-96.704976,17.081239],[-96.706399,17.081362],[-96.706489,17.081909],[-96.708174,17.085863],[-96.7061,17.085023],[-96.70532,17.0867],[-96.705051,17.086583],[-96.705029,17.085123],[-96.702092,17.085781],[-96.701861,17.084598]]]}},{"type":"Feature","properties":{"seccion":514,"clave":"0514","demarcacion":"Dolores","distrito_local":14,"distrito_federal":8,"area_km2":0.15,"lon":-96.7009,"lat":17.086168,"sustituta":false},"geometry":{"type":"Polygon","coordinates":[[[-96.701861,17.084598],[-96.702092,17.085781],[-96.705029,17.085123],[-96.705037,17.085936],[-96.702276,17.086546],[-96.702637,17.088186],[-96.701737,17.088489],[-96.701397,17.086841],[-96.699202,17.087274],[-96.698178,17.087285],[-96.697564,17.085497],[-96.699795,17.084988],[-96.701861,17.084598]]]}},{"type":"Feature","properties":{"seccion":515,"clave":"0515","demarcacion":"Cabecera Municipal","distrito_local":14,"distrito_federal":8,"area_km2":0.066,"lon":-96.698304,"lat":17.084202,"sustituta":false},"geometry":{"type":"Polygon","coordinates":[[[-96.697679,17.085469],[-96.696572,17.083433],[-96.696573,17.082841],[-96.697478,17.082928],[-96.697646,17.083144],[-96.697958,17.083312],[-96.69799,17.083471],[-96.698069,17.083549],[-96.699951,17.083597],[-96.700068,17.084556],[-96.700217,17.084916],[-96.697679,17.085469]]]}},{"type":"Feature","properties":{"seccion":516,"clave":"0516","demarcacion":"Cabecera Municipal","distrito_local":14,"distrito_federal":8,"area_km2":0.184,"lon":-96.69293,"lat":17.085552,"sustituta":false},"geometry":{"type":"Polygon","coordinates":[[[-96.688427,17.086333],[-96.688464,17.085848],[-96.689553,17.084534],[-96.691639,17.085147],[-96.692217,17.084865],[-96.692505,17.084802],[-96.692959,17.084531],[-96.694005,17.084227],[-96.693901,17.08504],[-96.694403,17.085071],[-96.694443,17.084426],[-96.69561,17.084473],[-96.695974,17.084361],[-96.696845,17.083919],[-96.697679,17.085469],[-96.69348,17.086683],[-96.693765,17.086079],[-96.692451,17.086954],[-96.690391,17.086711],[-96.688427,17.086333]]]}},{"type":"Feature","properties":{"seccion":517,"clave":"0517","demarcacion":"Cabecera Municipal","distrito_local":14,"distrito_federal":8,"area_km2":0.257,"lon":-96.693535,"lat":17.082838,"sustituta":false},"geometry":{"type":"Polygon","coordinates":[[[-96.689553,17.084534],[-96.69375,17.079486],[-96.694257,17.080109],[-96.694603,17.080397],[-96.695195,17.081087],[-96.696049,17.081749],[-96.696625,17.08179],[-96.696572,17.083433],[-96.696845,17.083919],[-96.695974,17.084361],[-96.69561,17.084473],[-96.694443,17.084426],[-96.694403,17.085071],[-96.693901,17.08504],[-96.694005,17.084227],[-96.692959,17.084531],[-96.692505,17.084802],[-96.692217,17.084865],[-96.691639,17.085147],[-96.689553,17.084534]]]}},{"type":"Feature","properties":{"seccion":518,"clave":"0518","demarcacion":"Cabecera Municipal","distrito_local":14,"distrito_federal":8,"area_km2":0.058,"lon":-96.698408,"lat":17.082628,"sustituta":false},"geometry":{"type":"Polygon","coordinates":[[[-96.699951,17.083597],[-96.698069,17.083549],[-96.69799,17.083471],[-96.697958,17.083312],[-96.697646,17.083144],[-96.697478,17.082928],[-96.696573,17.082841],[-96.696625,17.08179],[-96.699819,17.081902],[-96.699951,17.083597]]]}},{"type":"Feature","properties":{"seccion":519,"clave":"0519","demarcacion":"Cabecera Municipal","distrito_local":14,"distrito_federal":8,"area_km2":0.078,"lon":-96.708182,"lat":17.08209,"sustituta":false},"geometry":{"type":"Polygon","coordinates":[[[-96.707864,17.084097],[-96.707541,17.083517],[-96.707083,17.082125],[-96.70689,17.081724],[-96.706489,17.081909],[-96.706331,17.080789],[-96.71005,17.081244],[-96.710004,17.081665],[-96.709953,17.08166],[-96.709917,17.082281],[-96.709202,17.082242],[-96.709245,17.082621],[-96.709226,17.083234],[-96.708253,17.083417],[-96.708416,17.083635],[-96.707864,17.084097]]]}},{"type":"Feature","properties":{"seccion":520,"clave":"0520","demarcacion":"Cabecera Municipal","distrito_local":14,"distrito_federal":8,"area_km2":0.109,"lon":-96.723146,"lat":17.08341,"sustituta":false},"geometry":{"type":"Polygon","coordinates":[[[-96.726647,17.083805],[-96.724907,17.083553],[-96.724833,17.084015],[-96.724271,17.083994],[-96.723764,17.084377],[-96.723284,17.084983],[-96.720419,17.083867],[-96.720464,17.083726],[-96.720975,17.083147],[-96.721198,17.08308],[-96.721356,17.082959],[-96.722094,17.081914],[-96.723482,17.082118],[-96.724394,17.082877],[-96.725061,17.082877],[-96.726423,17.083198],[-96.726429,17.08327],[-96.726493,17.083313],[-96.726708,17.083333],[-96.726647,17.083805]]]}},{"type":"Feature","properties":{"seccion":521,"clave":"0521","demarcacion":"Cabecera Municipal","distrito_local":14,"distrito_federal":8,"area_km2":0.314,"lon":-96.730033,"lat":17.081606,"sustituta":false},"geometry":{"type":"Polygon","coordinates":[[[-96.731072,17.085032],[-96.730498,17.084478],[-96.730204,17.084313],[-96.729556,17.083668],[-96.727433,17.082821],[-96.72715,17.082163],[-96.727077,17.081872],[-96.727005,17.081416],[-96.727069,17.080511],[-96.726853,17.079848],[-96.726545,17.07896],[-96.726435,17.07879],[-96.726013,17.078647],[-96.726149,17.077605],[-96.727076,17.077735],[-96.726899,17.078292],[-96.72726,17.078346],[-96.727488,17.078464],[-96.72787,17.078829],[-96.727925,17.078966],[-96.727907,17.079275],[-96.728035,17.079604],[-96.728229,17.079574],[-96.728535,17.079639],[-96.728628,17.079824],[-96.728851,17.080072],[-96.728892,17.080086],[-96.728902,17.08001],[-96.728906,17.079572],[-96.730074,17.07979],[-96.73137,17.080413],[-96.732747,17.080529],[-96.732961,17.080813],[-96.73338,17.080963],[-96.734119,17.081121],[-96.73462,17.08114],[-96.734753,17.081208],[-96.734628,17.081398],[-96.734134,17.081888],[-96.733182,17.08265],[-96.733106,17.083046],[-96.73294,17.083358],[-96.732872,17.083601],[-96.732212,17.083801],[-96.732147,17.084009],[-96.731968,17.084177],[-96.731595,17.084399],[-96.731401,17.084401],[-96.731072,17.085032]]]}},{"type":"Feature","properties":{"seccion":522,"clave":"0522","demarcacion":"Cabecera Municipal","distrito_local":14,"distrito_federal":8,"area_km2":0.556,"lon":-96.735838,"lat":17.08017,"sustituta":false},"geometry":{"type":"Polygon","coordinates":[[[-96.738515,17.083928],[-96.738241,17.084487],[-96.737913,17.084982],[-96.73788,17.085178],[-96.737923,17.085525],[-96.737814,17.08582],[-96.737659,17.086034],[-96.737336,17.085902],[-96.736884,17.085867],[-96.736715,17.085774],[-96.736609,17.085706],[-96.736591,17.08564],[-96.736639,17.08532],[-96.736573,17.084571],[-96.736497,17.084129],[-96.736429,17.083995],[-96.736143,17.083805],[-96.735672,17.083727],[-96.735307,17.083601],[-96.734891,17.083257],[-96.734724,17.082821],[-96.734813,17.082187],[-96.734823,17.081726],[-96.734936,17.081393],[-96.734865,17.081301],[-96.73462,17.08114],[-96.733968,17.081097],[-96.73338,17.080963],[-96.732961,17.080813],[-96.732454,17.080215],[-96.732237,17.080045],[-96.731016,17.079372],[-96.730944,17.079246],[-96.73093,17.079074],[-96.730989,17.078892],[-96.731179,17.078605],[-96.731335,17.078463],[-96.731441,17.078397],[-96.731807,17.078331],[-96.732301,17.078114],[-96.732759,17.077811],[-96.732788,17.077745],[-96.732722,17.077507],[-96.732044,17.076493],[-96.731953,17.076012],[-96.732005,17.075365],[-96.732225,17.074673],[-96.732424,17.074289],[-96.732521,17.074292],[-96.732942,17.074069],[-96.733096,17.073844],[-96.733206,17.073763],[-96.733238,17.07363],[-96.733484,17.073561],[-96.733762,17.073549],[-96.733877,17.073484],[-96.734084,17.073527],[-96.733864,17.073788],[-96.733605,17.073867],[-96.733538,17.073995],[-96.733605,17.074408],[-96.733711,17.074663],[-96.734129,17.075361],[-96.734444,17.076015],[-96.735078,17.076861],[-96.735608,17.077273],[-96.7359,17.077577],[-96.736047,17.078174],[-96.736033,17.078489],[-96.736338,17.078523],[-96.736846,17.078721],[-96.737113,17.079019],[-96.737393,17.079188],[-96.737748,17.07953],[-96.738179,17.080232],[-96.73832,17.080166],[-96.738294,17.080027],[-96.738019,17.079753],[-96.738098,17.079615],[-96.738325,17.079492],[-96.738682,17.079974],[-96.738953,17.080537],[-96.739165,17.080629],[-96.740123,17.080407],[-96.740445,17.080262],[-96.740996,17.079854],[-96.741774,17.080332],[-96.741641,17.080478],[-96.741652,17.080776],[-96.740247,17.081982],[-96.739966,17.082094],[-96.739792,17.082017],[-96.739611,17.08205],[-96.740032,17.082954],[-96.740177,17.083417],[-96.739385,17.08371],[-96.739099,17.083784],[-96.738858,17.083764],[-96.738878,17.083855],[-96.738515,17.083928]]]}},{"type":"Feature","properties":{"seccion":523,"clave":"0523","demarcacion":"Cabecera Municipal","distrito_local":14,"distrito_federal":8,"area_km2":0.129,"lon":-96.741892,"lat":17.08274,"sustituta":false},"geometry":{"type":"Polygon","coordinates":[[[-96.740828,17.083163],[-96.740177,17.083417],[-96.740032,17.082954],[-96.739611,17.08205],[-96.739792,17.082017],[-96.739966,17.082094],[-96.740247,17.081982],[-96.741652,17.080776],[-96.741641,17.080478],[-96.741774,17.080332],[-96.742325,17.080616],[-96.74274,17.080998],[-96.74326,17.081872],[-96.743341,17.082166],[-96.744071,17.0839],[-96.74131,17.084645],[-96.741144,17.084278],[-96.741051,17.084546],[-96.740939,17.084709],[-96.740605,17.084659],[-96.740296,17.084525],[-96.740519,17.084272],[-96.740709,17.083828],[-96.740828,17.083163]]]}},{"type":"Feature","properties":{"seccion":524,"clave":"0524","demarcacion":"Montoya","distrito_local":13,"distrito_federal":8,"area_km2":1.464,"lon":-96.759453,"lat":17.072603,"sustituta":false},"geometry":{"type":"Polygon","coordinates":[[[-96.74869,17.071836],[-96.750806,17.072452],[-96.751547,17.07349],[-96.75132,17.070935],[-96.752855,17.071722],[-96.753013,17.071639],[-96.753057,17.071561],[-96.753784,17.071223],[-96.75375,17.070784],[-96.753792,17.070267],[-96.753582,17.069322],[-96.755211,17.071518],[-96.756219,17.070904],[-96.756532,17.07096],[-96.75706,17.071765],[-96.758094,17.071278],[-96.758495,17.071357],[-96.758578,17.070901],[-96.759519,17.071067],[-96.760086,17.0702],[-96.760197,17.070109],[-96.76041,17.070086],[-96.760444,17.07004],[-96.760695,17.069437],[-96.760776,17.069386],[-96.761104,17.068524],[-96.761178,17.068557],[-96.761296,17.068257],[-96.761363,17.067838],[-96.761718,17.067789],[-96.76315,17.067766],[-96.763301,17.067688],[-96.763717,17.067416],[-96.763809,17.067293],[-96.763843,17.067084],[-96.763798,17.066608],[-96.764338,17.066394],[-96.764867,17.066004],[-96.765122,17.065952],[-96.765448,17.066038],[-96.765623,17.06626],[-96.765812,17.066913],[-96.766139,17.067091],[-96.766174,17.067162],[-96.767682,17.067545],[-96.768165,17.067377],[-96.768345,17.067408],[-96.768696,17.067363],[-96.768049,17.073255],[-96.767797,17.073345],[-96.767922,17.074011],[-96.766365,17.074997],[-96.764205,17.076082],[-96.76392,17.076184],[-96.763637,17.076211],[-96.76308,17.075922],[-96.762668,17.07581],[-96.762115,17.075806],[-96.761715,17.076223],[-96.761094,17.076333],[-96.75865,17.077498],[-96.756794,17.07425],[-96.756347,17.074725],[-96.755619,17.074932],[-96.754651,17.075015],[-96.752952,17.075744],[-96.748154,17.07796],[-96.748,17.077338],[-96.747534,17.074722],[-96.746921,17.072986],[-96.746667,17.072714],[-96.747055,17.072593],[-96.748458,17.074024],[-96.748916,17.074398],[-96.74869,17.071836]]]}},{"type":"Feature","properties":{"seccion":525,"clave":"0525","demarcacion":"Cabecera Municipal","distrito_local":13,"distrito_federal":8,"area_km2":0.365,"lon":-96.742466,"lat":17.077905,"sustituta":false},"geometry":{"type":"Polygon","coordinates":[[[-96.74345,17.080091],[-96.743628,17.080944],[-96.743219,17.080385],[-96.742751,17.080062],[-96.740862,17.079772],[-96.740996,17.079854],[-96.740445,17.080262],[-96.740123,17.080407],[-96.739165,17.080629],[-96.738953,17.080537],[-96.738682,17.079974],[-96.739977,17.079343],[-96.738615,17.078498],[-96.738281,17.078169],[-96.737563,17.077264],[-96.738726,17.077177],[-96.739297,17.077065],[-96.738934,17.0763],[-96.740688,17.075443],[-96.740771,17.075394],[-96.740803,17.075284],[-96.741157,17.075094],[-96.742033,17.07683],[-96.745408,17.075215],[-96.747255,17.078375],[-96.743648,17.080042],[-96.74345,17.080091]]]}},{"type":"Feature","properties":{"seccion":526,"clave":"0526","demarcacion":"Cabecera Municipal","distrito_local":14,"distrito_federal":8,"area_km2":0.109,"lon":-96.736721,"lat":17.077531,"sustituta":false},"geometry":{"type":"Polygon","coordinates":[[[-96.736653,17.076479],[-96.737183,17.076876],[-96.737563,17.077264],[-96.738281,17.078169],[-96.738615,17.078498],[-96.739977,17.079343],[-96.738682,17.079974],[-96.738325,17.079492],[-96.738098,17.079615],[-96.738019,17.079753],[-96.738294,17.080027],[-96.73832,17.080166],[-96.738179,17.080232],[-96.737748,17.07953],[-96.737393,17.079188],[-96.737113,17.079019],[-96.736846,17.078721],[-96.736338,17.078523],[-96.736033,17.078489],[-96.736047,17.078174],[-96.7359,17.077577],[-96.735608,17.077273],[-96.735078,17.076861],[-96.734444,17.076015],[-96.733605,17.074408],[-96.733538,17.073995],[-96.733605,17.073867],[-96.733864,17.073788],[-96.73382,17.074122],[-96.733935,17.07434],[-96.734261,17.074759],[-96.734825,17.075278],[-96.736653,17.076479]]]}},{"type":"Feature","properties":{"seccion":527,"clave":"0527","demarcacion":"Cabecera Municipal","distrito_local":14,"distrito_federal":8,"area_km2":0.574,"lon":-96.729788,"lat":17.074939,"sustituta":false},"geometry":{"type":"Polygon","coordinates":[[[-96.732747,17.080529],[-96.73137,17.080413],[-96.730074,17.07979],[-96.728906,17.079572],[-96.728902,17.08001],[-96.728892,17.080086],[-96.728851,17.080072],[-96.728628,17.079824],[-96.728535,17.079639],[-96.728229,17.079574],[-96.728035,17.079604],[-96.727907,17.079275],[-96.727925,17.078966],[-96.72787,17.078829],[-96.727488,17.078464],[-96.72726,17.078346],[-96.726899,17.078292],[-96.727076,17.077735],[-96.726149,17.077605],[-96.726488,17.073531],[-96.726633,17.073194],[-96.727668,17.07349],[-96.727875,17.073414],[-96.72805,17.073186],[-96.728058,17.072515],[-96.728132,17.072269],[-96.728334,17.072045],[-96.72916,17.071479],[-96.729425,17.071382],[-96.730366,17.071273],[-96.730596,17.071146],[-96.730698,17.070914],[-96.730682,17.070742],[-96.730592,17.070494],[-96.729962,17.069337],[-96.729929,17.069158],[-96.729962,17.068762],[-96.73012,17.068463],[-96.730444,17.06807],[-96.730852,17.067909],[-96.730994,17.067738],[-96.731228,17.067621],[-96.731369,17.067623],[-96.731444,17.067702],[-96.731684,17.068381],[-96.731714,17.068584],[-96.73149,17.069216],[-96.731576,17.069764],[-96.732596,17.070857],[-96.732792,17.071198],[-96.73291,17.071277],[-96.732875,17.071896],[-96.732272,17.072571],[-96.732122,17.072928],[-96.73213,17.073542],[-96.732056,17.073884],[-96.732424,17.074289],[-96.732225,17.074673],[-96.732005,17.075365],[-96.731953,17.076012],[-96.732044,17.076493],[-96.732722,17.077507],[-96.732788,17.077745],[-96.732759,17.077811],[-96.732301,17.078114],[-96.731807,17.078331],[-96.731441,17.078397],[-96.731335,17.078463],[-96.731179,17.078605],[-96.730989,17.078892],[-96.73093,17.079074],[-96.730944,17.079246],[-96.731016,17.079372],[-96.732237,17.080045],[-96.732747,17.080529]]]}},{"type":"Feature","properties":{"seccion":528,"clave":"0528","demarcacion":"Cabecera Municipal","distrito_local":14,"distrito_federal":8,"area_km2":0.176,"lon":-96.723743,"lat":17.077722,"sustituta":false},"geometry":{"type":"Polygon","coordinates":[[[-96.725904,17.079729],[-96.725815,17.079798],[-96.724733,17.07962],[-96.724694,17.079918],[-96.72411,17.07982],[-96.723477,17.079785],[-96.723593,17.080016],[-96.724202,17.08069],[-96.723828,17.080851],[-96.723775,17.080674],[-96.723587,17.080364],[-96.723191,17.080122],[-96.723067,17.07969],[-96.722058,17.079593],[-96.721932,17.079541],[-96.721975,17.079219],[-96.722202,17.078724],[-96.722486,17.077609],[-96.722453,17.077341],[-96.722216,17.076871],[-96.721717,17.076151],[-96.721632,17.07586],[-96.721487,17.075597],[-96.720959,17.075003],[-96.721257,17.07486],[-96.721334,17.075109],[-96.721495,17.075216],[-96.72298,17.075725],[-96.723091,17.075364],[-96.723279,17.074989],[-96.723329,17.074443],[-96.723656,17.074628],[-96.723691,17.074688],[-96.723635,17.074778],[-96.724138,17.075033],[-96.72407,17.07542],[-96.724676,17.075533],[-96.724215,17.076685],[-96.724782,17.076854],[-96.7247,17.077441],[-96.726149,17.077605],[-96.725904,17.079729]]]}},{"type":"Feature","properties":{"seccion":529,"clave":"0529","demarcacion":"Cabecera Municipal","distrito_local":14,"distrito_federal":8,"area_km2":0.27,"lon":-96.717328,"lat":17.079781,"sustituta":false},"geometry":{"type":"Polygon","coordinates":[[[-96.720546,17.080671],[-96.720731,17.081327],[-96.720584,17.08179],[-96.716505,17.081202],[-96.71654,17.080965],[-96.712295,17.080416],[-96.712555,17.078229],[-96.7193,17.079017],[-96.719292,17.0791],[-96.720412,17.079351],[-96.720467,17.079286],[-96.720915,17.077945],[-96.721828,17.077666],[-96.722486,17.077609],[-96.722202,17.078724],[-96.721975,17.079219],[-96.721932,17.079541],[-96.721492,17.079856],[-96.721306,17.079919],[-96.721087,17.079882],[-96.720898,17.079966],[-96.720991,17.080261],[-96.720991,17.080422],[-96.720924,17.080498],[-96.720546,17.080671]]]}},{"type":"Feature","properties":{"seccion":530,"clave":"0530","demarcacion":"Cabecera Municipal","distrito_local":14,"distrito_federal":8,"area_km2":0.247,"lon":-96.709247,"lat":17.079426,"sustituta":false},"geometry":{"type":"Polygon","coordinates":[[[-96.712141,17.081503],[-96.706331,17.080789],[-96.706086,17.078549],[-96.70611,17.077326],[-96.712555,17.078229],[-96.712141,17.081503]]]}},{"type":"Feature","properties":{"seccion":531,"clave":"0531","demarcacion":"Cabecera Municipal","distrito_local":14,"distrito_federal":8,"area_km2":0.127,"lon":-96.70803,"lat":17.075796,"sustituta":false},"geometry":{"type":"Polygon","coordinates":[[[-96.709329,17.077777],[-96.70611,17.077326],[-96.706148,17.077194],[-96.706039,17.076144],[-96.707046,17.075871],[-96.706989,17.073407],[-96.708787,17.073633],[-96.708636,17.074625],[-96.710086,17.074789],[-96.710081,17.074984],[-96.709691,17.075121],[-96.709329,17.077777]]]}},{"type":"Feature","properties":{"seccion":532,"clave":"0532","demarcacion":"Cabecera Municipal","distrito_local":14,"distrito_federal":8,"area_km2":0.208,"lon":-96.7118,"lat":17.07597,"sustituta":false},"geometry":{"type":"Polygon","coordinates":[[[-96.713164,17.073868],[-96.714076,17.073974],[-96.713467,17.078336],[-96.709329,17.077777],[-96.709691,17.075121],[-96.710081,17.074984],[-96.710114,17.073797],[-96.711034,17.073927],[-96.710993,17.074257],[-96.713241,17.073248],[-96.713164,17.073868]]]}},{"type":"Feature","properties":{"seccion":533,"clave":"0533","demarcacion":"Cabecera Municipal","distrito_local":14,"distrito_federal":8,"area_km2":0.13,"lon":-96.715374,"lat":17.076905,"sustituta":false},"geometry":{"type":"Polygon","coordinates":[[[-96.716829,17.078728],[-96.713467,17.078336],[-96.713938,17.07506],[-96.717259,17.075483],[-96.716829,17.078728]]]}},{"type":"Feature","properties":{"seccion":534,"clave":"0534","demarcacion":"Cabecera Municipal","distrito_local":14,"distrito_federal":8,"area_km2":0.378,"lon":-96.718833,"lat":17.075335,"sustituta":false},"geometry":{"type":"Polygon","coordinates":[[[-96.720412,17.079351],[-96.719292,17.0791],[-96.7193,17.079017],[-96.716829,17.078728],[-96.717259,17.075483],[-96.716132,17.07534],[-96.716705,17.070889],[-96.719654,17.071605],[-96.719642,17.071776],[-96.719846,17.071808],[-96.720005,17.071904],[-96.720109,17.072305],[-96.720139,17.072807],[-96.720083,17.073811],[-96.720213,17.074619],[-96.720687,17.074964],[-96.720959,17.075003],[-96.721148,17.075182],[-96.721487,17.075597],[-96.721632,17.07586],[-96.721717,17.076151],[-96.722216,17.076871],[-96.722453,17.077341],[-96.722486,17.077609],[-96.721828,17.077666],[-96.720915,17.077945],[-96.720467,17.079286],[-96.720412,17.079351]]]}},{"type":"Feature","properties":{"seccion":535,"clave":"0535","demarcacion":"Cabecera Municipal","distrito_local":14,"distrito_federal":8,"area_km2":0.258,"lon":-96.723487,"lat":17.074198,"sustituta":false},"geometry":{"type":"Polygon","coordinates":[[[-96.726149,17.077605],[-96.7247,17.077441],[-96.724782,17.076854],[-96.724215,17.076685],[-96.724676,17.075533],[-96.72407,17.07542],[-96.724138,17.075033],[-96.723635,17.074778],[-96.723691,17.074688],[-96.723656,17.074628],[-96.723329,17.074443],[-96.723279,17.074989],[-96.723091,17.075364],[-96.72298,17.075725],[-96.721495,17.075216],[-96.721334,17.075109],[-96.721257,17.07486],[-96.720959,17.075003],[-96.720687,17.074964],[-96.720213,17.074619],[-96.720083,17.073811],[-96.720139,17.072807],[-96.720109,17.072305],[-96.720005,17.071904],[-96.719846,17.071808],[-96.719642,17.071776],[-96.719654,17.071605],[-96.722249,17.072172],[-96.724404,17.072507],[-96.725198,17.072688],[-96.726633,17.073194],[-96.726488,17.073531],[-96.726149,17.077605]]]}},{"type":"Feature","properties":{"seccion":536,"clave":"0536","demarcacion":"Cabecera Municipal","distrito_local":14,"distrito_federal":8,"area_km2":0.239,"lon":-96.733902,"lat":17.070519,"sustituta":false},"geometry":{"type":"Polygon","coordinates":[[[-96.734859,17.068686],[-96.733603,17.067644],[-96.733383,17.067356],[-96.734342,17.066685],[-96.735153,17.067571],[-96.735602,17.068291],[-96.736045,17.069165],[-96.736452,17.07019],[-96.736683,17.07098],[-96.736116,17.07139],[-96.736023,17.071428],[-96.735633,17.071419],[-96.735605,17.070661],[-96.734912,17.070666],[-96.735017,17.070759],[-96.735022,17.070878],[-96.734808,17.071265],[-96.734816,17.071508],[-96.735195,17.071997],[-96.735873,17.072464],[-96.735902,17.072575],[-96.735795,17.072689],[-96.735868,17.073047],[-96.735786,17.073095],[-96.735164,17.073086],[-96.735117,17.073162],[-96.734913,17.073143],[-96.734755,17.07325],[-96.73437,17.073201],[-96.734084,17.073527],[-96.733877,17.073484],[-96.733762,17.073549],[-96.733484,17.073561],[-96.733238,17.07363],[-96.733206,17.073763],[-96.733096,17.073844],[-96.732942,17.074069],[-96.732521,17.074292],[-96.732424,17.074289],[-96.732056,17.073884],[-96.73213,17.073542],[-96.732122,17.072928],[-96.732272,17.072571],[-96.732875,17.071896],[-96.73291,17.071277],[-96.732792,17.071198],[-96.732596,17.070857],[-96.731576,17.069764],[-96.73149,17.069216],[-96.731714,17.068584],[-96.731684,17.068381],[-96.731444,17.067702],[-96.731369,17.067623],[-96.731228,17.067621],[-96.730994,17.067738],[-96.730852,17.067909],[-96.730444,17.06807],[-96.731031,17.06738],[-96.731347,17.067238],[-96.731503,17.06726],[-96.731675,17.067335],[-96.731777,17.067445],[-96.732244,17.068153],[-96.732528,17.068411],[-96.733462,17.068999],[-96.733775,17.069237],[-96.733952,17.069436],[-96.734121,17.069288],[-96.734242,17.069289],[-96.73456,17.069407],[-96.735121,17.069096],[-96.734859,17.068686]]]}},{"type":"Feature","properties":{"seccion":537,"clave":"0537","demarcacion":"Cabecera Municipal","distrito_local":14,"distrito_federal":8,"area_km2":0.073,"lon":-96.736728,"lat":17.07509,"sustituta":false},"geometry":{"type":"Polygon","coordinates":[[[-96.736653,17.076479],[-96.734825,17.075278],[-96.734261,17.074759],[-96.73382,17.074122],[-96.733864,17.073788],[-96.734051,17.073567],[-96.734471,17.073788],[-96.734314,17.074071],[-96.734882,17.074748],[-96.735135,17.074522],[-96.73537,17.074477],[-96.735811,17.075293],[-96.738261,17.073778],[-96.738571,17.074387],[-96.738955,17.074942],[-96.73919,17.075195],[-96.737446,17.076021],[-96.736733,17.076389],[-96.736653,17.076479]]]}},{"type":"Feature","properties":{"seccion":538,"clave":"0538","demarcacion":"Cabecera Municipal","distrito_local":14,"distrito_federal":8,"area_km2":0.112,"lon":-96.736175,"lat":17.073128,"sustituta":false},"geometry":{"type":"Polygon","coordinates":[[[-96.735811,17.075293],[-96.73537,17.074477],[-96.735135,17.074522],[-96.734882,17.074748],[-96.734314,17.074071],[-96.734471,17.073788],[-96.734051,17.073567],[-96.73437,17.073201],[-96.734755,17.07325],[-96.734913,17.073143],[-96.735117,17.073162],[-96.735164,17.073086],[-96.735786,17.073095],[-96.735868,17.073047],[-96.735795,17.072689],[-96.735902,17.072575],[-96.735873,17.072464],[-96.735195,17.071997],[-96.734816,17.071508],[-96.734808,17.071265],[-96.735022,17.070878],[-96.735017,17.070759],[-96.734912,17.070666],[-96.735605,17.070661],[-96.735633,17.071419],[-96.736023,17.071428],[-96.736116,17.07139],[-96.736683,17.07098],[-96.737665,17.072795],[-96.738261,17.073778],[-96.735811,17.075293]]]}},{"type":"Feature","properties":{"seccion":539,"clave":"0539","demarcacion":"Cabecera Municipal","distrito_local":13,"distrito_federal":8,"area_km2":0.257,"lon":-96.74141,"lat":17.074708,"sustituta":false},"geometry":{"type":"Polygon","coordinates":[[[-96.745408,17.075215],[-96.742033,17.07683],[-96.741157,17.075094],[-96.740803,17.075284],[-96.740771,17.075394],[-96.740688,17.075443],[-96.738934,17.0763],[-96.739297,17.077065],[-96.738726,17.077177],[-96.737563,17.077264],[-96.737183,17.076876],[-96.736653,17.076479],[-96.736733,17.076389],[-96.737446,17.076021],[-96.73919,17.075195],[-96.738955,17.074942],[-96.738571,17.074387],[-96.738261,17.073778],[-96.739174,17.073227],[-96.739303,17.073387],[-96.743124,17.072198],[-96.743543,17.073004],[-96.744042,17.072769],[-96.745408,17.075215]]]}},{"type":"Feature","properties":{"seccion":540,"clave":"0540","demarcacion":"Cabecera Municipal","distrito_local":13,"distrito_federal":8,"area_km2":0.507,"lon":-96.744841,"lat":17.069233,"sustituta":false},"geometry":{"type":"Polygon","coordinates":[[[-96.750075,17.072236],[-96.74869,17.071836],[-96.748916,17.074398],[-96.748458,17.074024],[-96.747055,17.072593],[-96.746667,17.072714],[-96.74602,17.072087],[-96.745824,17.07216],[-96.745751,17.073229],[-96.745634,17.073409],[-96.745032,17.073545],[-96.744555,17.073721],[-96.739542,17.064253],[-96.742917,17.062906],[-96.743646,17.064314],[-96.743056,17.064195],[-96.741905,17.064724],[-96.742096,17.065763],[-96.742838,17.066515],[-96.743008,17.066618],[-96.743858,17.067057],[-96.745647,17.06787],[-96.749834,17.070098],[-96.750075,17.072236]]]}},{"type":"Feature","properties":{"seccion":541,"clave":"0541","demarcacion":"San Martín Mexicapam de Cárdenas","distrito_local":13,"distrito_federal":8,"area_km2":0.373,"lon":-96.750626,"lat":17.068151,"sustituta":false},"geometry":{"type":"Polygon","coordinates":[[[-96.751547,17.07349],[-96.750806,17.072452],[-96.750075,17.072236],[-96.749834,17.070098],[-96.747286,17.068749],[-96.748869,17.067373],[-96.748061,17.066831],[-96.748957,17.065997],[-96.747107,17.064502],[-96.74771,17.064156],[-96.74815,17.064061],[-96.749579,17.064023],[-96.749999,17.064266],[-96.750264,17.064176],[-96.75161,17.063977],[-96.751785,17.064491],[-96.750828,17.064793],[-96.751097,17.065351],[-96.751412,17.066256],[-96.752434,17.066813],[-96.752667,17.067018],[-96.753232,17.06878],[-96.753582,17.069322],[-96.753792,17.070267],[-96.75375,17.070784],[-96.753784,17.071223],[-96.753057,17.071561],[-96.753013,17.071639],[-96.752855,17.071722],[-96.75132,17.070935],[-96.751547,17.07349]]]}},{"type":"Feature","properties":{"seccion":542,"clave":"0542","demarcacion":"Montoya","distrito_local":13,"distrito_federal":8,"area_km2":0.105,"lon":-96.757335,"lat":17.070362,"sustituta":false},"geometry":{"type":"Polygon","coordinates":[[[-96.761104,17.068524],[-96.760776,17.069386],[-96.760695,17.069437],[-96.760444,17.07004],[-96.76041,17.070086],[-96.760197,17.070109],[-96.760086,17.0702],[-96.759519,17.071067],[-96.758578,17.070901],[-96.758495,17.071357],[-96.758094,17.071278],[-96.75706,17.071765],[-96.756532,17.07096],[-96.756219,17.070904],[-96.755211,17.071518],[-96.754116,17.070056],[-96.754504,17.069631],[-96.755531,17.069541],[-96.756609,17.069642],[-96.756608,17.069693],[-96.756768,17.069678],[-96.756897,17.06974],[-96.757013,17.069857],[-96.757293,17.069854],[-96.757581,17.069665],[-96.758202,17.069877],[-96.758193,17.069915],[-96.759192,17.070068],[-96.759247,17.069714],[-96.760103,17.069272],[-96.760263,17.069725],[-96.7607,17.068566],[-96.760886,17.068493],[-96.761104,17.068524]]]}},{"type":"Feature","properties":{"seccion":544,"clave":"0544","demarcacion":"Cabecera Municipal","distrito_local":13,"distrito_federal":8,"area_km2":0.172,"lon":-96.741029,"lat":17.070933,"sustituta":false},"geometry":{"type":"Polygon","coordinates":[[[-96.740167,17.073102],[-96.739861,17.072611],[-96.738449,17.070912],[-96.73765,17.06911],[-96.738468,17.069016],[-96.738699,17.07026],[-96.738924,17.0707],[-96.739997,17.070358],[-96.73984,17.069891],[-96.74075,17.069591],[-96.740468,17.068692],[-96.741689,17.068268],[-96.744042,17.072769],[-96.743543,17.073004],[-96.743124,17.072198],[-96.740167,17.073102]]]}},{"type":"Feature","properties":{"seccion":545,"clave":"0545","demarcacion":"Cabecera Municipal","distrito_local":13,"distrito_federal":8,"area_km2":0.162,"lon":-96.737238,"lat":17.069884,"sustituta":false},"geometry":{"type":"Polygon","coordinates":[[[-96.737109,17.067947],[-96.738449,17.070912],[-96.739861,17.072611],[-96.740167,17.073102],[-96.739303,17.073387],[-96.739174,17.073227],[-96.738261,17.073778],[-96.737665,17.072795],[-96.736683,17.07098],[-96.736452,17.07019],[-96.736045,17.069165],[-96.735602,17.068291],[-96.735153,17.067571],[-96.734409,17.066754],[-96.735326,17.066473],[-96.735439,17.06627],[-96.735593,17.06617],[-96.735996,17.06606],[-96.736269,17.065615],[-96.736327,17.065319],[-96.736599,17.065929],[-96.736767,17.0671],[-96.737109,17.067947]]]}},{"type":"Feature","properties":{"seccion":546,"clave":"0546","demarcacion":"Cabecera Municipal","distrito_local":14,"distrito_federal":8,"area_km2":0.139,"lon":-96.728759,"lat":17.070183,"sustituta":false},"geometry":{"type":"Polygon","coordinates":[[[-96.727668,17.07349],[-96.727018,17.073302],[-96.727703,17.069652],[-96.727544,17.068633],[-96.72749,17.06777],[-96.729722,17.068398],[-96.730326,17.067014],[-96.730889,17.067556],[-96.730072,17.068537],[-96.729962,17.068762],[-96.729929,17.069158],[-96.730087,17.069592],[-96.730592,17.070494],[-96.730682,17.070742],[-96.730661,17.071044],[-96.730596,17.071146],[-96.730366,17.071273],[-96.729425,17.071382],[-96.72916,17.071479],[-96.728334,17.072045],[-96.728132,17.072269],[-96.728058,17.072515],[-96.72805,17.073186],[-96.727875,17.073414],[-96.727668,17.07349]]]}},{"type":"Feature","properties":{"seccion":547,"clave":"0547","demarcacion":"Cabecera Municipal","distrito_local":14,"distrito_federal":8,"area_km2":0.147,"lon":-96.726186,"lat":17.070562,"sustituta":false},"geometry":{"type":"Polygon","coordinates":[[[-96.727018,17.073302],[-96.725198,17.072688],[-96.724404,17.072507],[-96.72495,17.070251],[-96.725381,17.067908],[-96.727527,17.068225],[-96.727544,17.068633],[-96.727703,17.069652],[-96.727018,17.073302]]]}},{"type":"Feature","properties":{"seccion":548,"clave":"0548","demarcacion":"Cabecera Municipal","distrito_local":14,"distrito_federal":8,"area_km2":0.221,"lon":-96.722386,"lat":17.070229,"sustituta":false},"geometry":{"type":"Polygon","coordinates":[[[-96.724404,17.072507],[-96.722249,17.072172],[-96.719654,17.071605],[-96.719999,17.069146],[-96.720212,17.067969],[-96.725212,17.068841],[-96.72495,17.070251],[-96.724404,17.072507]]]}},{"type":"Feature","properties":{"seccion":549,"clave":"0549","demarcacion":"Cabecera Municipal","distrito_local":14,"distrito_federal":8,"area_km2":0.15,"lon":-96.718481,"lat":17.069228,"sustituta":false},"geometry":{"type":"Polygon","coordinates":[[[-96.719654,17.071605],[-96.716655,17.070878],[-96.71676,17.069332],[-96.716968,17.067431],[-96.717697,17.067443],[-96.718349,17.067316],[-96.718354,17.067252],[-96.719239,17.067393],[-96.719319,17.066976],[-96.720388,17.067161],[-96.719999,17.069146],[-96.719654,17.071605]]]}},{"type":"Feature","properties":{"seccion":550,"clave":"0550","demarcacion":"Cabecera Municipal","distrito_local":14,"distrito_federal":8,"area_km2":0.118,"lon":-96.715328,"lat":17.072941,"sustituta":false},"geometry":{"type":"Polygon","coordinates":[[[-96.716132,17.07534],[-96.713938,17.07506],[-96.714541,17.070493],[-96.715703,17.070661],[-96.716705,17.070889],[-96.716132,17.07534]]]}},{"type":"Feature","properties":{"seccion":551,"clave":"0551","demarcacion":"Cabecera Municipal","distrito_local":14,"distrito_federal":8,"area_km2":0.173,"lon":-96.712196,"lat":17.072043,"sustituta":false},"geometry":{"type":"Polygon","coordinates":[[[-96.713241,17.073248],[-96.710993,17.074257],[-96.711034,17.073927],[-96.710114,17.073797],[-96.71022,17.070125],[-96.714541,17.070493],[-96.714076,17.073974],[-96.713164,17.073868],[-96.713241,17.073248]]]}},{"type":"Feature","properties":{"seccion":552,"clave":"0552","demarcacion":"Cabecera Municipal","distrito_local":14,"distrito_federal":8,"area_km2":0.139,"lon":-96.708812,"lat":17.07214,"sustituta":false},"geometry":{"type":"Polygon","coordinates":[[[-96.707223,17.072674],[-96.707562,17.069896],[-96.71022,17.070125],[-96.710086,17.074789],[-96.708636,17.074625],[-96.708787,17.073633],[-96.706989,17.073407],[-96.706971,17.072648],[-96.707223,17.072674]]]}},{"type":"Feature","properties":{"seccion":553,"clave":"0553","demarcacion":"Cabecera Municipal","distrito_local":14,"distrito_federal":8,"area_km2":0.347,"lon":-96.711012,"lat":17.067804,"sustituta":false},"geometry":{"type":"Polygon","coordinates":[[[-96.712256,17.065057],[-96.714297,17.065308],[-96.713628,17.070417],[-96.707562,17.069896],[-96.707611,17.069764],[-96.707577,17.069468],[-96.707436,17.068865],[-96.70734,17.068146],[-96.70739,17.068121],[-96.707317,17.067477],[-96.707381,17.066612],[-96.708675,17.066637],[-96.708678,17.066436],[-96.710346,17.066164],[-96.710331,17.06492],[-96.711224,17.064972],[-96.71124,17.064862],[-96.712267,17.064987],[-96.712256,17.065057]]]}},{"type":"Feature","properties":{"seccion":554,"clave":"0554","demarcacion":"Cabecera Municipal","distrito_local":14,"distrito_federal":8,"area_km2":0.172,"lon":-96.715406,"lat":17.068165,"sustituta":false},"geometry":{"type":"Polygon","coordinates":[[[-96.716655,17.070878],[-96.715703,17.070661],[-96.714541,17.070493],[-96.713628,17.070417],[-96.714287,17.065382],[-96.71712,17.065966],[-96.71676,17.069332],[-96.716655,17.070878]]]}},{"type":"Feature","properties":{"seccion":555,"clave":"0555","demarcacion":"Cabecera Municipal","distrito_local":14,"distrito_federal":8,"area_km2":0.273,"lon":-96.720532,"lat":17.065985,"sustituta":false},"geometry":{"type":"Polygon","coordinates":[[[-96.723306,17.068491],[-96.720212,17.067969],[-96.720388,17.067161],[-96.719319,17.066976],[-96.719239,17.067393],[-96.718354,17.067252],[-96.718349,17.067316],[-96.717697,17.067443],[-96.716968,17.067431],[-96.71712,17.065966],[-96.717086,17.065878],[-96.717288,17.065782],[-96.717306,17.065486],[-96.717457,17.065002],[-96.717449,17.064664],[-96.717636,17.064478],[-96.717735,17.063631],[-96.723985,17.064721],[-96.723813,17.065429],[-96.723306,17.068491]]]}},{"type":"Feature","properties":{"seccion":556,"clave":"0556","demarcacion":"Cabecera Municipal","distrito_local":14,"distrito_federal":8,"area_km2":0.137,"lon":-96.725269,"lat":17.066885,"sustituta":false},"geometry":{"type":"Polygon","coordinates":[[[-96.725212,17.068841],[-96.723306,17.068491],[-96.723813,17.065429],[-96.723985,17.064721],[-96.725969,17.065087],[-96.725793,17.066021],[-96.727743,17.066308],[-96.727485,17.067672],[-96.727527,17.068225],[-96.725381,17.067908],[-96.725212,17.068841]]]}},{"type":"Feature","properties":{"seccion":557,"clave":"0557","demarcacion":"Cabecera Municipal","distrito_local":14,"distrito_federal":8,"area_km2":0.136,"lon":-96.73097,"lat":17.067365,"sustituta":false},"geometry":{"type":"Polygon","coordinates":[[[-96.733691,17.067718],[-96.734859,17.068686],[-96.735121,17.069096],[-96.73456,17.069407],[-96.734242,17.069289],[-96.734121,17.069288],[-96.733952,17.069436],[-96.733775,17.069237],[-96.733462,17.068999],[-96.732528,17.068411],[-96.732244,17.068153],[-96.731777,17.067445],[-96.731675,17.067335],[-96.731503,17.06726],[-96.731347,17.067238],[-96.731195,17.067278],[-96.731031,17.06738],[-96.730889,17.067556],[-96.730326,17.067014],[-96.729722,17.068398],[-96.72749,17.06777],[-96.727718,17.066439],[-96.727987,17.066331],[-96.728264,17.06607],[-96.729003,17.066231],[-96.72966,17.06614],[-96.730331,17.065889],[-96.73094,17.065887],[-96.731434,17.065951],[-96.731999,17.06619],[-96.732414,17.066444],[-96.732596,17.066588],[-96.733253,17.067551],[-96.733342,17.067619],[-96.733691,17.067718]]]}},{"type":"Feature","properties":{"seccion":558,"clave":"0558","demarcacion":"Cabecera Municipal","distrito_local":13,"distrito_federal":8,"area_km2":0.094,"lon":-96.73947,"lat":17.068656,"sustituta":false},"geometry":{"type":"Polygon","coordinates":[[[-96.738924,17.0707],[-96.738699,17.07026],[-96.738468,17.069016],[-96.73765,17.06911],[-96.737109,17.067947],[-96.737971,17.067757],[-96.738817,17.067506],[-96.739181,17.06828],[-96.739627,17.068118],[-96.73973,17.068351],[-96.740279,17.068105],[-96.740227,17.067917],[-96.740087,17.067944],[-96.739723,17.067195],[-96.740888,17.066795],[-96.741689,17.068268],[-96.740468,17.068692],[-96.74075,17.069591],[-96.73984,17.069891],[-96.739997,17.070358],[-96.738924,17.0707]]]}},{"type":"Feature","properties":{"seccion":559,"clave":"0559","demarcacion":"San Martín Mexicapam de Cárdenas","distrito_local":13,"distrito_federal":8,"area_km2":0.218,"lon":-96.745596,"lat":17.066219,"sustituta":false},"geometry":{"type":"Polygon","coordinates":[[[-96.747286,17.068749],[-96.745647,17.06787],[-96.743858,17.067057],[-96.742838,17.066515],[-96.742096,17.065763],[-96.741905,17.064724],[-96.743056,17.064195],[-96.743475,17.064255],[-96.745256,17.064915],[-96.745614,17.064986],[-96.746552,17.064748],[-96.747107,17.064502],[-96.748957,17.065997],[-96.748061,17.066831],[-96.748869,17.067373],[-96.747286,17.068749]]]}},{"type":"Feature","properties":{"seccion":560,"clave":"0560","demarcacion":"San Martín Mexicapam de Cárdenas","distrito_local":13,"distrito_federal":8,"area_km2":0.557,"lon":-96.75742,"lat":17.063534,"sustituta":false},"geometry":{"type":"Polygon","coordinates":[[[-96.753316,17.068954],[-96.752667,17.067018],[-96.752434,17.066813],[-96.751412,17.066256],[-96.751766,17.066043],[-96.752501,17.065779],[-96.752461,17.065676],[-96.752535,17.065601],[-96.752508,17.065537],[-96.753265,17.065231],[-96.753946,17.064875],[-96.754006,17.06436],[-96.754105,17.06407],[-96.754737,17.063397],[-96.754624,17.06317],[-96.754722,17.062904],[-96.754264,17.061652],[-96.755522,17.061081],[-96.756266,17.060995],[-96.757065,17.061016],[-96.756967,17.060828],[-96.756964,17.060401],[-96.756993,17.060172],[-96.757177,17.059877],[-96.757502,17.059659],[-96.757875,17.059611],[-96.758118,17.059697],[-96.758357,17.060028],[-96.758586,17.059875],[-96.758431,17.059565],[-96.758485,17.059385],[-96.758617,17.059362],[-96.758759,17.05926],[-96.758951,17.059271],[-96.759185,17.059421],[-96.759301,17.05969],[-96.759195,17.059935],[-96.75928,17.059973],[-96.759491,17.059831],[-96.759646,17.059788],[-96.760175,17.059831],[-96.760272,17.060267],[-96.760392,17.060223],[-96.760554,17.060278],[-96.761228,17.059916],[-96.76146,17.059459],[-96.761762,17.059232],[-96.762056,17.059223],[-96.762613,17.059369],[-96.762331,17.064163],[-96.761202,17.064256],[-96.759079,17.06407],[-96.757352,17.063762],[-96.75577,17.064757],[-96.756955,17.067122],[-96.756944,17.068071],[-96.756162,17.068189],[-96.755503,17.068209],[-96.754313,17.068657],[-96.753316,17.068954]]]}},{"type":"Feature","properties":{"seccion":561,"clave":"0561","demarcacion":"San Martín Mexicapam de Cárdenas","distrito_local":13,"distrito_federal":8,"area_km2":0.104,"lon":-96.752945,"lat":17.063941,"sustituta":false},"geometry":{"type":"Polygon","coordinates":[[[-96.751412,17.066256],[-96.751097,17.065351],[-96.750828,17.064793],[-96.751785,17.064491],[-96.75161,17.063977],[-96.751956,17.06392],[-96.75178,17.063443],[-96.752753,17.063028],[-96.752493,17.062529],[-96.753158,17.062025],[-96.754264,17.061652],[-96.754722,17.062904],[-96.754624,17.06317],[-96.754737,17.063397],[-96.754105,17.06407],[-96.754006,17.06436],[-96.753946,17.064875],[-96.753265,17.065231],[-96.752508,17.065537],[-96.752535,17.065601],[-96.752461,17.065676],[-96.752501,17.065779],[-96.751766,17.066043],[-96.751412,17.066256]]]}},{"type":"Feature","properties":{"seccion":562,"clave":"0562","demarcacion":"San Martín Mexicapam de Cárdenas","distrito_local":13,"distrito_federal":8,"area_km2":0.118,"lon":-96.751067,"lat":17.062123,"sustituta":false},"geometry":{"type":"Polygon","coordinates":[[[-96.749999,17.064266],[-96.749579,17.064023],[-96.749296,17.064029],[-96.750206,17.063601],[-96.749161,17.061599],[-96.748186,17.059896],[-96.748336,17.059641],[-96.748747,17.059476],[-96.750074,17.061976],[-96.750876,17.061581],[-96.751899,17.061434],[-96.751586,17.060843],[-96.753763,17.060522],[-96.753486,17.061218],[-96.753132,17.061893],[-96.753158,17.062025],[-96.752493,17.062529],[-96.752753,17.063028],[-96.75178,17.063443],[-96.751956,17.06392],[-96.750264,17.064176],[-96.749999,17.064266]]]}},{"type":"Feature","properties":{"seccion":563,"clave":"0563","demarcacion":"San Martín Mexicapam de Cárdenas","distrito_local":13,"distrito_federal":8,"area_km2":0.102,"lon":-96.748278,"lat":17.062461,"sustituta":false},"geometry":{"type":"Polygon","coordinates":[[[-96.747618,17.064211],[-96.746518,17.062502],[-96.747595,17.060757],[-96.748186,17.059896],[-96.749161,17.061599],[-96.750206,17.063601],[-96.749296,17.064029],[-96.74815,17.064061],[-96.747618,17.064211]]]}},{"type":"Feature","properties":{"seccion":564,"clave":"0564","demarcacion":"San Martín Mexicapam de Cárdenas","distrito_local":13,"distrito_federal":8,"area_km2":0.182,"lon":-96.744742,"lat":17.062639,"sustituta":false},"geometry":{"type":"Polygon","coordinates":[[[-96.745614,17.064986],[-96.745256,17.064915],[-96.743646,17.064314],[-96.742917,17.062906],[-96.742175,17.06175],[-96.742997,17.061286],[-96.74322,17.061057],[-96.742713,17.060125],[-96.743239,17.059954],[-96.743919,17.059952],[-96.744613,17.060141],[-96.74479,17.060243],[-96.745939,17.06193],[-96.746145,17.062086],[-96.746518,17.062502],[-96.747618,17.064211],[-96.74683,17.064641],[-96.746111,17.06489],[-96.745614,17.064986]]]}},{"type":"Feature","properties":{"seccion":565,"clave":"0565","demarcacion":"Cabecera Municipal","distrito_local":13,"distrito_federal":8,"area_km2":0.13,"lon":-96.738273,"lat":17.066288,"sustituta":false},"geometry":{"type":"Polygon","coordinates":[[[-96.73973,17.068351],[-96.739627,17.068118],[-96.739181,17.06828],[-96.738817,17.067506],[-96.737971,17.067757],[-96.737109,17.067947],[-96.736767,17.0671],[-96.736599,17.065929],[-96.735808,17.064111],[-96.735854,17.063888],[-96.73593,17.063864],[-96.736941,17.064486],[-96.739014,17.065304],[-96.740314,17.065712],[-96.740888,17.066795],[-96.739723,17.067195],[-96.740087,17.067944],[-96.740227,17.067917],[-96.740279,17.068105],[-96.73973,17.068351]]]}},{"type":"Feature","properties":{"seccion":566,"clave":"0566","demarcacion":"Cabecera Municipal","distrito_local":13,"distrito_federal":8,"area_km2":0.166,"lon":-96.736509,"lat":17.064474,"sustituta":false},"geometry":{"type":"Polygon","coordinates":[[[-96.739542,17.064253],[-96.740314,17.065712],[-96.739014,17.065304],[-96.736941,17.064486],[-96.73593,17.063864],[-96.735854,17.063888],[-96.735808,17.064111],[-96.736327,17.065319],[-96.736269,17.065615],[-96.736147,17.065862],[-96.735996,17.06606],[-96.735593,17.06617],[-96.735439,17.06627],[-96.735326,17.066473],[-96.734409,17.066754],[-96.733846,17.066232],[-96.732876,17.065047],[-96.733802,17.064321],[-96.733948,17.064464],[-96.7357,17.063873],[-96.735231,17.063028],[-96.738414,17.062341],[-96.739542,17.064253]]]}},{"type":"Feature","properties":{"seccion":567,"clave":"0567","demarcacion":"San Martín Mexicapam de Cárdenas","distrito_local":13,"distrito_federal":8,"area_km2":0.07,"lon":-96.731822,"lat":17.065671,"sustituta":false},"geometry":{"type":"Polygon","coordinates":[[[-96.733691,17.067718],[-96.733342,17.067619],[-96.733253,17.067551],[-96.732596,17.066588],[-96.731999,17.06619],[-96.731271,17.065906],[-96.730331,17.065889],[-96.729901,17.066031],[-96.729827,17.065437],[-96.729917,17.064322],[-96.730072,17.064233],[-96.730368,17.064195],[-96.730502,17.06411],[-96.731263,17.064209],[-96.731444,17.064491],[-96.73207,17.06517],[-96.732529,17.065818],[-96.733244,17.06548],[-96.733846,17.066232],[-96.734342,17.066685],[-96.733383,17.067356],[-96.733691,17.067718]]]}},{"type":"Feature","properties":{"seccion":568,"clave":"0568","demarcacion":"Cabecera Municipal","distrito_local":13,"distrito_federal":8,"area_km2":0.197,"lon":-96.728623,"lat":17.064398,"sustituta":false},"geometry":{"type":"Polygon","coordinates":[[[-96.727718,17.066439],[-96.727743,17.066308],[-96.725793,17.066021],[-96.726509,17.062276],[-96.731378,17.063281],[-96.733244,17.06548],[-96.732529,17.065818],[-96.73207,17.06517],[-96.731444,17.064491],[-96.731263,17.064209],[-96.730502,17.06411],[-96.730368,17.064195],[-96.730072,17.064233],[-96.729917,17.064322],[-96.729827,17.065437],[-96.729901,17.066031],[-96.72966,17.06614],[-96.729003,17.066231],[-96.728264,17.06607],[-96.727987,17.066331],[-96.727718,17.066439]]]}},{"type":"Feature","properties":{"seccion":569,"clave":"0569","demarcacion":"Cabecera Municipal","distrito_local":14,"distrito_federal":8,"area_km2":0.192,"lon":-96.71404,"lat":17.064225,"sustituta":false},"geometry":{"type":"Polygon","coordinates":[[[-96.714297,17.065308],[-96.712256,17.065057],[-96.712267,17.064987],[-96.71124,17.064862],[-96.711224,17.064972],[-96.710331,17.06492],[-96.710206,17.06324],[-96.711463,17.062836],[-96.711468,17.062772],[-96.714167,17.062993],[-96.717735,17.063631],[-96.717636,17.064478],[-96.717449,17.064664],[-96.717457,17.065002],[-96.717306,17.065486],[-96.717288,17.065782],[-96.717086,17.065878],[-96.71712,17.065966],[-96.714287,17.065382],[-96.714297,17.065308]]]}},{"type":"Feature","properties":{"seccion":570,"clave":"0570","demarcacion":"Cabecera Municipal","distrito_local":13,"distrito_federal":8,"area_km2":0.124,"lon":-96.713546,"lat":17.062494,"sustituta":false},"geometry":{"type":"Polygon","coordinates":[[[-96.717735,17.063631],[-96.714167,17.062993],[-96.711468,17.062772],[-96.711463,17.062836],[-96.710679,17.063089],[-96.709322,17.063458],[-96.709274,17.062987],[-96.709108,17.063031],[-96.709065,17.062524],[-96.713892,17.061008],[-96.714062,17.06146],[-96.71411,17.06187],[-96.717896,17.062523],[-96.717735,17.063631]]]}},{"type":"Feature","properties":{"seccion":571,"clave":"0571","demarcacion":"Cabecera Municipal","distrito_local":13,"distrito_federal":8,"area_km2":0.124,"lon":-96.719648,"lat":17.062415,"sustituta":false},"geometry":{"type":"Polygon","coordinates":[[[-96.721663,17.061308],[-96.721039,17.064211],[-96.717735,17.063631],[-96.718198,17.060567],[-96.721663,17.061308]]]}},{"type":"Feature","properties":{"seccion":572,"clave":"0572","demarcacion":"Cabecera Municipal","distrito_local":13,"distrito_federal":8,"area_km2":0.271,"lon":-96.722571,"lat":17.061153,"sustituta":false},"geometry":{"type":"Polygon","coordinates":[[[-96.723985,17.064721],[-96.721039,17.064211],[-96.721663,17.061308],[-96.71962,17.060871],[-96.720308,17.058128],[-96.725154,17.059109],[-96.724975,17.060038],[-96.724987,17.060161],[-96.723985,17.064721]]]}},{"type":"Feature","properties":{"seccion":573,"clave":"0573","demarcacion":"Cabecera Municipal","distrito_local":13,"distrito_federal":8,"area_km2":0.296,"lon":-96.727561,"lat":17.061762,"sustituta":false},"geometry":{"type":"Polygon","coordinates":[[[-96.725969,17.065087],[-96.723985,17.064721],[-96.724987,17.060161],[-96.724975,17.060038],[-96.725154,17.059109],[-96.730866,17.060276],[-96.730763,17.061176],[-96.732058,17.061208],[-96.731674,17.063341],[-96.726509,17.062276],[-96.725969,17.065087]]]}},{"type":"Feature","properties":{"seccion":574,"clave":"0574","demarcacion":"Cabecera Municipal","distrito_local":13,"distrito_federal":8,"area_km2":0.178,"lon":-96.734287,"lat":17.062666,"sustituta":false},"geometry":{"type":"Polygon","coordinates":[[[-96.738443,17.062339],[-96.735231,17.063028],[-96.7357,17.063873],[-96.733948,17.064464],[-96.733802,17.064321],[-96.732876,17.065047],[-96.731378,17.063281],[-96.731674,17.063341],[-96.732058,17.061208],[-96.732958,17.061225],[-96.734624,17.061106],[-96.73537,17.061188],[-96.737083,17.061604],[-96.738147,17.061608],[-96.738443,17.062339]]]}},{"type":"Feature","properties":{"seccion":575,"clave":"0575","demarcacion":"San Martín Mexicapam de Cárdenas","distrito_local":13,"distrito_federal":8,"area_km2":0.353,"lon":-96.740014,"lat":17.059901,"sustituta":false},"geometry":{"type":"Polygon","coordinates":[[[-96.742917,17.062906],[-96.739542,17.064253],[-96.738443,17.062339],[-96.738147,17.061608],[-96.737704,17.059788],[-96.737566,17.05698],[-96.738812,17.056344],[-96.739847,17.055658],[-96.742003,17.057553],[-96.742976,17.058621],[-96.741069,17.060328],[-96.741302,17.060807],[-96.741488,17.060726],[-96.742917,17.062906]]]}},{"type":"Feature","properties":{"seccion":576,"clave":"0576","demarcacion":"San Martín Mexicapam de Cárdenas","distrito_local":13,"distrito_federal":8,"area_km2":0.262,"lon":-96.745319,"lat":17.059283,"sustituta":false},"geometry":{"type":"Polygon","coordinates":[[[-96.746518,17.062502],[-96.746145,17.062086],[-96.745939,17.06193],[-96.74479,17.060243],[-96.744613,17.060141],[-96.743919,17.059952],[-96.74348,17.059932],[-96.743239,17.059954],[-96.742713,17.060125],[-96.74322,17.061057],[-96.742997,17.061286],[-96.742175,17.06175],[-96.741488,17.060726],[-96.741302,17.060807],[-96.741069,17.060328],[-96.742212,17.059266],[-96.74585,17.056093],[-96.746222,17.056369],[-96.746782,17.056605],[-96.747112,17.056989],[-96.747663,17.057861],[-96.747576,17.058011],[-96.747763,17.058312],[-96.747459,17.058635],[-96.747514,17.058679],[-96.747859,17.058688],[-96.748247,17.059233],[-96.749318,17.059196],[-96.749425,17.059424],[-96.748747,17.059476],[-96.748336,17.059641],[-96.746518,17.062502]]]}},{"type":"Feature","properties":{"seccion":577,"clave":"0577","demarcacion":"San Martín Mexicapam de Cárdenas","distrito_local":13,"distrito_federal":8,"area_km2":0.207,"lon":-96.752198,"lat":17.058908,"sustituta":false},"geometry":{"type":"Polygon","coordinates":[[[-96.750074,17.061976],[-96.748747,17.059476],[-96.749425,17.059424],[-96.749318,17.059196],[-96.750313,17.059156],[-96.751506,17.058899],[-96.751416,17.058378],[-96.751438,17.057986],[-96.752181,17.057044],[-96.753022,17.056657],[-96.753269,17.05662],[-96.753378,17.056542],[-96.753375,17.05634],[-96.753079,17.055774],[-96.753117,17.055626],[-96.753743,17.055129],[-96.754074,17.055355],[-96.75457,17.055568],[-96.754677,17.056468],[-96.754657,17.057233],[-96.75454,17.058446],[-96.753547,17.058687],[-96.753863,17.060129],[-96.753763,17.060522],[-96.751586,17.060843],[-96.751899,17.061434],[-96.750876,17.061581],[-96.750074,17.061976]]]}},{"type":"Feature","properties":{"seccion":578,"clave":"0578","demarcacion":"San Martín Mexicapam de Cárdenas","distrito_local":13,"distrito_federal":8,"area_km2":0.356,"lon":-96.758315,"lat":17.058478,"sustituta":false},"geometry":{"type":"Polygon","coordinates":[[[-96.762613,17.059369],[-96.762056,17.059223],[-96.761762,17.059232],[-96.76146,17.059459],[-96.761228,17.059916],[-96.760554,17.060278],[-96.760392,17.060223],[-96.760272,17.060267],[-96.760175,17.059831],[-96.759646,17.059788],[-96.759491,17.059831],[-96.75928,17.059973],[-96.759195,17.059935],[-96.759301,17.05969],[-96.759185,17.059421],[-96.758951,17.059271],[-96.758759,17.05926],[-96.758617,17.059362],[-96.758485,17.059385],[-96.758431,17.059565],[-96.758586,17.059875],[-96.758357,17.060028],[-96.758118,17.059697],[-96.757875,17.059611],[-96.757502,17.059659],[-96.757177,17.059877],[-96.756993,17.060172],[-96.756964,17.060401],[-96.756967,17.060828],[-96.757065,17.061016],[-96.756266,17.060995],[-96.755522,17.061081],[-96.754264,17.061652],[-96.753158,17.062025],[-96.753132,17.061893],[-96.753486,17.061218],[-96.753763,17.060522],[-96.753863,17.060129],[-96.753547,17.058687],[-96.755672,17.058171],[-96.757093,17.057466],[-96.757717,17.057086],[-96.75833,17.056897],[-96.758349,17.056816],[-96.75819,17.056578],[-96.758182,17.056433],[-96.758307,17.056502],[-96.759052,17.056422],[-96.760126,17.054915],[-96.760638,17.054995],[-96.76105,17.05482],[-96.761669,17.055037],[-96.761763,17.055389],[-96.761622,17.056008],[-96.7622,17.05644],[-96.762161,17.057017],[-96.762253,17.057578],[-96.762221,17.058186],[-96.762399,17.058549],[-96.76265,17.058737],[-96.762613,17.059369]]]}},{"type":"Feature","properties":{"seccion":579,"clave":"0579","demarcacion":"San Martín Mexicapam de Cárdenas","distrito_local":13,"distrito_federal":8,"area_km2":0.675,"lon":-96.757176,"lat":17.053842,"sustituta":false},"geometry":{"type":"Polygon","coordinates":[[[-96.751797,17.053954],[-96.751672,17.054027],[-96.751536,17.053804],[-96.750986,17.053755],[-96.751305,17.053631],[-96.751541,17.053377],[-96.751971,17.053083],[-96.752121,17.052917],[-96.752147,17.052663],[-96.751973,17.051997],[-96.752121,17.051879],[-96.75212,17.051361],[-96.752483,17.051197],[-96.752577,17.051108],[-96.752637,17.050941],[-96.752726,17.050908],[-96.752829,17.050757],[-96.752245,17.050015],[-96.752029,17.049856],[-96.752137,17.049577],[-96.753839,17.050187],[-96.757583,17.051218],[-96.763905,17.052519],[-96.762949,17.053661],[-96.76265,17.058737],[-96.762399,17.058549],[-96.762221,17.058186],[-96.762253,17.057578],[-96.762161,17.057017],[-96.7622,17.05644],[-96.761622,17.056008],[-96.761763,17.055389],[-96.761669,17.055037],[-96.76105,17.05482],[-96.760638,17.054995],[-96.760175,17.054919],[-96.76008,17.054948],[-96.759801,17.055408],[-96.759052,17.056422],[-96.758307,17.056502],[-96.758182,17.056433],[-96.75819,17.056578],[-96.758349,17.056816],[-96.75833,17.056897],[-96.757717,17.057086],[-96.757093,17.057466],[-96.755872,17.05809],[-96.755505,17.058223],[-96.75454,17.058446],[-96.754657,17.057233],[-96.754677,17.056468],[-96.75457,17.055568],[-96.753983,17.055305],[-96.7538,17.05514],[-96.753683,17.055147],[-96.751713,17.054128],[-96.751797,17.053954]]]}},{"type":"Feature","properties":{"seccion":580,"clave":"0580","demarcacion":"San Martín Mexicapam de Cárdenas","distrito_local":13,"distrito_federal":8,"area_km2":0.223,"lon":-96.750306,"lat":17.05688,"sustituta":false},"geometry":{"type":"Polygon","coordinates":[[[-96.750313,17.059156],[-96.748247,17.059233],[-96.747859,17.058688],[-96.747514,17.058679],[-96.747459,17.058635],[-96.747763,17.058312],[-96.747576,17.058011],[-96.747663,17.057861],[-96.747112,17.056989],[-96.746782,17.056605],[-96.746966,17.056639],[-96.747422,17.056591],[-96.747859,17.056387],[-96.748292,17.05598],[-96.748744,17.055353],[-96.749434,17.056319],[-96.749698,17.056075],[-96.750586,17.054908],[-96.75068,17.054885],[-96.751108,17.054561],[-96.751617,17.054063],[-96.751797,17.053954],[-96.751713,17.054128],[-96.753683,17.055147],[-96.75308,17.055685],[-96.753104,17.055853],[-96.753375,17.05634],[-96.753378,17.056542],[-96.753269,17.05662],[-96.753022,17.056657],[-96.752181,17.057044],[-96.751438,17.057986],[-96.751416,17.058378],[-96.751506,17.058899],[-96.750313,17.059156]]]}},{"type":"Feature","properties":{"seccion":581,"clave":"0581","demarcacion":"Cabecera Municipal","distrito_local":13,"distrito_federal":8,"area_km2":0.455,"lon":-96.734287,"lat":17.058572,"sustituta":false},"geometry":{"type":"Polygon","coordinates":[[[-96.738147,17.061608],[-96.737083,17.061604],[-96.73537,17.061188],[-96.734624,17.061106],[-96.732958,17.061225],[-96.730763,17.061176],[-96.730866,17.060276],[-96.729948,17.060089],[-96.730308,17.05813],[-96.731348,17.058271],[-96.73172,17.056633],[-96.731706,17.056385],[-96.732123,17.055265],[-96.734138,17.055446],[-96.736466,17.055453],[-96.737206,17.056225],[-96.737566,17.05698],[-96.737704,17.059788],[-96.738147,17.061608]]]}},{"type":"Feature","properties":{"seccion":582,"clave":"0582","demarcacion":"Cabecera Municipal","distrito_local":13,"distrito_federal":8,"area_km2":0.178,"lon":-96.729791,"lat":17.056174,"sustituta":false},"geometry":{"type":"Polygon","coordinates":[[[-96.7292,17.052593],[-96.729447,17.052748],[-96.729941,17.054434],[-96.730023,17.055042],[-96.732123,17.055265],[-96.731706,17.056385],[-96.73172,17.056633],[-96.731348,17.058271],[-96.730308,17.05813],[-96.729948,17.060089],[-96.72903,17.059903],[-96.729429,17.057981],[-96.728433,17.057798],[-96.72885,17.055878],[-96.727862,17.055722],[-96.728067,17.054772],[-96.728925,17.051719],[-96.7292,17.052593]]]}},{"type":"Feature","properties":{"seccion":583,"clave":"0583","demarcacion":"Cabecera Municipal","distrito_local":13,"distrito_federal":8,"area_km2":0.238,"lon":-96.72405,"lat":17.057918,"sustituta":false},"geometry":{"type":"Polygon","coordinates":[[[-96.72903,17.059903],[-96.718593,17.057764],[-96.718932,17.05597],[-96.729429,17.057981],[-96.72903,17.059903]]]}},{"type":"Feature","properties":{"seccion":584,"clave":"0584","demarcacion":"Cabecera Municipal","distrito_local":13,"distrito_federal":8,"area_km2":0.12,"lon":-96.7182,"lat":17.059118,"sustituta":false},"geometry":{"type":"Polygon","coordinates":[[[-96.71962,17.060871],[-96.716141,17.060141],[-96.716685,17.05738],[-96.720308,17.058128],[-96.71962,17.060871]]]}},{"type":"Feature","properties":{"seccion":585,"clave":"0585","demarcacion":"Cabecera Municipal","distrito_local":13,"distrito_federal":8,"area_km2":0.141,"lon":-96.715566,"lat":17.060634,"sustituta":false},"geometry":{"type":"Polygon","coordinates":[[[-96.717896,17.062523],[-96.71411,17.06187],[-96.714062,17.06146],[-96.712889,17.058474],[-96.716344,17.059227],[-96.716141,17.060141],[-96.718198,17.060567],[-96.717896,17.062523]]]}},{"type":"Feature","properties":{"seccion":586,"clave":"0586","demarcacion":"Cabecera Municipal","distrito_local":13,"distrito_federal":8,"area_km2":0.085,"lon":-96.711426,"lat":17.06064,"sustituta":false},"geometry":{"type":"Polygon","coordinates":[[[-96.710169,17.062177],[-96.709849,17.059746],[-96.709727,17.059192],[-96.710067,17.059077],[-96.711464,17.059413],[-96.711723,17.060183],[-96.712614,17.059925],[-96.713096,17.060215],[-96.713613,17.060342],[-96.713892,17.061008],[-96.710169,17.062177]]]}},{"type":"Feature","properties":{"seccion":587,"clave":"0587","demarcacion":"Cabecera Municipal","distrito_local":13,"distrito_federal":8,"area_km2":0.143,"lon":-96.711658,"lat":17.057565,"sustituta":false},"geometry":{"type":"Polygon","coordinates":[[[-96.712075,17.057796],[-96.711409,17.058481],[-96.711408,17.058634],[-96.712889,17.058474],[-96.713613,17.060342],[-96.713096,17.060215],[-96.712614,17.059925],[-96.711723,17.060183],[-96.711464,17.059413],[-96.710067,17.059077],[-96.709727,17.059192],[-96.70956,17.057721],[-96.710647,17.056397],[-96.711621,17.055311],[-96.712184,17.054813],[-96.712911,17.054348],[-96.713115,17.054982],[-96.712899,17.057515],[-96.712011,17.057486],[-96.712075,17.057796]]]}},{"type":"Feature","properties":{"seccion":588,"clave":"0588","demarcacion":"Cabecera Municipal","distrito_local":13,"distrito_federal":8,"area_km2":0.092,"lon":-96.714378,"lat":17.057954,"sustituta":false},"geometry":{"type":"Polygon","coordinates":[[[-96.716344,17.059227],[-96.712889,17.058474],[-96.711408,17.058634],[-96.711409,17.058481],[-96.712075,17.057796],[-96.712011,17.057486],[-96.712899,17.057515],[-96.71299,17.05668],[-96.713121,17.056699],[-96.716685,17.05738],[-96.716344,17.059227]]]}},{"type":"Feature","properties":{"seccion":589,"clave":"0589","demarcacion":"Cabecera Municipal","distrito_local":13,"distrito_federal":8,"area_km2":0.242,"lon":-96.725887,"lat":17.0549,"sustituta":false},"geometry":{"type":"Polygon","coordinates":[[[-96.728433,17.057798],[-96.72555,17.057262],[-96.722647,17.056655],[-96.722814,17.055872],[-96.723862,17.056026],[-96.724307,17.054088],[-96.724605,17.052542],[-96.72463,17.05204],[-96.724491,17.051251],[-96.725828,17.050976],[-96.726912,17.05067],[-96.72617,17.054402],[-96.727086,17.054546],[-96.728067,17.054772],[-96.727862,17.055722],[-96.72885,17.055878],[-96.728433,17.057798]]]}},{"type":"Feature","properties":{"seccion":590,"clave":"0590","demarcacion":"Cabecera Municipal","distrito_local":13,"distrito_federal":8,"area_km2":0.325,"lon":-96.72948,"lat":17.051884,"sustituta":false},"geometry":{"type":"Polygon","coordinates":[[[-96.7292,17.052593],[-96.728925,17.051719],[-96.728067,17.054772],[-96.727086,17.054546],[-96.72617,17.054402],[-96.726867,17.050861],[-96.727076,17.050196],[-96.727823,17.046869],[-96.729564,17.047045],[-96.729977,17.048315],[-96.730003,17.049684],[-96.7299,17.05099],[-96.729651,17.051932],[-96.730174,17.05294],[-96.732065,17.053963],[-96.73512,17.0545],[-96.736466,17.055453],[-96.734138,17.055446],[-96.730023,17.055042],[-96.729941,17.054434],[-96.729447,17.052748],[-96.7292,17.052593]]]}},{"type":"Feature","properties":{"seccion":591,"clave":"0591","demarcacion":"San Juan Chapultepec","distrito_local":13,"distrito_federal":8,"area_km2":0.203,"lon":-96.73702,"lat":17.053768,"sustituta":false},"geometry":{"type":"Polygon","coordinates":[[[-96.737566,17.05698],[-96.737206,17.056225],[-96.736466,17.055453],[-96.73512,17.0545],[-96.73491,17.053768],[-96.734747,17.053515],[-96.73493,17.05343],[-96.73484,17.052889],[-96.734503,17.052536],[-96.734863,17.05234],[-96.734665,17.051932],[-96.735181,17.05163],[-96.73527,17.051627],[-96.735067,17.051336],[-96.73737,17.051151],[-96.73777,17.051202],[-96.738292,17.051346],[-96.738042,17.052581],[-96.738677,17.052624],[-96.738253,17.054119],[-96.739847,17.055658],[-96.738812,17.056344],[-96.737566,17.05698]]]}},{"type":"Feature","properties":{"seccion":592,"clave":"0592","demarcacion":"San Juan Chapultepec","distrito_local":13,"distrito_federal":8,"area_km2":0.197,"lon":-96.741274,"lat":17.05454,"sustituta":false},"geometry":{"type":"Polygon","coordinates":[[[-96.741668,17.057258],[-96.739578,17.055418],[-96.738253,17.054119],[-96.738677,17.052624],[-96.740808,17.052982],[-96.741062,17.052774],[-96.741085,17.05261],[-96.741682,17.052688],[-96.742097,17.052801],[-96.742328,17.053108],[-96.742847,17.052999],[-96.743009,17.053253],[-96.743932,17.053944],[-96.744466,17.054526],[-96.741668,17.057258]]]}},{"type":"Feature","properties":{"seccion":593,"clave":"0593","demarcacion":"San Juan Chapultepec","distrito_local":13,"distrito_federal":8,"area_km2":0.633,"lon":-96.745636,"lat":17.052369,"sustituta":true,"confianza":"media","secciones_sucesoras":[2583,2584],"nota":"El Coquito. Colinda con secciones de San Juan Chapultepec y tambien de San Martin Mexicapam."},"geometry":{"type":"Polygon","coordinates":[[[-96.747797,17.053745],[-96.748824,17.054772],[-96.748883,17.055034],[-96.748851,17.055182],[-96.748642,17.055539],[-96.748292,17.05598],[-96.747859,17.056387],[-96.747422,17.056591],[-96.746966,17.056639],[-96.746504,17.056512],[-96.746222,17.056369],[-96.74585,17.056093],[-96.742976,17.058621],[-96.742003,17.057553],[-96.741668,17.057258],[-96.744466,17.054526],[-96.743932,17.053944],[-96.743009,17.053253],[-96.742528,17.052456],[-96.742309,17.052253],[-96.74185,17.052148],[-96.742248,17.051208],[-96.742352,17.051108],[-96.743422,17.051567],[-96.743502,17.051368],[-96.74358,17.051043],[-96.743346,17.051031],[-96.742978,17.050886],[-96.742734,17.050723],[-96.742649,17.050569],[-96.742602,17.050315],[-96.742741,17.049992],[-96.742688,17.049855],[-96.7425,17.049635],[-96.742317,17.049526],[-96.742282,17.049399],[-96.742343,17.049206],[-96.743064,17.047836],[-96.743128,17.047882],[-96.744338,17.04788],[-96.745317,17.047712],[-96.745951,17.047711],[-96.748787,17.048542],[-96.748904,17.049071],[-96.74909,17.049446],[-96.749191,17.049433],[-96.749205,17.049519],[-96.749628,17.049896],[-96.749538,17.049959],[-96.749188,17.050018],[-96.749101,17.050107],[-96.749085,17.050222],[-96.749099,17.050312],[-96.749187,17.050399],[-96.749179,17.050776],[-96.749119,17.050943],[-96.749276,17.051079],[-96.749478,17.051361],[-96.749422,17.051551],[-96.749221,17.051679],[-96.749134,17.052208],[-96.748786,17.052816],[-96.747797,17.053745]]]}},{"type":"Feature","properties":{"seccion":594,"clave":"0594","demarcacion":"San Juan Chapultepec","distrito_local":13,"distrito_federal":8,"area_km2":0.23,"lon":-96.750321,"lat":17.052202,"sustituta":false},"geometry":{"type":"Polygon","coordinates":[[[-96.752097,17.051935],[-96.751973,17.051997],[-96.752147,17.052663],[-96.752121,17.052917],[-96.751971,17.053083],[-96.751541,17.053377],[-96.751305,17.053631],[-96.750986,17.053755],[-96.751536,17.053804],[-96.751672,17.054027],[-96.751108,17.054561],[-96.75068,17.054885],[-96.750586,17.054908],[-96.749698,17.056075],[-96.749434,17.056319],[-96.748744,17.055353],[-96.748851,17.055182],[-96.748866,17.054832],[-96.747797,17.053745],[-96.748786,17.052816],[-96.749134,17.052208],[-96.749221,17.051679],[-96.749422,17.051551],[-96.749478,17.051361],[-96.749276,17.051079],[-96.749119,17.050943],[-96.749179,17.050776],[-96.749187,17.050399],[-96.749099,17.050312],[-96.749085,17.050222],[-96.749101,17.050107],[-96.749188,17.050018],[-96.749538,17.049959],[-96.749628,17.049896],[-96.749205,17.049519],[-96.749191,17.049433],[-96.74909,17.049446],[-96.748904,17.049071],[-96.748787,17.048542],[-96.751306,17.049279],[-96.752137,17.049577],[-96.752029,17.049856],[-96.752245,17.050015],[-96.752829,17.050757],[-96.752726,17.050908],[-96.752637,17.050941],[-96.752577,17.051108],[-96.752483,17.051197],[-96.75212,17.051361],[-96.752146,17.051473],[-96.752097,17.051935]]]}},{"type":"Feature","properties":{"seccion":595,"clave":"0595","demarcacion":"San Juan Chapultepec","distrito_local":13,"distrito_federal":8,"area_km2":0.194,"lon":-96.741086,"lat":17.050321,"sustituta":false},"geometry":{"type":"Polygon","coordinates":[[[-96.742352,17.051108],[-96.742248,17.051208],[-96.74185,17.052148],[-96.742309,17.052253],[-96.742528,17.052456],[-96.742847,17.052999],[-96.742328,17.053108],[-96.742097,17.052801],[-96.741682,17.052688],[-96.741085,17.05261],[-96.741062,17.052774],[-96.740808,17.052982],[-96.738677,17.052624],[-96.738042,17.052581],[-96.738292,17.051346],[-96.739641,17.051911],[-96.739947,17.050481],[-96.740092,17.050359],[-96.740132,17.050185],[-96.73968,17.050016],[-96.740054,17.048633],[-96.741977,17.04639],[-96.742092,17.047054],[-96.74261,17.047509],[-96.743064,17.047836],[-96.742343,17.049206],[-96.742282,17.049399],[-96.742317,17.049526],[-96.7425,17.049635],[-96.742688,17.049855],[-96.742741,17.049992],[-96.742602,17.050315],[-96.742649,17.050569],[-96.742734,17.050723],[-96.742978,17.050886],[-96.743346,17.051031],[-96.74358,17.051043],[-96.743422,17.051567],[-96.742352,17.051108]]]}},{"type":"Feature","properties":{"seccion":596,"clave":"0596","demarcacion":"San Juan Chapultepec","distrito_local":13,"distrito_federal":8,"area_km2":0.26,"lon":-96.738153,"lat":17.048467,"sustituta":false},"geometry":{"type":"Polygon","coordinates":[[[-96.738292,17.051346],[-96.73777,17.051202],[-96.73737,17.051151],[-96.736702,17.051181],[-96.736698,17.050809],[-96.736763,17.0506],[-96.736833,17.050534],[-96.736848,17.050295],[-96.736926,17.050131],[-96.736969,17.05015],[-96.737162,17.049617],[-96.736999,17.049619],[-96.737096,17.049181],[-96.735866,17.049158],[-96.735676,17.04898],[-96.735446,17.048584],[-96.734997,17.047581],[-96.734939,17.047544],[-96.734841,17.046983],[-96.734696,17.04664],[-96.734561,17.046451],[-96.734596,17.046287],[-96.734664,17.046253],[-96.735211,17.046501],[-96.73546,17.046787],[-96.735695,17.046958],[-96.735872,17.046824],[-96.736256,17.046162],[-96.736838,17.046218],[-96.737099,17.046476],[-96.741977,17.04639],[-96.740054,17.048633],[-96.73968,17.050016],[-96.740132,17.050185],[-96.740092,17.050359],[-96.739947,17.050481],[-96.739641,17.051911],[-96.738292,17.051346]]]}},{"type":"Feature","properties":{"seccion":597,"clave":"0597","demarcacion":"San Juan Chapultepec","distrito_local":13,"distrito_federal":8,"area_km2":0.389,"lon":-96.732284,"lat":17.050529,"sustituta":false},"geometry":{"type":"Polygon","coordinates":[[[-96.73512,17.0545],[-96.732065,17.053963],[-96.730174,17.05294],[-96.729651,17.051932],[-96.7299,17.05099],[-96.730003,17.049684],[-96.729977,17.048315],[-96.729564,17.047045],[-96.729054,17.046085],[-96.729563,17.045972],[-96.729999,17.046115],[-96.730803,17.046088],[-96.731681,17.04626],[-96.732535,17.047057],[-96.732597,17.047033],[-96.732477,17.047669],[-96.732339,17.048098],[-96.732315,17.048498],[-96.732369,17.048766],[-96.732698,17.048691],[-96.733382,17.048407],[-96.733514,17.048967],[-96.733616,17.048944],[-96.73439,17.049583],[-96.734943,17.050293],[-96.73518,17.050502],[-96.735576,17.050628],[-96.735841,17.050625],[-96.736062,17.050585],[-96.736657,17.050236],[-96.736848,17.050295],[-96.736833,17.050534],[-96.736763,17.0506],[-96.736698,17.050809],[-96.736702,17.051181],[-96.735067,17.051336],[-96.73527,17.051627],[-96.735181,17.05163],[-96.734665,17.051932],[-96.734863,17.05234],[-96.734503,17.052536],[-96.73484,17.052889],[-96.73493,17.05343],[-96.734747,17.053515],[-96.73491,17.053768],[-96.73512,17.0545]]]}},{"type":"Feature","properties":{"seccion":598,"clave":"0598","demarcacion":"Cabecera Municipal","distrito_local":13,"distrito_federal":8,"area_km2":0.08,"lon":-96.722582,"lat":17.055121,"sustituta":false},"geometry":{"type":"Polygon","coordinates":[[[-96.722647,17.056655],[-96.720734,17.056321],[-96.720923,17.055537],[-96.721383,17.055623],[-96.721766,17.053598],[-96.723184,17.053834],[-96.724307,17.054088],[-96.723862,17.056026],[-96.722814,17.055872],[-96.722647,17.056655]]]}},{"type":"Feature","properties":{"seccion":599,"clave":"0599","demarcacion":"Cabecera Municipal","distrito_local":13,"distrito_federal":8,"area_km2":0.075,"lon":-96.720299,"lat":17.054708,"sustituta":false},"geometry":{"type":"Polygon","coordinates":[[[-96.720923,17.055537],[-96.720734,17.056321],[-96.718932,17.05597],[-96.719448,17.05313],[-96.721766,17.053598],[-96.721383,17.055623],[-96.720923,17.055537]]]}},{"type":"Feature","properties":{"seccion":600,"clave":"0600","demarcacion":"Cabecera Municipal","distrito_local":13,"distrito_federal":8,"area_km2":0.278,"lon":-96.716419,"lat":17.055206,"sustituta":false},"geometry":{"type":"Polygon","coordinates":[[[-96.718593,17.057764],[-96.71299,17.05668],[-96.713115,17.054982],[-96.712911,17.054348],[-96.713407,17.05406],[-96.715561,17.05346],[-96.719565,17.052478],[-96.718593,17.057764]]]}},{"type":"Feature","properties":{"seccion":601,"clave":"0601","demarcacion":"Cinco Señores","distrito_local":13,"distrito_federal":8,"area_km2":0.144,"lon":-96.710998,"lat":17.054221,"sustituta":false},"geometry":{"type":"Polygon","coordinates":[[[-96.709733,17.057522],[-96.709242,17.056905],[-96.710028,17.051932],[-96.711972,17.052229],[-96.713128,17.052347],[-96.712889,17.0541],[-96.712911,17.054348],[-96.712184,17.054813],[-96.711621,17.055311],[-96.710647,17.056397],[-96.709733,17.057522]]]}},{"type":"Feature","properties":{"seccion":602,"clave":"0602","demarcacion":"Cinco Señores","distrito_local":13,"distrito_federal":8,"area_km2":0.136,"lon":-96.708248,"lat":17.053373,"sustituta":false},"geometry":{"type":"Polygon","coordinates":[[[-96.709242,17.056905],[-96.707561,17.054354],[-96.706583,17.053033],[-96.70546,17.051291],[-96.710028,17.051932],[-96.709242,17.056905]]]}},{"type":"Feature","properties":{"seccion":603,"clave":"0603","demarcacion":"Cinco Señores","distrito_local":13,"distrito_federal":8,"area_km2":0.18,"lon":-96.715531,"lat":17.052112,"sustituta":false},"geometry":{"type":"Polygon","coordinates":[[[-96.712911,17.054348],[-96.712889,17.0541],[-96.712964,17.053485],[-96.71349,17.050075],[-96.716682,17.050663],[-96.716584,17.051293],[-96.719692,17.051835],[-96.719565,17.052478],[-96.715561,17.05346],[-96.713407,17.05406],[-96.712911,17.054348]]]}},{"type":"Feature","properties":{"seccion":604,"clave":"0604","demarcacion":"Cabecera Municipal","distrito_local":13,"distrito_federal":8,"area_km2":0.105,"lon":-96.722531,"lat":17.052719,"sustituta":false},"geometry":{"type":"Polygon","coordinates":[[[-96.724307,17.054088],[-96.723184,17.053834],[-96.720707,17.053403],[-96.719448,17.05313],[-96.719565,17.052478],[-96.724491,17.051251],[-96.724636,17.052295],[-96.724307,17.054088]]]}},{"type":"Feature","properties":{"seccion":605,"clave":"0605","demarcacion":"San Juan Chapultepec","distrito_local":13,"distrito_federal":8,"area_km2":0.114,"lon":-96.734535,"lat":17.048497,"sustituta":false},"geometry":{"type":"Polygon","coordinates":[[[-96.732597,17.047033],[-96.732883,17.046979],[-96.732995,17.046886],[-96.733034,17.046441],[-96.734481,17.046367],[-96.734696,17.04664],[-96.734841,17.046983],[-96.734939,17.047544],[-96.734997,17.047581],[-96.735446,17.048584],[-96.735676,17.04898],[-96.735866,17.049158],[-96.737096,17.049181],[-96.736999,17.049619],[-96.737162,17.049617],[-96.736969,17.05015],[-96.736926,17.050131],[-96.736848,17.050295],[-96.736657,17.050236],[-96.736062,17.050585],[-96.735576,17.050628],[-96.73518,17.050502],[-96.734943,17.050293],[-96.73439,17.049583],[-96.733616,17.048944],[-96.733514,17.048967],[-96.733382,17.048407],[-96.732698,17.048691],[-96.732369,17.048766],[-96.732315,17.048498],[-96.732339,17.048098],[-96.732477,17.047669],[-96.732597,17.047033]]]}},{"type":"Feature","properties":{"seccion":606,"clave":"0606","demarcacion":"Cabecera Municipal","distrito_local":13,"distrito_federal":8,"area_km2":0.117,"lon":-96.72544,"lat":17.049303,"sustituta":false},"geometry":{"type":"Polygon","coordinates":[[[-96.724561,17.048115],[-96.725497,17.048203],[-96.725905,17.048274],[-96.725905,17.048323],[-96.726598,17.048415],[-96.726749,17.047811],[-96.727593,17.048008],[-96.727076,17.050196],[-96.726912,17.05067],[-96.725828,17.050976],[-96.724491,17.051251],[-96.72422,17.049568],[-96.723633,17.049508],[-96.723771,17.048405],[-96.723226,17.048328],[-96.72353,17.046938],[-96.72427,17.047918],[-96.724368,17.047861],[-96.724561,17.048115]]]}},{"type":"Feature","properties":{"seccion":607,"clave":"0607","demarcacion":"Cabecera Municipal","distrito_local":13,"distrito_federal":8,"area_km2":0.172,"lon":-96.722409,"lat":17.04953,"sustituta":false},"geometry":{"type":"Polygon","coordinates":[[[-96.72052,17.05224],[-96.721548,17.046449],[-96.723351,17.046666],[-96.72353,17.046938],[-96.723226,17.048328],[-96.723771,17.048405],[-96.723633,17.049508],[-96.72422,17.049568],[-96.724491,17.051251],[-96.72052,17.05224]]]}},{"type":"Feature","properties":{"seccion":608,"clave":"0608","demarcacion":"Cabecera Municipal","distrito_local":13,"distrito_federal":8,"area_km2":0.122,"lon":-96.718982,"lat":17.050482,"sustituta":false},"geometry":{"type":"Polygon","coordinates":[[[-96.719565,17.052478],[-96.719692,17.051835],[-96.716584,17.051293],[-96.716866,17.049489],[-96.718073,17.049708],[-96.718245,17.048804],[-96.721059,17.049286],[-96.72052,17.05224],[-96.719565,17.052478]]]}},{"type":"Feature","properties":{"seccion":609,"clave":"0609","demarcacion":"Cinco Señores","distrito_local":13,"distrito_federal":8,"area_km2":1.081,"lon":-96.709671,"lat":17.045989,"sustituta":false},"geometry":{"type":"Polygon","coordinates":[[[-96.704541,17.050686],[-96.70586,17.048358],[-96.706835,17.043582],[-96.70685,17.043093],[-96.705866,17.039356],[-96.70577,17.038694],[-96.705787,17.038173],[-96.705965,17.037254],[-96.707511,17.038433],[-96.709524,17.039868],[-96.713054,17.042311],[-96.713581,17.042617],[-96.713992,17.043196],[-96.714333,17.043832],[-96.714333,17.044552],[-96.713128,17.052347],[-96.711972,17.052229],[-96.70546,17.051291],[-96.705203,17.051054],[-96.704541,17.050686]]]}},{"type":"Feature","properties":{"seccion":610,"clave":"0610","demarcacion":"Cinco Señores","distrito_local":13,"distrito_federal":8,"area_km2":0.236,"lon":-96.715563,"lat":17.047558,"sustituta":false},"geometry":{"type":"Polygon","coordinates":[[[-96.716682,17.050663],[-96.71349,17.050075],[-96.714363,17.044168],[-96.714333,17.043832],[-96.713992,17.043196],[-96.714382,17.043297],[-96.716792,17.0455],[-96.717029,17.045815],[-96.717074,17.046207],[-96.717052,17.046671],[-96.717989,17.046781],[-96.717856,17.047584],[-96.716951,17.04747],[-96.716879,17.048549],[-96.718245,17.048804],[-96.718073,17.049708],[-96.716866,17.049489],[-96.716682,17.050663]]]}},{"type":"Feature","properties":{"seccion":611,"clave":"0611","demarcacion":"Candiani","distrito_local":13,"distrito_federal":8,"area_km2":0.095,"lon":-96.719304,"lat":17.048001,"sustituta":false},"geometry":{"type":"Polygon","coordinates":[[[-96.721419,17.047174],[-96.721059,17.049286],[-96.716879,17.048549],[-96.716951,17.04747],[-96.717856,17.047584],[-96.717989,17.046781],[-96.721419,17.047174]]]}},{"type":"Feature","properties":{"seccion":612,"clave":"0612","demarcacion":"Cabecera Municipal","distrito_local":13,"distrito_federal":8,"area_km2":0.068,"lon":-96.725621,"lat":17.047346,"sustituta":false},"geometry":{"type":"Polygon","coordinates":[[[-96.725497,17.048203],[-96.724561,17.048115],[-96.724368,17.047861],[-96.72427,17.047918],[-96.723185,17.046412],[-96.727823,17.046869],[-96.727593,17.048008],[-96.726749,17.047811],[-96.726598,17.048415],[-96.725905,17.048323],[-96.725905,17.048274],[-96.725497,17.048203]]]}},{"type":"Feature","properties":{"seccion":613,"clave":"0613","demarcacion":"Candiani","distrito_local":13,"distrito_federal":8,"area_km2":0.118,"lon":-96.71924,"lat":17.045915,"sustituta":false},"geometry":{"type":"Polygon","coordinates":[[[-96.721419,17.047174],[-96.717052,17.046671],[-96.717074,17.046207],[-96.717029,17.045815],[-96.716792,17.0455],[-96.715601,17.044406],[-96.720601,17.045209],[-96.720532,17.045643],[-96.722929,17.046056],[-96.723351,17.046666],[-96.721548,17.046449],[-96.721419,17.047174]]]}},{"type":"Feature","properties":{"seccion":614,"clave":"0614","demarcacion":"Candiani","distrito_local":13,"distrito_federal":8,"area_km2":0.114,"lon":-96.720095,"lat":17.044106,"sustituta":false},"geometry":{"type":"Polygon","coordinates":[[[-96.722929,17.046056],[-96.720532,17.045643],[-96.720601,17.045209],[-96.718092,17.044789],[-96.718178,17.043501],[-96.718168,17.042582],[-96.720199,17.042236],[-96.722929,17.046056]]]}},{"type":"Feature","properties":{"seccion":615,"clave":"0615","demarcacion":"Candiani","distrito_local":13,"distrito_federal":8,"area_km2":1.091,"lon":-96.712726,"lat":17.038105,"sustituta":false},"geometry":{"type":"Polygon","coordinates":[[[-96.718092,17.044789],[-96.715601,17.044406],[-96.714382,17.043297],[-96.713992,17.043196],[-96.713581,17.042617],[-96.713054,17.042311],[-96.709524,17.039868],[-96.707511,17.038433],[-96.705965,17.037254],[-96.707121,17.032926],[-96.707714,17.032047],[-96.71383,17.033395],[-96.720199,17.042236],[-96.718168,17.042582],[-96.718178,17.043501],[-96.718092,17.044789]]]}},{"type":"Feature","properties":{"seccion":616,"clave":"0616","demarcacion":"Trinidad de Viguera","distrito_local":14,"distrito_federal":8,"area_km2":13.983,"lon":-96.733144,"lat":17.128275,"sustituta":true,"confianza":"alta","secciones_sucesoras":[2585,2586,2587],"nota":"Contiene la colonia Viguera al cien por ciento. Es la seccion mas grande, casi 14 km2."},"geometry":{"type":"Polygon","coordinates":[[[-96.749366,17.10918],[-96.750634,17.108805],[-96.751364,17.108736],[-96.751746,17.108768],[-96.752448,17.108989],[-96.75291,17.109197],[-96.75328,17.109509],[-96.753415,17.110377],[-96.753417,17.110948],[-96.753477,17.111259],[-96.752775,17.111526],[-96.752825,17.11194],[-96.752709,17.112157],[-96.753043,17.113029],[-96.752096,17.113337],[-96.752434,17.114226],[-96.752451,17.114374],[-96.753054,17.116121],[-96.752948,17.116381],[-96.751924,17.116349],[-96.751507,17.117416],[-96.751038,17.117385],[-96.750236,17.120121],[-96.748965,17.119819],[-96.748183,17.119306],[-96.748255,17.120841],[-96.747706,17.122339],[-96.747443,17.123454],[-96.747258,17.123669],[-96.747606,17.123783],[-96.748026,17.123829],[-96.747972,17.124785],[-96.747141,17.124721],[-96.746759,17.124798],[-96.746356,17.124752],[-96.746365,17.124963],[-96.746514,17.12508],[-96.746643,17.125105],[-96.746723,17.125289],[-96.746618,17.12546],[-96.746953,17.125556],[-96.747295,17.125877],[-96.747408,17.126073],[-96.748165,17.12675],[-96.748293,17.126981],[-96.748371,17.127268],[-96.748702,17.127175],[-96.748851,17.12705],[-96.749076,17.126722],[-96.749227,17.126393],[-96.749409,17.126245],[-96.749566,17.126161],[-96.749894,17.126117],[-96.750302,17.1262],[-96.750588,17.126314],[-96.752832,17.127614],[-96.753142,17.12772],[-96.753969,17.127753],[-96.758126,17.127529],[-96.758037,17.127652],[-96.755748,17.12971],[-96.756425,17.129745],[-96.756841,17.130825],[-96.757048,17.131055],[-96.756838,17.131077],[-96.756298,17.131341],[-96.756244,17.131468],[-96.7562,17.131976],[-96.757672,17.13242],[-96.757968,17.133256],[-96.757616,17.133837],[-96.757384,17.13403],[-96.757408,17.134188],[-96.757333,17.134453],[-96.757476,17.134562],[-96.757454,17.135104],[-96.757008,17.135277],[-96.754787,17.135277],[-96.752833,17.135193],[-96.750125,17.136548],[-96.749919,17.13671],[-96.749182,17.137673],[-96.749018,17.137767],[-96.74872,17.138077],[-96.747513,17.138296],[-96.747121,17.138484],[-96.746614,17.13861],[-96.745884,17.139155],[-96.744583,17.138504],[-96.743046,17.138281],[-96.742191,17.138313],[-96.741049,17.138713],[-96.740306,17.139035],[-96.74002,17.139279],[-96.739558,17.140098],[-96.738181,17.141608],[-96.737209,17.142093],[-96.736923,17.142172],[-96.736581,17.142209],[-96.735784,17.14216],[-96.735213,17.142277],[-96.734755,17.142602],[-96.734182,17.143173],[-96.733609,17.143538],[-96.733209,17.143698],[-96.732809,17.143941],[-96.731609,17.144382],[-96.731038,17.14454],[-96.730524,17.144741],[-96.730181,17.144943],[-96.728753,17.145464],[-96.728523,17.14575],[-96.728122,17.146116],[-96.727432,17.146974],[-96.726803,17.147297],[-96.725772,17.148028],[-96.725087,17.14835],[-96.72343,17.14895],[-96.722801,17.149232],[-96.720975,17.149624],[-96.720179,17.149327],[-96.719609,17.149363],[-96.718812,17.149272],[-96.718355,17.149473],[-96.717442,17.14971],[-96.717154,17.15016],[-96.716866,17.150487],[-96.715838,17.150929],[-96.714928,17.15059],[-96.714532,17.150256],[-96.713964,17.14992],[-96.713738,17.149629],[-96.713571,17.14905],[-96.713234,17.148387],[-96.71273,17.147022],[-96.712281,17.146028],[-96.712169,17.145698],[-96.712116,17.145244],[-96.712405,17.144588],[-96.713495,17.143446],[-96.713955,17.142874],[-96.714014,17.142586],[-96.71396,17.142214],[-96.713737,17.14147],[-96.713511,17.141138],[-96.713457,17.140726],[-96.713686,17.140522],[-96.713745,17.140234],[-96.714206,17.139456],[-96.714435,17.139335],[-96.714667,17.13872],[-96.715069,17.138229],[-96.715073,17.137694],[-96.71519,17.137201],[-96.715421,17.136791],[-96.715257,17.135841],[-96.71515,17.13481],[-96.715153,17.134275],[-96.715613,17.133703],[-96.715558,17.133372],[-96.715561,17.13296],[-96.715735,17.13255],[-96.715797,17.131768],[-96.716086,17.131194],[-96.715976,17.130616],[-96.716322,17.129961],[-96.717098,17.124777],[-96.718938,17.122283],[-96.717834,17.117038],[-96.715561,17.11619],[-96.715513,17.114929],[-96.715794,17.114845],[-96.716247,17.114369],[-96.716304,17.114053],[-96.716256,17.11261],[-96.716308,17.11223],[-96.717011,17.111222],[-96.717195,17.111112],[-96.717428,17.111107],[-96.718999,17.111852],[-96.720497,17.113061],[-96.721538,17.11417],[-96.721862,17.114275],[-96.722065,17.114185],[-96.722201,17.114048],[-96.722456,17.113544],[-96.722678,17.113408],[-96.722947,17.113356],[-96.723425,17.113389],[-96.723606,17.113511],[-96.724079,17.114014],[-96.724192,17.1142],[-96.7254,17.114877],[-96.725523,17.115053],[-96.725747,17.116281],[-96.725898,17.116495],[-96.726243,17.116508],[-96.72661,17.116235],[-96.726892,17.115898],[-96.72673,17.11503],[-96.726706,17.114652],[-96.726779,17.11421],[-96.726734,17.113943],[-96.726167,17.112471],[-96.726087,17.112028],[-96.726117,17.111881],[-96.726214,17.11179],[-96.726349,17.111754],[-96.72655,17.111748],[-96.728617,17.112738],[-96.728931,17.112898],[-96.729577,17.113394],[-96.729845,17.113434],[-96.730481,17.11312],[-96.731227,17.113067],[-96.73346,17.113201],[-96.733601,17.113298],[-96.735484,17.115229],[-96.735773,17.114957],[-96.73587,17.114534],[-96.735782,17.114179],[-96.735486,17.113561],[-96.73547,17.113233],[-96.735392,17.113104],[-96.735283,17.11249],[-96.735409,17.112296],[-96.735671,17.112147],[-96.73573,17.111985],[-96.735866,17.111878],[-96.735937,17.11165],[-96.736121,17.11137],[-96.736194,17.110958],[-96.736117,17.110805],[-96.736097,17.110576],[-96.736247,17.110285],[-96.736284,17.110035],[-96.736076,17.10972],[-96.735738,17.109397],[-96.735606,17.109187],[-96.735504,17.108656],[-96.735388,17.108347],[-96.735365,17.107928],[-96.736136,17.107935],[-96.736312,17.107993],[-96.736495,17.108113],[-96.736507,17.108308],[-96.736592,17.10842],[-96.736774,17.108363],[-96.737074,17.108373],[-96.737182,17.108406],[-96.737228,17.108476],[-96.737367,17.108314],[-96.737591,17.108337],[-96.737899,17.108278],[-96.738342,17.108353],[-96.738458,17.108209],[-96.738503,17.107948],[-96.738584,17.107862],[-96.738659,17.10742],[-96.738811,17.107248],[-96.738944,17.107222],[-96.739149,17.106973],[-96.739242,17.10678],[-96.739187,17.106727],[-96.740024,17.106097],[-96.74038,17.105983],[-96.740561,17.106196],[-96.740818,17.106201],[-96.741134,17.106304],[-96.741268,17.106431],[-96.741431,17.106672],[-96.741678,17.106843],[-96.741718,17.106966],[-96.741635,17.107218],[-96.741903,17.107278],[-96.741991,17.107581],[-96.742209,17.107455],[-96.742607,17.107366],[-96.742366,17.107676],[-96.742453,17.107833],[-96.742572,17.10786],[-96.742992,17.107737],[-96.743274,17.107503],[-96.743574,17.108237],[-96.743618,17.108258],[-96.74416,17.110227],[-96.744297,17.110496],[-96.745027,17.110427],[-96.74571,17.110535],[-96.745985,17.110641],[-96.745986,17.110849],[-96.746055,17.110916],[-96.746652,17.110651],[-96.746977,17.110427],[-96.747586,17.11029],[-96.747971,17.110329],[-96.748231,17.109794],[-96.748867,17.109411],[-96.749366,17.10918]]]}},{"type":"Feature","properties":{"seccion":2454,"clave":"2454","demarcacion":"Cabecera Municipal","distrito_local":12,"distrito_federal":8,"area_km2":0.036,"lon":-96.706541,"lat":17.074388,"sustituta":false},"geometry":{"type":"Polygon","coordinates":[[[-96.706189,17.0733],[-96.706048,17.072731],[-96.705948,17.072545],[-96.706971,17.072648],[-96.707046,17.075871],[-96.706039,17.076144],[-96.705946,17.074676],[-96.706212,17.074687],[-96.70623,17.074319],[-96.706396,17.074341],[-96.706474,17.073961],[-96.706144,17.073933],[-96.706136,17.073618],[-96.706189,17.0733]]]}},{"type":"Feature","properties":{"seccion":2470,"clave":"2470","demarcacion":"Pueblo Nuevo","distrito_local":14,"distrito_federal":8,"area_km2":0.283,"lon":-96.760998,"lat":17.131654,"sustituta":false},"geometry":{"type":"Polygon","coordinates":[[[-96.76016,17.133201],[-96.7562,17.131976],[-96.756244,17.131468],[-96.756298,17.131341],[-96.756838,17.131077],[-96.757048,17.131055],[-96.756841,17.130825],[-96.75658,17.130207],[-96.758237,17.1296],[-96.758132,17.129332],[-96.760054,17.128646],[-96.759813,17.130545],[-96.759885,17.130584],[-96.760382,17.131769],[-96.762787,17.13064],[-96.763063,17.130553],[-96.763822,17.130565],[-96.764102,17.13062],[-96.764392,17.131582],[-96.765782,17.13118],[-96.76587,17.131596],[-96.766384,17.132994],[-96.765737,17.133257],[-96.762566,17.133251],[-96.761132,17.133305],[-96.760742,17.133524],[-96.760436,17.133435],[-96.760433,17.133334],[-96.76016,17.133201]]]}},{"type":"Feature","properties":{"seccion":2471,"clave":"2471","demarcacion":"Pueblo Nuevo","distrito_local":14,"distrito_federal":8,"area_km2":0.201,"lon":-96.767184,"lat":17.130607,"sustituta":false},"geometry":{"type":"Polygon","coordinates":[[[-96.766384,17.132994],[-96.76587,17.131596],[-96.765782,17.13118],[-96.764392,17.131582],[-96.764102,17.13062],[-96.764226,17.130559],[-96.764262,17.130363],[-96.764419,17.130044],[-96.765526,17.128689],[-96.765487,17.128548],[-96.7656,17.128481],[-96.766458,17.128234],[-96.769974,17.130396],[-96.770864,17.13092],[-96.771248,17.131091],[-96.766384,17.132994]]]}},{"type":"Feature","properties":{"seccion":2472,"clave":"2472","demarcacion":"Pueblo Nuevo","distrito_local":14,"distrito_federal":8,"area_km2":0.227,"lon":-96.762662,"lat":17.128952,"sustituta":false},"geometry":{"type":"Polygon","coordinates":[[[-96.764102,17.13062],[-96.763822,17.130565],[-96.763063,17.130553],[-96.762787,17.13064],[-96.760382,17.131769],[-96.759885,17.130584],[-96.759813,17.130545],[-96.760051,17.128778],[-96.760057,17.128469],[-96.760665,17.128119],[-96.761796,17.127578],[-96.761919,17.127408],[-96.762449,17.127154],[-96.762565,17.127048],[-96.762738,17.125927],[-96.766458,17.128234],[-96.765487,17.128548],[-96.765526,17.128689],[-96.764419,17.130044],[-96.764262,17.130363],[-96.764226,17.130559],[-96.764102,17.13062]]]}},{"type":"Feature","properties":{"seccion":2473,"clave":"2473","demarcacion":"Pueblo Nuevo","distrito_local":14,"distrito_federal":8,"area_km2":0.259,"lon":-96.765596,"lat":17.126249,"sustituta":false},"geometry":{"type":"Polygon","coordinates":[[[-96.761199,17.124991],[-96.764188,17.122518],[-96.766843,17.125693],[-96.768177,17.127381],[-96.771248,17.131091],[-96.770864,17.13092],[-96.769974,17.130396],[-96.765043,17.127374],[-96.764045,17.126708],[-96.761199,17.124991]]]}},{"type":"Feature","properties":{"seccion":2474,"clave":"2474","demarcacion":"Pueblo Nuevo","distrito_local":14,"distrito_federal":8,"area_km2":0.399,"lon":-96.760402,"lat":17.124978,"sustituta":false},"geometry":{"type":"Polygon","coordinates":[[[-96.761919,17.127408],[-96.761796,17.127578],[-96.760665,17.128119],[-96.760057,17.128469],[-96.760054,17.128646],[-96.758132,17.129332],[-96.758237,17.1296],[-96.75658,17.130207],[-96.756425,17.129745],[-96.755748,17.12971],[-96.758037,17.127652],[-96.758126,17.127529],[-96.758494,17.127276],[-96.758007,17.126257],[-96.757769,17.125566],[-96.758024,17.125393],[-96.757937,17.125276],[-96.758087,17.125164],[-96.758221,17.12476],[-96.758413,17.124579],[-96.758487,17.124121],[-96.758883,17.123904],[-96.759101,17.1237],[-96.759209,17.122849],[-96.759263,17.122778],[-96.759724,17.122521],[-96.760016,17.122217],[-96.760687,17.120716],[-96.761391,17.119912],[-96.76186,17.119506],[-96.764188,17.122518],[-96.761199,17.124991],[-96.762738,17.125927],[-96.762565,17.127048],[-96.762449,17.127154],[-96.761919,17.127408]]]}},{"type":"Feature","properties":{"seccion":2475,"clave":"2475","demarcacion":"Pueblo Nuevo","distrito_local":14,"distrito_federal":8,"area_km2":0.235,"lon":-96.767424,"lat":17.123179,"sustituta":false},"geometry":{"type":"Polygon","coordinates":[[[-96.771123,17.124384],[-96.768396,17.125129],[-96.768077,17.125167],[-96.768334,17.125598],[-96.767041,17.125948],[-96.764188,17.122518],[-96.767067,17.120066],[-96.771123,17.124384]]]}},{"type":"Feature","properties":{"seccion":2476,"clave":"2476","demarcacion":"Pueblo Nuevo","distrito_local":14,"distrito_federal":8,"area_km2":0.351,"lon":-96.765469,"lat":17.118615,"sustituta":false},"geometry":{"type":"Polygon","coordinates":[[[-96.764188,17.122518],[-96.76186,17.119506],[-96.762031,17.11933],[-96.762339,17.118527],[-96.762463,17.118339],[-96.762971,17.118193],[-96.763133,17.118041],[-96.763003,17.117219],[-96.762296,17.115311],[-96.76269,17.115277],[-96.764247,17.116953],[-96.767202,17.115947],[-96.767951,17.115894],[-96.768887,17.115939],[-96.769174,17.116747],[-96.769334,17.117605],[-96.769347,17.117986],[-96.769234,17.118239],[-96.764188,17.122518]]]}},{"type":"Feature","properties":{"seccion":2477,"clave":"2477","demarcacion":"Santa Rosa Panzacola","distrito_local":14,"distrito_federal":8,"area_km2":0.325,"lon":-96.738127,"lat":17.104732,"sustituta":false},"geometry":{"type":"Polygon","coordinates":[[[-96.73516,17.103224],[-96.735459,17.103214],[-96.73606,17.102997],[-96.736388,17.102988],[-96.736522,17.102754],[-96.736523,17.102627],[-96.736663,17.102474],[-96.736702,17.10233],[-96.73682,17.102279],[-96.736874,17.102373],[-96.736992,17.102434],[-96.737266,17.102461],[-96.737349,17.102394],[-96.737577,17.102341],[-96.738425,17.10238],[-96.738548,17.102267],[-96.739517,17.102417],[-96.739789,17.102416],[-96.740004,17.102287],[-96.740233,17.102021],[-96.740402,17.101625],[-96.740708,17.101592],[-96.740892,17.101454],[-96.74107,17.101452],[-96.741327,17.101754],[-96.741433,17.101815],[-96.742481,17.10207],[-96.742919,17.102406],[-96.74281,17.102755],[-96.742691,17.102854],[-96.742772,17.102996],[-96.742668,17.103069],[-96.74223,17.103305],[-96.741921,17.103286],[-96.741424,17.10335],[-96.741526,17.103682],[-96.741293,17.103806],[-96.740555,17.103987],[-96.739946,17.104353],[-96.739047,17.105097],[-96.738956,17.105293],[-96.73872,17.10558],[-96.738695,17.105796],[-96.739071,17.10557],[-96.738951,17.105837],[-96.739035,17.106214],[-96.739104,17.106306],[-96.739131,17.10667],[-96.739242,17.10678],[-96.739149,17.106973],[-96.738944,17.107222],[-96.738811,17.107248],[-96.738659,17.10742],[-96.738584,17.107862],[-96.738503,17.107948],[-96.738458,17.108209],[-96.738342,17.108353],[-96.737899,17.108278],[-96.737591,17.108337],[-96.737367,17.108314],[-96.737228,17.108476],[-96.737182,17.108406],[-96.737074,17.108373],[-96.736774,17.108363],[-96.736592,17.10842],[-96.736507,17.108308],[-96.736495,17.108113],[-96.736136,17.107935],[-96.735365,17.107928],[-96.735375,17.107648],[-96.735128,17.10695],[-96.735124,17.106718],[-96.735238,17.106137],[-96.735542,17.105449],[-96.735616,17.10483],[-96.735235,17.103939],[-96.73516,17.103224]]]}},{"type":"Feature","properties":{"seccion":2478,"clave":"2478","demarcacion":"Santa Rosa Panzacola","distrito_local":14,"distrito_federal":8,"area_km2":0.374,"lon":-96.745006,"lat":17.099023,"sustituta":false},"geometry":{"type":"Polygon","coordinates":[[[-96.741986,17.100193],[-96.742328,17.099844],[-96.742434,17.099407],[-96.742422,17.099025],[-96.742073,17.098293],[-96.741888,17.098065],[-96.740928,17.097568],[-96.741075,17.097398],[-96.741215,17.097329],[-96.741997,17.097102],[-96.742673,17.09658],[-96.743139,17.096568],[-96.743451,17.096704],[-96.743667,17.096642],[-96.744021,17.09672],[-96.744108,17.096695],[-96.744605,17.096994],[-96.744733,17.096852],[-96.744845,17.096611],[-96.7457,17.09648],[-96.74573,17.096662],[-96.746381,17.096523],[-96.74644,17.096861],[-96.747464,17.096398],[-96.747322,17.09608],[-96.749385,17.096149],[-96.749964,17.097429],[-96.748243,17.098009],[-96.74773,17.098303],[-96.747359,17.09861],[-96.74716,17.098848],[-96.746597,17.099189],[-96.746686,17.099291],[-96.747286,17.100717],[-96.746572,17.100985],[-96.746242,17.101756],[-96.745775,17.101868],[-96.744623,17.101912],[-96.744487,17.102101],[-96.744398,17.102376],[-96.744281,17.102557],[-96.743632,17.10284],[-96.743125,17.102939],[-96.742532,17.103277],[-96.742331,17.103471],[-96.742185,17.10353],[-96.742037,17.1035],[-96.741526,17.103682],[-96.741424,17.10335],[-96.742303,17.103286],[-96.742772,17.102996],[-96.742691,17.102854],[-96.74281,17.102755],[-96.742919,17.102406],[-96.742795,17.102001],[-96.742773,17.101516],[-96.742655,17.101486],[-96.742041,17.101068],[-96.741949,17.10038],[-96.741986,17.100193]]]}},{"type":"Feature","properties":{"seccion":2479,"clave":"2479","demarcacion":"Santa Rosa Panzacola","distrito_local":14,"distrito_federal":8,"area_km2":0.245,"lon":-96.739686,"lat":17.100247,"sustituta":false},"geometry":{"type":"Polygon","coordinates":[[[-96.736396,17.102962],[-96.735822,17.103054],[-96.735333,17.103238],[-96.73516,17.103224],[-96.735119,17.103127],[-96.73569,17.102417],[-96.73651,17.10165],[-96.736638,17.10143],[-96.737377,17.100536],[-96.737544,17.100435],[-96.737726,17.100526],[-96.737849,17.100474],[-96.738269,17.099972],[-96.738628,17.099203],[-96.73916,17.09878],[-96.739267,17.098375],[-96.739296,17.097888],[-96.739227,17.096623],[-96.739276,17.094963],[-96.739365,17.095594],[-96.739465,17.095959],[-96.739485,17.096514],[-96.740186,17.097321],[-96.740236,17.09752],[-96.740221,17.098069],[-96.740386,17.097913],[-96.740928,17.097568],[-96.741888,17.098065],[-96.742073,17.098293],[-96.742422,17.099025],[-96.742446,17.099231],[-96.742328,17.099844],[-96.741986,17.100193],[-96.741949,17.10038],[-96.742041,17.101068],[-96.742655,17.101486],[-96.742773,17.101516],[-96.742795,17.102001],[-96.742919,17.102406],[-96.742481,17.10207],[-96.741433,17.101815],[-96.741327,17.101754],[-96.74107,17.101452],[-96.740892,17.101454],[-96.740708,17.101592],[-96.740402,17.101625],[-96.740233,17.102021],[-96.740004,17.102287],[-96.739789,17.102416],[-96.739517,17.102417],[-96.738548,17.102267],[-96.738425,17.10238],[-96.737577,17.102341],[-96.737349,17.102394],[-96.737266,17.102461],[-96.736992,17.102434],[-96.736874,17.102373],[-96.73682,17.102279],[-96.736702,17.10233],[-96.736663,17.102474],[-96.736523,17.102627],[-96.736522,17.102754],[-96.736396,17.102962]]]}},{"type":"Feature","properties":{"seccion":2480,"clave":"2480","demarcacion":"Montoya","distrito_local":13,"distrito_federal":8,"area_km2":0.262,"lon":-96.757722,"lat":17.06745,"sustituta":false},"geometry":{"type":"Polygon","coordinates":[[[-96.754116,17.070056],[-96.753316,17.068954],[-96.754313,17.068657],[-96.755503,17.068209],[-96.756162,17.068189],[-96.756944,17.068071],[-96.756955,17.067122],[-96.75577,17.064757],[-96.757352,17.063762],[-96.75895,17.064047],[-96.758825,17.065532],[-96.75887,17.065579],[-96.758789,17.066187],[-96.758303,17.066122],[-96.758236,17.06655],[-96.761062,17.067016],[-96.76088,17.067891],[-96.760445,17.068105],[-96.760402,17.068617],[-96.760643,17.068746],[-96.760263,17.069725],[-96.760103,17.069272],[-96.759247,17.069714],[-96.759192,17.070068],[-96.758193,17.069915],[-96.758202,17.069877],[-96.757581,17.069665],[-96.757293,17.069854],[-96.757013,17.069857],[-96.756897,17.06974],[-96.756768,17.069678],[-96.756608,17.069693],[-96.756609,17.069642],[-96.755531,17.069541],[-96.754504,17.069631],[-96.754116,17.070056]]]}},{"type":"Feature","properties":{"seccion":2481,"clave":"2481","demarcacion":"Montoya","distrito_local":13,"distrito_federal":8,"area_km2":0.538,"lon":-96.764261,"lat":17.064738,"sustituta":false},"geometry":{"type":"Polygon","coordinates":[[[-96.761202,17.064256],[-96.762331,17.064163],[-96.762488,17.0615],[-96.768347,17.061506],[-96.768696,17.067363],[-96.768345,17.067408],[-96.768165,17.067377],[-96.767682,17.067545],[-96.766174,17.067162],[-96.766139,17.067091],[-96.765812,17.066913],[-96.765623,17.06626],[-96.765524,17.066117],[-96.765336,17.065993],[-96.765122,17.065952],[-96.764737,17.066064],[-96.764548,17.066263],[-96.764338,17.066394],[-96.763798,17.066608],[-96.763843,17.067084],[-96.763809,17.067293],[-96.763717,17.067416],[-96.763301,17.067688],[-96.76315,17.067766],[-96.761718,17.067789],[-96.761363,17.067838],[-96.761296,17.068257],[-96.761178,17.068557],[-96.760982,17.06849],[-96.760777,17.068507],[-96.760742,17.068573],[-96.7607,17.068566],[-96.760643,17.068746],[-96.760402,17.068617],[-96.760445,17.068105],[-96.76088,17.067891],[-96.761062,17.067016],[-96.758236,17.06655],[-96.758303,17.066122],[-96.758789,17.066187],[-96.75887,17.065579],[-96.758825,17.065532],[-96.75895,17.064047],[-96.761202,17.064256]]]}}]}